window_id,sub_ID,anchor_date,audit_sub_age,audit_sub_sex,audit_sup_ID,future_actual_efficacy_mean_30d,diff_performance_mean_30d,absdiff_performance_mean_30d,diff_performance_std_30d,absdiff_performance_std_30d,diff_performance_trend_30d,absdiff_performance_trend_30d,diff_attendance_rate_30d,absdiff_attendance_rate_30d,diff_positive_behavior_count_30d,absdiff_positive_behavior_count_30d,diff_negative_behavior_count_30d,absdiff_negative_behavior_count_30d,discrepancy_index_z,behavior_information_loss,Linear_Regression_abs_prediction_divergence,Linear_Regression_error_degradation,Random_Forest_abs_prediction_divergence,Random_Forest_error_degradation,XGBoost_abs_prediction_divergence,XGBoost_error_degradation
98000001_2022-03-26,98000001,2022-03-26,40,F,98000216.0,0.8997222222222222,0.012149999999999994,0.012149999999999994,0.03397341322385472,0.03397341322385472,0.010229596412556219,0.010229596412556219,0.0,0.0,-1.0,1.0,0.0,0.0,-0.04305678173427569,1.0,0.007145755115810837,-0.007145755115810837,0.0024660799881587314,-0.0024660799881587314,0.007822215557098389,0.007822215557098389
98000002_2022-03-26,98000002,2022-03-26,61,F,98000216.0,0.3413,-0.02114285714285702,0.02114285714285702,-0.017170416432205793,0.017170416432205793,0.2625090851131655,0.2625090851131655,0.0,0.0,0.0,0.0,-1.0,1.0,1.0392528487817791,1.0,0.02136683607823897,-0.02136683607823897,0.031825450940569544,0.031825450940569544,0.040995121002197266,-0.040995121002197266
98000003_2022-03-26,98000003,2022-03-26,20,F,98000216.0,0.6967368421052632,-0.01319999999999999,0.01319999999999999,0.01798447135769579,0.01798447135769579,-0.006245400509482205,0.006245400509482205,0.0,0.0,0.0,0.0,0.0,0.0,-0.4703023654822953,0.0,0.010235584278918686,0.010235584278918686,0.03627759291015831,0.0007341550351506188,0.01692676544189453,-0.002598226647627877
98000004_2022-03-26,98000004,2022-03-26,18,F,98000216.0,0.437,-0.0007619047619047969,0.0007619047619047969,0.0021260859736011994,0.0021260859736011994,0.0839502709595155,0.0839502709595155,0.0,0.0,-1.0,1.0,0.0,0.0,-0.16577903295267324,1.0,0.003079631790857129,0.003079631790857129,0.00796532653264892,-0.00796532653264892,0.005263805389404297,-0.005263805389404297
98000005_2022-03-26,98000005,2022-03-26,59,F,98000216.0,0.5426,-0.028571428571428692,0.028571428571428692,-0.0280645435858764,0.0280645435858764,0.06693911380299651,0.06693911380299651,0.0,0.0,0.0,0.0,0.0,0.0,-0.06407979432378659,0.0,0.0163785036873364,0.0163785036873364,0.06256568117733857,0.06256568117733857,0.01233866810798645,0.01233866810798645
98000006_2022-03-26,98000006,2022-03-26,28,F,98000216.0,0.8355238095238097,0.00594736842105259,0.00594736842105259,0.0373240163794111,0.0373240163794111,-0.05068563549761862,0.05068563549761862,0.0,0.0,0.0,0.0,0.0,0.0,-0.2824536395453319,0.0,0.006029940726467342,-0.006029940726467342,0.0013823694814293352,0.0013823694814293352,0.01054239273071289,-0.01054239273071289
98000007_2022-03-26,98000007,2022-03-26,50,M,98000216.0,0.5004210526315789,-0.003190476190476188,0.003190476190476188,0.01508095390738809,0.01508095390738809,-0.047515141855275694,0.047515141855275694,0.0,0.0,0.0,0.0,0.0,0.0,-0.47376393481182016,0.0,0.006016750625214506,-0.006016750625214506,0.026629813637001065,-0.026629813637001065,0.007095932960510254,-0.007095932960510254
98000009_2022-03-26,98000009,2022-03-26,28,M,98000443.0,0.429952380952381,-0.03684210526315779,0.03684210526315779,-0.0421729320651551,0.0421729320651551,0.083153724247227,0.083153724247227,0.0,0.0,0.0,0.0,-1.0,1.0,0.8511820387876526,1.0,0.025108432513808454,-0.025108432513808454,0.07840128147386993,-0.07840128147386993,0.01627570390701294,-0.01627570390701294
98000010_2022-03-26,98000010,2022-03-26,29,M,98000443.0,0.5912857142857143,-0.016047619047618977,0.016047619047618977,0.0446932847840919,0.0446932847840919,0.07283583041122083,0.07283583041122083,0.0,0.0,0.0,0.0,0.0,0.0,-0.062138029716300315,0.0,0.013242868771608074,-0.013242868771608074,0.024515420960192325,-0.024515420960192325,0.004777789115905762,0.004777789115905762
98000011_2022-03-26,98000011,2022-03-26,46,M,98000443.0,0.6729999999999998,0.010649999999999937,0.010649999999999937,0.052912218185598714,0.052912218185598714,-0.026911451124163266,0.026911451124163266,0.0,0.0,0.0,0.0,-1.0,1.0,0.48926821644722507,1.0,0.011223900067354742,0.011223900067354742,0.018929911760124485,-0.018929911760124485,0.02931112051010132,0.02931112051010132
98000012_2022-03-26,98000012,2022-03-26,53,F,98000443.0,0.5620999999999999,0.00261904761904741,0.00261904761904741,-0.005235859072497795,0.005235859072497795,0.029423334395919508,0.029423334395919508,0.0,0.0,0.0,0.0,0.0,0.0,-0.6004158967141838,0.0,0.00841817030890235,0.00841817030890235,0.06497811371008877,0.015261627755536744,0.010420441627502441,0.010420441627502441
98000013_2022-03-26,98000013,2022-03-26,38,M,98000443.0,0.776,0.02314285714285702,0.02314285714285702,0.035329037467161595,0.035329037467161595,0.0839607905642338,0.0839607905642338,0.0,0.0,-2.0,2.0,0.0,0.0,0.6118041182570123,2.0,0.010933688847685863,0.010933688847685863,0.014398775598780222,-0.014398775598780222,0.01474761962890625,-0.01474761962890625
98000015_2022-03-26,98000015,2022-03-26,62,M,98000443.0,0.6857,-0.043714285714285595,0.043714285714285595,-0.0739303263933066,0.0739303263933066,0.1485817660184893,0.1485817660184893,0.0,0.0,0.0,0.0,0.0,0.0,0.6477816227626255,0.0,0.03137192646752851,0.03137192646752851,0.050041726350365634,0.050041726350365634,0.011617183685302734,0.011617183685302734
98000017_2022-03-26,98000017,2022-03-26,31,F,98000351.0,0.599047619047619,-0.002142857142857002,0.002142857142857002,0.015111659490698592,0.015111659490698592,0.0368578259483584,0.0368578259483584,0.0,0.0,0.0,0.0,0.0,0.0,-0.5155309463190321,0.0,0.005553322966315388,-0.005553322966315388,0.036672855721079256,-0.036672855721079256,0.009888112545013428,-0.009888112545013428
98000018_2022-03-26,98000018,2022-03-26,62,M,98000351.0,0.8430476190476189,-0.022210526315789902,0.022210526315789902,0.09100009525107372,0.09100009525107372,0.33499923312883473,0.33499923312883473,0.0,0.0,0.0,0.0,0.0,0.0,1.08645560765173,0.0,0.03198180430579112,-0.03198180430579112,0.0316205474741722,-0.0316205474741722,0.0955895185470581,-0.0955895185470581
98000019_2022-03-26,98000019,2022-03-26,25,F,98000351.0,0.3199999999999999,0.013499999999999901,0.013499999999999901,0.05315889961629772,0.05315889961629772,-0.06663867522085237,0.06663867522085237,0.0,0.0,0.0,0.0,0.0,0.0,-0.04826722266114678,0.0,0.01607913864844135,0.01607913864844135,0.028655161931131434,0.028655161931131434,0.02901485562324524,0.02901485562324524
98000021_2022-03-26,98000021,2022-03-26,25,M,98000351.0,0.3824000000000001,-0.027052631578947384,0.027052631578947384,-0.05014636746044959,0.05014636746044959,-0.023176200285216303,0.023176200285216303,0.0,0.0,-1.0,1.0,0.0,0.0,0.26097103240968617,1.0,0.012688092446321075,0.012688092446321075,0.02273684980654156,0.02273684980654156,0.016818344593048096,0.016818344593048096
98000022_2022-03-26,98000022,2022-03-26,47,F,98000351.0,0.8609047619047617,-0.0010000000000000009,0.0010000000000000009,0.008781257171976309,0.008781257171976309,-0.1739665628585477,0.1739665628585477,0.0,0.0,-1.0,1.0,0.0,0.0,0.14533570015624878,1.0,0.0010043616289557855,0.0010043616289557855,0.02180181651621571,0.015100160231517501,0.03460496664047241,0.023507518064408428
98000024_2022-03-26,98000024,2022-03-26,45,F,98000351.0,0.9383684210526316,-0.012949999999999795,0.012949999999999795,-0.008463585174334487,0.008463585174334487,0.1454681830084923,0.1454681830084923,0.0,0.0,0.0,0.0,0.0,0.0,-0.1322232849994965,0.0,0.024829772196858224,-0.024829772196858224,0.005399993068610609,-0.005399993068610609,0.003890693187713623,-0.003890693187713623
98000025_2022-03-26,98000025,2022-03-26,20,F,98000001.0,0.5853499999999999,-0.004857142857142782,0.004857142857142782,0.024904341106005284,0.024904341106005284,0.024676123685049206,0.024676123685049206,0.0,0.0,0.0,0.0,0.0,0.0,-0.4553603989550219,0.0,0.0007448002544776511,-0.0007448002544776511,0.035697657580354036,-0.035697657580354036,0.004623115062713623,-0.004623115062713623
98000026_2022-03-26,98000026,2022-03-26,34,M,98000001.0,1.046842105263158,-0.016099999999999892,0.016099999999999892,0.035839981371636964,0.035839981371636964,0.03305119453924937,0.03305119453924937,0.0,0.0,0.0,0.0,0.0,0.0,-0.23878920579603993,0.0,0.017174129912244207,0.017174129912244207,0.014430981495492823,0.014430981495492823,0.05696195363998413,0.05696195363998413
98000028_2022-03-26,98000028,2022-03-26,40,F,98000001.0,0.8798095238095238,-0.02199999999999991,0.02199999999999991,0.0163896803892081,0.0163896803892081,-0.0486206566783548,0.0486206566783548,0.0,0.0,0.0,0.0,0.0,0.0,-0.2662887076215177,0.0,0.012173544139998715,0.012173544139998715,0.015125139487008776,-0.015125139487008776,0.0010679364204406738,0.0010679364204406738
98000030_2022-03-26,98000030,2022-03-26,39,M,98000001.0,1.0229,-0.03420000000000001,0.03420000000000001,0.01846291639249903,0.01846291639249903,0.04228225334663993,0.04228225334663993,0.0,0.0,0.0,0.0,0.0,0.0,-0.14386523407651622,0.0,0.025035016519206366,0.025035016519206366,0.02704670866006975,-0.02704670866006975,0.005909562110900879,-0.005909562110900879
98000032_2022-03-26,98000032,2022-03-26,28,M,98000001.0,1.0826190476190474,-0.046190476190476115,0.046190476190476115,-0.07841460511014997,0.07841460511014997,0.1725731590691744,0.1725731590691744,0.0,0.0,0.0,0.0,0.0,0.0,0.7744405483423437,0.0,0.04743803387584178,0.04743803387584178,0.04542557840992445,-0.04542557840992445,0.0070680975914001465,-0.0070680975914001465
98000033_2022-03-26,98000033,2022-03-26,36,M,98000001.0,0.9671,-0.03185714285714303,0.03185714285714303,-0.006445184575663121,0.006445184575663121,0.0487354160025502,0.0487354160025502,0.0,0.0,0.0,0.0,0.0,0.0,-0.23225030261491866,0.0,0.023613252767774262,0.023613252767774262,0.002756093354797984,-0.002756093354797984,0.009631156921386719,0.009631156921386719
98000034_2022-03-26,98000034,2022-03-26,33,M,98000001.0,0.6082222222222222,0.04150000000000009,0.04150000000000009,0.06688578646818216,0.06688578646818216,0.11339899221255148,0.11339899221255148,0.0,0.0,-2.0,2.0,0.0,0.0,1.1059448537094099,2.0,0.03273786539836998,0.0021100967483919097,0.081119285226391,-0.021167729349041875,0.03757798671722412,0.012717056486341693
98000035_2022-03-26,98000035,2022-03-26,60,F,98000001.0,0.7713529411764706,-0.02419047619047643,0.02419047619047643,0.014596333125104277,0.014596333125104277,-0.1665865476569972,0.1665865476569972,0.0,0.0,0.0,0.0,0.0,0.0,0.08838476017996366,0.0,0.01820635506619217,-0.01820635506619217,0.007821585313426804,-0.007821585313426804,0.03401148319244385,0.03401148319244385
98000036_2022-03-26,98000036,2022-03-26,24,M,98000001.0,0.86825,0.011900000000000133,0.011900000000000133,0.017702167121353807,0.017702167121353807,0.05646995515695058,0.05646995515695058,0.0,0.0,0.0,0.0,0.0,0.0,-0.33915047699291084,0.0,0.006333593288700645,-0.006333593288700645,0.020662107576970734,-0.020662107576970734,0.003814697265625,-0.003814697265625
98000037_2022-03-26,98000037,2022-03-26,62,M,98000001.0,0.8551,0.003809523809523818,0.003809523809523818,0.02968126598805798,0.02968126598805798,-0.2119136117309531,0.2119136117309531,0.0,0.0,0.0,0.0,0.0,0.0,0.11321532171337272,0.0,0.006728654766146702,-0.006728654766146702,0.049960258309086014,-0.049960258309086014,0.0398252010345459,-0.0398252010345459
98000040_2022-03-26,98000040,2022-03-26,21,F,98000001.0,0.3677500000000001,-0.0234285714285713,0.0234285714285713,-0.014950175684066494,0.014950175684066494,-0.040228881096589,0.040228881096589,0.0,0.0,0.0,0.0,0.0,0.0,-0.28588554632761326,0.0,0.012886938516699753,-0.012886938516699753,0.02505966942701754,-0.02505966942701754,0.006034135818481445,-0.006034135818481445
98000041_2022-03-26,98000041,2022-03-26,40,F,98000001.0,1.031619047619048,0.004649999999999932,0.004649999999999932,-0.0052320840834010895,0.0052320840834010895,-0.0953971986161033,0.0953971986161033,0.0,0.0,0.0,0.0,0.0,0.0,-0.3868033412987153,0.0,0.00940632152127463,-0.00940632152127463,0.0011782305127262527,0.0011782305127262527,0.011196255683898926,-0.011196255683898926
98000043_2022-03-26,98000043,2022-03-26,37,F,98000001.0,0.7843333333333332,0.013473684210526415,0.013473684210526415,-0.002348609099615484,0.002348609099615484,-0.017508505626798704,0.017508505626798704,0.0,0.0,0.0,0.0,0.0,0.0,-0.5424515476985541,0.0,0.009691019056789596,-0.009691019056789596,0.041037805624549506,-0.041037805624549506,0.005752921104431152,-0.005752921104431152
98000044_2022-03-26,98000044,2022-03-26,35,F,98000001.0,0.5217619047619048,0.003578947368421126,0.003578947368421126,-0.0017347631052382073,0.0017347631052382073,0.03578475336322867,0.03578475336322867,0.0,0.0,0.0,0.0,0.0,0.0,-0.5960382674335795,0.0,0.003995146539620742,0.003995146539620742,0.025503099034951515,-0.025503099034951515,0.03084409236907959,0.03084409236907959
98000045_2022-03-26,98000045,2022-03-26,57,M,98000002.0,0.82765,0.014333333333333309,0.014333333333333309,0.08195872127111042,0.08195872127111042,0.036785145043034595,0.036785145043034595,0.0,0.0,0.0,0.0,0.0,0.0,0.0719223546502721,0.0,0.0032475508676474973,0.0032475508676474973,0.032504004271780684,0.032504004271780684,0.010744452476501465,0.010744452476501465
98000046_2022-03-26,98000046,2022-03-26,38,M,98000002.0,0.6186666666666668,-0.04014285714285715,0.04014285714285715,-0.027678345859895592,0.027678345859895592,-0.04256997131016929,0.04256997131016929,0.0,0.0,0.0,0.0,-1.0,1.0,0.6669963955931378,1.0,0.02808546682327051,0.02808546682327051,0.07385727949051724,0.04316400830619349,0.04114645719528198,0.04114645719528198
98000047_2022-03-26,98000047,2022-03-26,30,M,98000002.0,0.6032380952380952,0.0018888888888887179,0.0018888888888887179,-0.004405905516482789,0.004405905516482789,-0.034863563402889486,0.034863563402889486,0.0,0.0,0.0,0.0,0.0,0.0,-0.597840937332541,0.0,0.0029241392907519703,-0.0029241392907519703,0.04148575884583472,-0.020455599193782592,0.02532958984375,-0.02532958984375
98000049_2022-03-26,98000049,2022-03-26,50,F,98000002.0,0.5790000000000001,0.03534999999999999,0.03534999999999999,0.05029148331122349,0.05029148331122349,0.1587382744429202,0.1587382744429202,0.0,0.0,0.0,0.0,0.0,0.0,0.4275424344972692,0.0,0.031332877811402926,-0.031332877811402926,0.03922150254207318,-0.03922150254207318,0.05751878023147583,-0.05751878023147583
98000050_2022-03-26,98000050,2022-03-26,51,F,98000002.0,0.7801428571428572,-0.05589999999999995,0.05589999999999995,-0.06615269584467331,0.06615269584467331,-0.05322934487269826,0.05322934487269826,0.0,0.0,0.0,0.0,0.0,0.0,0.4422931726233576,0.0,0.03499919440738086,0.03499919440738086,0.03531009766866411,0.03531009766866411,0.07039105892181396,0.07039105892181396
98000053_2022-03-26,98000053,2022-03-26,47,M,98000002.0,0.6466,0.03060000000000007,0.03060000000000007,0.038508991460375286,0.038508991460375286,0.03459719880243639,0.03459719880243639,0.0,0.0,-2.0,2.0,0.0,0.0,0.5670582782829755,2.0,0.027713164187388784,0.027713164187388784,0.02138016521713426,-0.02138016521713426,0.03563332557678223,0.03563332557678223
98000055_2022-03-26,98000055,2022-03-26,37,M,98000002.0,0.4291999999999999,0.009666666666666601,0.009666666666666601,0.08831061184812583,0.08831061184812583,0.0046458399744983,0.0046458399744983,0.0,0.0,0.0,0.0,0.0,0.0,-0.026499562120567244,0.0,0.007275229512764381,0.007275229512764381,0.023637226497611685,0.023637226497611685,0.02287966012954712,-0.02287966012954712
98000056_2022-03-26,98000056,2022-03-26,34,F,98000002.0,0.3989999999999999,-0.017285714285714293,0.017285714285714293,-0.005983073499301911,0.005983073499301911,-0.0629483583041123,0.0629483583041123,0.0,0.0,0.0,0.0,0.0,0.0,-0.3451884191544758,0.0,0.004481793415637814,-0.004481793415637814,0.013795535615214183,-0.013795535615214183,0.0001246929168701172,-0.0001246929168701172
98000058_2022-03-26,98000058,2022-03-26,26,F,98000002.0,0.5912499999999999,-0.013952380952381105,0.013952380952381105,-0.007151799298825701,0.007151799298825701,0.029827861013707213,0.029827861013707213,0.0,0.0,-1.0,1.0,0.0,0.0,-0.1521765117239129,1.0,0.015908474530671457,0.015908474530671457,0.027966100839296848,0.027966100839296848,0.018806248903274536,0.018806248903274536
98000060_2022-03-26,98000060,2022-03-26,46,F,98000002.0,0.8655238095238095,-0.0017000000000001458,0.0017000000000001458,5.9749531132302636e-05,5.9749531132302636e-05,0.17950633935797097,0.17950633935797097,0.0,0.0,-1.0,1.0,0.0,0.0,0.10860484202100196,1.0,0.012851758658751322,-0.012851758658751322,0.07687897016548062,0.0567004216406406,0.03817486763000488,0.03817486763000488
98000064_2022-03-26,98000064,2022-03-26,57,F,98000002.0,0.7828499999999999,0.03833333333333333,0.03833333333333333,0.06597209748885657,0.06597209748885657,0.18744692381255978,0.18744692381255978,0.0,0.0,-1.0,1.0,0.0,0.0,0.966686139786245,1.0,0.024913184464546934,0.024913184464546934,0.04191102065683494,0.04191102065683494,0.019949793815612793,-0.019949793815612793
98000066_2022-03-26,98000066,2022-03-26,30,M,98000003.0,0.789,0.05180000000000007,0.05180000000000007,0.05357454982846149,0.05357454982846149,-0.0588427090671233,0.0588427090671233,0.0,0.0,0.0,0.0,0.0,0.0,0.32935392001912117,0.0,0.04239947062432048,-0.002419898340860094,0.060005730765198106,0.04219652734958601,0.022531747817993164,0.022531747817993164
98000068_2022-03-26,98000068,2022-03-26,56,M,98000003.0,0.7311904761904761,-0.006199999999999872,0.006199999999999872,0.052556091106103875,0.052556091106103875,0.00308300395256933,0.00308300395256933,0.0,0.0,0.0,0.0,0.0,0.0,-0.3136926320546616,0.0,0.001006331616051681,-0.001006331616051681,0.015965286313921356,0.015965286313921356,0.0042816996574401855,0.0042816996574401855
98000069_2022-03-26,98000069,2022-03-26,23,F,98000003.0,0.6345714285714286,-0.03214285714285725,0.03214285714285725,0.012955777368952592,0.012955777368952592,0.0941342046541285,0.0941342046541285,0.0,0.0,0.0,0.0,0.0,0.0,-0.05186505481835413,0.0,0.025472756356988646,-0.025472756356988646,0.026737714260682166,-0.026737714260682166,0.022890090942382812,-0.022890090942382812
98000070_2022-03-26,98000070,2022-03-26,34,M,98000003.0,0.4220952380952381,0.013619047619047586,0.013619047619047586,0.0621861692904086,0.0621861692904086,0.0746499840612054,0.0746499840612054,0.0,0.0,0.0,0.0,0.0,0.0,0.038625588618109725,0.0,0.013278787359808475,0.013278787359808475,0.006976023966133504,-0.006976023966133504,0.012012064456939697,0.012012064456939697
98000071_2022-03-26,98000071,2022-03-26,44,F,98000003.0,0.61175,0.01924999999999999,0.01924999999999999,0.0197957395467796,0.0197957395467796,-0.1117512024486225,0.1117512024486225,0.0,0.0,0.0,0.0,0.0,0.0,-0.08707291778509456,0.0,0.01659126849259207,-0.01659126849259207,0.03275384764320166,-0.03275384764320166,0.005897462368011475,-0.005897462368011475
98000072_2022-03-26,98000072,2022-03-26,54,F,98000003.0,0.4822499999999999,0.016450000000000187,0.016450000000000187,0.03420940001138062,0.03420940001138062,-0.10663970266724979,0.10663970266724979,0.0,0.0,0.0,0.0,0.0,0.0,-0.03162033507042412,0.0,0.012949074283487572,0.012949074283487572,0.01949588902739774,0.01949588902739774,0.003696262836456299,-0.003696262836456299
98000073_2022-03-26,98000073,2022-03-26,59,F,98000003.0,0.5161428571428571,-0.02180952380952378,0.02180952380952378,-0.02632131257616277,0.02632131257616277,-0.01938093720114739,0.01938093720114739,0.0,0.0,0.0,0.0,0.0,0.0,-0.28509526730023566,0.0,0.012850912393502112,0.012850912393502112,0.025962041439357597,-0.025962041439357597,0.017464876174926758,0.017464876174926758
98000074_2022-03-26,98000074,2022-03-26,19,M,98000003.0,0.8041052631578948,0.012250000000000205,0.012250000000000205,0.07761944294416451,0.07761944294416451,0.08552520369180819,0.08552520369180819,0.0,0.0,0.0,0.0,0.0,0.0,0.16262440075964765,0.0,0.0023755604307809097,0.0023755604307809097,0.05909681605697881,0.05909681605697881,0.038968682289123535,0.038968682289123535
98000075_2022-03-26,98000075,2022-03-26,58,M,98000003.0,0.361,-0.02071428571428574,0.02071428571428574,-0.013291923927528426,0.013291923927528426,-0.05558080969078749,0.05558080969078749,0.0,0.0,0.0,0.0,0.0,0.0,-0.2806878904461606,0.0,0.0058469781998944925,-0.0058469781998944925,0.015699234138539298,-0.015699234138539298,0.011367231607437134,0.011367231607437134
98000078_2022-03-26,98000078,2022-03-26,31,F,98000003.0,0.61575,-0.004318181818181888,0.004318181818181888,0.010301815532896719,0.010301815532896719,0.039265693086798115,0.039265693086798115,0.0,0.0,0.0,0.0,0.0,0.0,-0.5191063721297559,0.0,0.0012720513874424633,0.0012720513874424633,0.03268393451403595,-0.03268393451403595,0.007567286491394043,-0.007567286491394043
98000079_2022-03-26,98000079,2022-03-26,59,M,98000003.0,0.5192380952380953,-0.012277777777777776,0.012277777777777776,-0.011630635313265969,0.011630635313265969,-0.037600344686833986,0.037600344686833986,0.0,0.0,-1.0,1.0,0.0,0.0,-0.11597397551553416,1.0,0.008888371632760517,0.008888371632760517,0.05257963032657176,0.04421807801290978,0.025562316179275513,0.025562316179275513
98000082_2022-03-26,98000082,2022-03-26,46,M,98000003.0,0.6534,-0.004368421052631466,0.004368421052631466,-0.03517756909429082,0.03517756909429082,-0.06702531645569598,0.06702531645569598,0.0,0.0,0.0,0.0,0.0,0.0,-0.2659573578437366,0.0,0.0006048368301075913,-0.0006048368301075913,0.0012012886651151522,-0.0012012886651151522,0.03211253881454468,0.03211253881454468
98000084_2022-03-26,98000084,2022-03-26,24,F,98000003.0,0.4381111111111111,-0.008421052631578774,0.008421052631578774,0.045083475447552396,0.045083475447552396,0.008347298787210605,0.008347298787210605,0.0,0.0,-1.0,1.0,0.0,0.0,-0.010610193279647842,1.0,0.008705029624532568,-0.008705029624532568,0.02576122150961868,-0.02576122150961868,0.014677286148071289,-0.014677286148071289
98000089_2022-03-26,98000089,2022-03-26,22,F,98000004.0,0.43425,-0.0024761904761906317,0.0024761904761906317,0.0038741620618104045,0.0038741620618104045,-0.05308670704494811,0.05308670704494811,0.0,0.0,-1.0,1.0,-1.0,1.0,0.45875962000193954,2.0,0.001203754652694955,0.001203754652694955,0.07174066530973922,0.07174066530973922,0.03595799207687378,0.03595799207687378
98000090_2022-03-26,98000090,2022-03-26,30,F,98000004.0,0.7873,-0.004142857142857115,0.004142857142857115,-0.0042400059506989,0.0042400059506989,0.0404526617787697,0.0404526617787697,0.0,0.0,-2.0,2.0,0.0,0.0,0.0731515482030479,2.0,0.001855518878268847,0.001855518878268847,0.0499835063097388,-0.0499835063097388,0.015389800071716309,-0.015389800071716309
98000091_2022-03-26,98000091,2022-03-26,30,F,98000004.0,0.6409047619047619,0.02375000000000005,0.02375000000000005,0.05183615356701898,0.05183615356701898,0.1541964375566066,0.1541964375566066,0.0,0.0,0.0,0.0,0.0,0.0,0.30454782557921933,0.0,0.021522640050886888,-0.021522640050886888,0.026921188867729318,0.011777910334759611,0.029454052448272705,-0.006252899873824269
98000093_2022-03-26,98000093,2022-03-26,20,M,98000004.0,0.756952380952381,0.040099999999999913,0.040099999999999913,0.04835234706159153,0.04835234706159153,-0.007092376681614193,0.007092376681614193,0.0,0.0,-1.0,1.0,0.0,0.0,0.33706676761982707,1.0,0.029144179094435008,0.029144179094435008,0.003934051990179155,0.003934051990179155,0.006395280361175537,-0.006395280361175537
98000094_2022-03-26,98000094,2022-03-26,37,M,98000004.0,0.8154761904761905,0.00990476190476186,0.00990476190476186,0.028601755184945732,0.028601755184945732,0.2262240994580812,0.2262240994580812,0.0,0.0,0.0,0.0,0.0,0.0,0.21079802395093838,0.0,0.0017188045761867832,-0.0017188045761867832,0.009539151829704662,-0.009539151829704662,0.0015958547592163086,0.0015958547592163086
98000095_2022-03-26,98000095,2022-03-26,48,M,98000004.0,0.6203,-0.026380952380952394,0.026380952380952394,-0.0718890884140801,0.0718890884140801,0.07422824354478821,0.07422824354478821,0.0,0.0,0.0,0.0,0.0,0.0,0.2367832799144666,0.0,0.028377498200825024,-0.028377498200825024,0.003051255217452864,-0.003051255217452864,0.01904505491256714,-0.01904505491256714
98000096_2022-03-26,98000096,2022-03-26,63,M,98000004.0,0.3425238095238095,-0.01966666666666672,0.01966666666666672,-0.004237080693806128,0.004237080693806128,-0.037762511954096106,0.037762511954096106,0.0,0.0,0.0,0.0,0.0,0.0,-0.4060323059493449,0.0,0.011168088603583093,-0.011168088603583093,0.029002936283554992,0.029002936283554992,0.0007172226905822754,-0.0007172226905822754
98000098_2022-03-26,98000098,2022-03-26,46,M,98000004.0,0.5529,0.021571428571428575,0.021571428571428575,0.10579707033420588,0.10579707033420588,0.2944724258846029,0.2944724258846029,0.0,0.0,0.0,0.0,0.0,0.0,1.0636124133044726,0.0,0.007032581113678327,0.007032581113678327,0.08638452138929542,0.08638452138929542,0.13744676113128662,0.13744676113128662
98000099_2022-03-26,98000099,2022-03-26,22,F,98000004.0,0.4901904761904761,0.012904761904761863,0.012904761904761863,-0.013620460974908377,0.013620460974908377,-0.01975103602167659,0.01975103602167659,0.0,0.0,0.0,0.0,0.0,0.0,-0.46405233484017944,0.0,0.01594356711759859,0.01594356711759859,0.008750358892519183,0.008750358892519183,0.0046135783195495605,0.0046135783195495605
98000100_2022-03-26,98000100,2022-03-26,33,F,98000004.0,0.69615,0.001095238095238038,0.001095238095238038,0.05429467506759933,0.05429467506759933,-0.06357284029327401,0.06357284029327401,0.0,0.0,0.0,0.0,0.0,0.0,-0.17812699903373083,0.0,0.002376427464241826,0.002376427464241826,0.0022245998165323355,-0.0022245998165323355,0.009886562824249268,-0.009886562824249268
98000104_2022-03-26,98000104,2022-03-26,37,M,98000004.0,0.70875,0.018857142857143017,0.018857142857143017,-0.0022001455785723434,0.0022001455785723434,-0.051346190627988494,0.051346190627988494,0.0,0.0,-1.0,1.0,0.0,0.0,-0.0726236856671147,1.0,0.014008022946371823,-0.014008022946371823,0.011599359320020208,-0.011599359320020208,0.019989967346191406,-0.019989967346191406
98000106_2022-03-26,98000106,2022-03-26,39,M,98000005.0,0.7174736842105263,0.06574999999999986,0.06574999999999986,0.11145810367478948,0.11145810367478948,0.11064157514063777,0.11064157514063777,0.0,0.0,0.0,0.0,0.0,0.0,1.0246333390356621,0.0,0.046473320950547126,0.046473320950547126,0.06352471114075264,0.06352471114075264,0.03980147838592529,0.03980147838592529
98000109_2022-03-26,98000109,2022-03-26,34,F,98000005.0,0.5231,-0.0017000000000000348,0.0017000000000000348,0.05599541877754832,0.05599541877754832,0.0668015850551939,0.0668015850551939,0.0,0.0,-1.0,1.0,0.0,0.0,0.1655212698911662,1.0,0.009203974895085953,-0.009203974895085953,0.0012546361918727156,-0.0012546361918727156,0.04308062791824341,-0.04308062791824341
98000110_2022-03-26,98000110,2022-03-26,58,F,98000005.0,0.68485,-0.00704761904761908,0.00704761904761908,-0.012468403967333619,0.012468403967333619,0.047772394007013164,0.047772394007013164,0.0,0.0,0.0,0.0,0.0,0.0,-0.45100318152144836,0.0,0.004639341231102878,0.004639341231102878,0.0037083180982708797,0.0037083180982708797,0.010913312435150146,-0.010913312435150146
98000111_2022-03-26,98000111,2022-03-26,18,F,98000005.0,0.3443,-0.006380952380952487,0.006380952380952487,-0.013058071224593515,0.013058071224593515,-0.0919375199234938,0.0919375199234938,0.0,0.0,-1.0,1.0,0.0,0.0,-0.00873340221510994,1.0,0.0033054169500263963,0.0033054169500263963,0.05370942911303461,0.05370942911303461,0.02261170744895935,0.02261170744895935
98000113_2022-03-26,98000113,2022-03-26,29,F,98000005.0,0.5895499999999999,0.053300000000000125,0.053300000000000125,0.0396617425212763,0.0396617425212763,-0.005454545454545802,0.005454545454545802,0.0,0.0,0.0,0.0,0.0,0.0,0.09311943074628475,0.0,0.04380845838051772,-0.04380845838051772,0.0585126292744681,-0.031189873716649497,0.04560244083404541,-0.044898950195312315
98000114_2022-03-26,98000114,2022-03-26,22,M,98000005.0,0.2811904761904762,0.004349999999999965,0.004349999999999965,-0.01136856462573499,0.01136856462573499,0.1436394869445716,0.1436394869445716,0.0,0.0,-1.0,1.0,-1.0,1.0,0.7942063872648166,2.0,0.000973784431853697,0.000973784431853697,0.05722741520304497,-0.05722741520304497,0.02252674102783203,-0.02252674102783203
98000116_2022-03-26,98000116,2022-03-26,48,M,98000005.0,0.8511999999999998,0.00495238095238093,0.00495238095238093,0.0380300338424705,0.0380300338424705,0.07914185527574122,0.07914185527574122,0.0,0.0,0.0,0.0,0.0,0.0,-0.20485401448152807,0.0,0.002709796701676259,-0.002709796701676259,0.018703187968319157,-0.018703187968319157,0.008079171180725098,0.008079171180725098
98000118_2022-03-26,98000118,2022-03-26,29,M,98000005.0,0.32475,-0.007450000000000012,0.007450000000000012,0.0029397443215160024,0.0029397443215160024,-0.010963998368617903,0.010963998368617903,0.0,0.0,-1.0,1.0,0.0,0.0,-0.30377867421590343,1.0,0.0040820948814964675,0.0040820948814964675,0.02322697760366843,0.02322697760366843,0.0014353394508361816,0.0014353394508361816
98000120_2022-03-26,98000120,2022-03-26,64,F,98000005.0,0.9318499999999998,-0.022428571428571242,0.022428571428571242,0.022943125398935005,0.022943125398935005,0.1185262990117947,0.1185262990117947,0.0,0.0,0.0,0.0,0.0,0.0,-0.012596325918572395,0.0,0.02300424674704138,0.02300424674704138,0.0037883827547120497,0.0037883827547120497,0.014598369598388672,0.014598369598388672
98000122_2022-03-26,98000122,2022-03-26,38,F,98000005.0,0.5571904761904762,0.0014761904761906308,0.0014761904761906308,0.01738099805062049,0.01738099805062049,0.12128817341409001,0.12128817341409001,0.0,0.0,0.0,0.0,0.0,0.0,-0.26036597288561064,0.0,0.004453925252891677,-0.004453925252891677,0.026894343502796292,-0.026894343502796292,0.010376691818237305,-0.010376691818237305
98000123_2022-03-26,98000123,2022-03-26,52,M,98000005.0,0.6333157894736842,-0.019349999999999867,0.019349999999999867,-0.014995949500614086,0.014995949500614086,-0.0456143344709897,0.0456143344709897,0.0,0.0,0.0,0.0,0.0,0.0,-0.3121817873665649,0.0,0.00737930516475005,0.00737930516475005,0.029866503681155065,-0.029866503681155065,0.01761174201965332,-0.01761174201965332
98000125_2022-03-26,98000125,2022-03-26,20,M,98000006.0,0.6245499999999999,0.05095000000000016,0.05095000000000016,0.0902922685086443,0.0902922685086443,-0.0473307256541676,0.0473307256541676,0.0,0.0,0.0,0.0,0.0,0.0,0.5402279249483392,0.0,0.04388841535384047,0.02553034120967268,0.13458280964613645,0.08626034269800009,0.07594186067581177,0.07221224870681775
98000127_2022-03-26,98000127,2022-03-26,55,F,98000006.0,0.5475714285714286,-0.009000000000000008,0.009000000000000008,-0.0031387280086011826,0.0031387280086011826,0.050829773669110595,0.050829773669110595,0.0,0.0,0.0,0.0,0.0,0.0,-0.48617670201812063,0.0,0.004160615589320904,-0.004160615589320904,0.030077115442863178,-0.030077115442863178,0.00822824239730835,-0.00822824239730835
98000130_2022-03-26,98000130,2022-03-26,26,M,98000006.0,0.62195,0.02952380952380962,0.02952380952380962,0.04434093664021199,0.04434093664021199,0.10488524067580457,0.10488524067580457,0.0,0.0,0.0,0.0,0.0,0.0,0.16884151061152752,0.0,0.01816230624541071,-0.01816230624541071,0.029170236086330292,0.029170236086330292,0.02206742763519287,-0.02206742763519287
98000131_2022-03-26,98000131,2022-03-26,57,M,98000006.0,0.6076666666666667,-0.00480952380952393,0.00480952380952393,0.030044354344448077,0.030044354344448077,0.11340707682499218,0.11340707682499218,0.0,0.0,0.0,0.0,-1.0,1.0,0.523354825410644,1.0,0.012726481670344958,-0.012726481670344958,0.010606643359534873,-0.010606643359534873,0.019802093505859375,0.019802093505859375
98000133_2022-03-26,98000133,2022-03-26,26,F,98000006.0,0.6794761904761903,0.005899999999999905,0.005899999999999905,0.036514953914385306,0.036514953914385306,0.1399003903620937,0.1399003903620937,0.0,0.0,0.0,0.0,0.0,0.0,-0.028132988286305494,0.0,0.0007165663013010137,0.0007165663013010137,0.017586947988008195,-0.017586947988008195,0.009097754955291748,-0.009097754955291748
98000136_2022-03-26,98000136,2022-03-26,47,M,98000006.0,0.8538571428571429,-0.09185714285714275,0.09185714285714275,-0.08888939156655007,0.08888939156655007,0.1076987567739881,0.1076987567739881,0.0,0.0,0.0,0.0,0.0,0.0,1.1313151658335079,0.0,0.07729860724345428,0.07729860724345428,0.0685608237659654,0.0685608237659654,0.06699138879776001,0.06699138879776001
98000137_2022-03-26,98000137,2022-03-26,34,F,98000006.0,0.6630952380952382,-0.02633333333333343,0.02633333333333343,0.0010519681516811819,0.0010519681516811819,-0.052409627032196204,0.052409627032196204,0.0,0.0,-2.0,2.0,0.0,0.0,0.31636861348065026,2.0,0.019579905520791474,0.019579905520791474,0.010967064120049108,-0.010967064120049108,0.010030925273895264,0.010030925273895264
98000139_2022-03-26,98000139,2022-03-26,54,M,98000006.0,0.4079047619047619,0.010999999999999899,0.010999999999999899,-0.019242808037580605,0.019242808037580605,-0.04317819572840321,0.04317819572840321,0.0,0.0,0.0,0.0,0.0,0.0,-0.3766583491523841,0.0,0.007575454912099433,0.007575454912099433,0.002643098951215561,-0.002643098951215561,0.00546756386756897,-0.00546756386756897
98000140_2022-03-26,98000140,2022-03-26,52,F,98000006.0,0.4316666666666666,0.01874999999999999,0.01874999999999999,0.019712769401427688,0.019712769401427688,-0.0050938833092605,0.0050938833092605,0.0,0.0,-1.0,1.0,0.0,0.0,-0.08792316177068356,1.0,0.018847627408916545,0.018847627408916545,0.005943799799934313,0.005943799799934313,0.04117804765701294,0.04117804765701294
98000144_2022-03-26,98000144,2022-03-26,18,M,98000006.0,0.8211428571428572,-0.024428571428571577,0.024428571428571577,0.022283896845570916,0.022283896845570916,-0.2057921581128464,0.2057921581128464,0.0,0.0,0.0,0.0,0.0,0.0,0.2583188851703206,0.0,0.017410466329676022,0.017410466329676022,0.07270523673086005,0.07270523673086005,0.03859895467758179,0.03859895467758179
98000145_2022-03-26,98000145,2022-03-26,46,M,98000007.0,1.1124210526315788,0.0023809523809523725,0.0023809523809523725,0.011745688734088766,0.011745688734088766,0.1829933057060889,0.1829933057060889,0.0,0.0,0.0,0.0,0.0,0.0,-0.10975019988307366,0.0,0.005504216501620474,0.005504216501620474,0.01062879122843896,0.01062879122843896,0.05323076248168945,-0.05323076248168945
98000146_2022-03-26,98000146,2022-03-26,43,F,98000007.0,0.6375555555555557,0.01715789473684226,0.01715789473684226,0.07879258619994767,0.07879258619994767,-0.020347626339969296,0.020347626339969296,0.0,0.0,0.0,0.0,0.0,0.0,0.03141976561956727,0.0,0.009161829897930795,0.009161829897930795,0.012603122940348266,0.012603122940348266,0.015405356884002686,-0.015405356884002686
98000147_2022-03-26,98000147,2022-03-26,51,F,98000007.0,0.845904761904762,0.04547619047619045,0.04547619047619045,0.045908516763596585,0.045908516763596585,-0.17905132291998777,0.17905132291998777,0.0,0.0,0.0,0.0,0.0,0.0,0.561692618291207,0.0,0.034201134260631094,0.034201134260631094,0.0986572856582194,0.0986572856582194,0.08171015977859497,0.08171015977859497
98000148_2022-03-26,98000148,2022-03-26,26,F,98000007.0,0.4024285714285714,0.011450000000000016,0.011450000000000016,0.019052780311333395,0.019052780311333395,-0.0777723577235771,0.0777723577235771,0.0,0.0,-1.0,1.0,0.0,0.0,0.043887346267208666,1.0,0.013233295131694134,-0.00852121305813669,5.2423403373969e-05,-5.2423403373969e-05,0.02030158042907715,-0.02030158042907715
98000149_2022-03-26,98000149,2022-03-26,57,M,98000007.0,0.925952380952381,0.029473684210526208,0.029473684210526208,0.045792318844421004,0.045792318844421004,-0.04309116409537178,0.04309116409537178,0.0,0.0,-1.0,1.0,0.0,0.0,0.3141887100559797,1.0,0.024396216047091634,-0.024396216047091634,0.005086811172375083,0.005086811172375083,0.017475664615631104,-0.017475664615631104
98000150_2022-03-26,98000150,2022-03-26,19,M,98000007.0,0.414,0.005380952380952486,0.005380952380952486,0.001727663484706321,0.001727663484706321,-0.07649760918074561,0.07649760918074561,0.0,0.0,0.0,0.0,0.0,0.0,-0.45855485142801977,0.0,0.003238213944675161,0.003238213944675161,0.0651122876674507,0.0651122876674507,0.0006470084190368652,-0.0006470084190368652
98000151_2022-03-26,98000151,2022-03-26,64,M,98000007.0,0.6428333333333334,-0.004736842105263039,0.004736842105263039,0.002211013809764961,0.002211013809764961,-0.1682206291461585,0.1682206291461585,0.0,0.0,0.0,0.0,0.0,0.0,-0.19419104280700775,0.0,0.002784613418908566,-0.002784613418908566,0.00016352077746195626,-0.00016352077746195626,0.025727391242980957,-0.025727391242980957
98000153_2022-03-26,98000153,2022-03-26,41,F,98000007.0,0.4809047619047618,0.013523809523809716,0.013523809523809716,-0.025069452480925902,0.025069452480925902,-0.19808511316544491,0.19808511316544491,0.0,0.0,0.0,0.0,0.0,0.0,0.1418618528760961,0.0,0.021276637764039874,0.021276637764039874,0.1013785952606473,0.1013785952606473,0.052850544452667236,0.052850544452667236
98000155_2022-03-26,98000155,2022-03-26,53,F,98000007.0,1.0113333333333332,0.003238095238095373,0.003238095238095373,0.005349852593037108,0.005349852593037108,-0.0406037615556268,0.0406037615556268,0.0,0.0,-1.0,1.0,0.0,0.0,-0.244356722822359,1.0,0.006116982958500383,-0.006116982958500383,0.012564567929807424,-0.012564567929807424,0.0010405778884887695,0.0010405778884887695
98000159_2022-03-26,98000159,2022-03-26,23,M,98000007.0,0.7221428571428571,0.003238095238095262,0.003238095238095262,0.029778662314696502,0.029778662314696502,-0.05098661141217731,0.05098661141217731,0.0,0.0,0.0,0.0,0.0,0.0,-0.36174563106835084,0.0,0.0036239340240866724,-0.0036239340240866724,0.009024127301171692,-0.009024127301171692,0.035585105419158936,0.035585105419158936
98000160_2022-03-26,98000160,2022-03-26,26,M,98000007.0,0.4996666666666667,0.062449999999999894,0.062449999999999894,0.12382890849470107,0.12382890849470107,0.0981604095563144,0.0981604095563144,0.0,0.0,0.0,0.0,0.0,0.0,1.0392938809611365,0.0,0.04336077323773446,0.04336077323773446,0.025008596204381117,0.025008596204381117,0.0019863247871398926,0.0019863247871398926
98000161_2022-03-26,98000161,2022-03-26,54,M,98000007.0,0.739952380952381,0.04444999999999999,0.04444999999999999,0.04721223316716058,0.04721223316716058,-0.00013316556569120674,0.00013316556569120674,0.0,0.0,0.0,0.0,0.0,0.0,0.03782226450991563,0.0,0.03900624987618839,-0.03900624987618839,0.03383267242781951,0.03383267242781951,0.03434348106384277,-0.03434348106384277
98000162_2022-03-26,98000162,2022-03-26,27,M,98000007.0,0.341,0.01576190476190481,0.01576190476190481,0.013873116015273274,0.013873116015273274,0.019978642014663595,0.019978642014663595,0.0,0.0,-1.0,1.0,0.0,0.0,-0.11577616445013643,1.0,0.01867853458942781,0.01867853458942781,0.041366813853060735,0.041366813853060735,0.04158461093902588,0.04158461093902588
98000164_2022-03-26,98000164,2022-03-26,27,M,98000007.0,0.578857142857143,0.030714285714285694,0.030714285714285694,0.0742196742676528,0.0742196742676528,0.010976729359260806,0.010976729359260806,0.0,0.0,0.0,0.0,0.0,0.0,0.11322163096937676,0.0,0.02534650645187031,0.02534650645187031,0.06951173682735068,0.06951173682735068,0.06770294904708862,0.06770294904708862
98000166_2022-03-26,98000166,2022-03-26,24,F,98000680.0,0.38695,-0.012368421052631584,0.012368421052631584,0.00852293795744169,0.00852293795744169,0.05467471519667569,0.05467471519667569,0.0,0.0,0.0,0.0,0.0,0.0,-0.40285134414525237,0.0,0.0061641984910969505,-0.0061641984910969505,0.03890098769773159,-0.03890098769773159,0.039237260818481445,-0.039237260818481445
98000168_2022-03-26,98000168,2022-03-26,29,M,98000680.0,0.6426190476190476,0.014761904761904754,0.014761904761904754,0.026033485157415437,0.026033485157415437,-0.049628626075868806,0.049628626075868806,0.0,0.0,0.0,0.0,0.0,0.0,-0.27194190843060967,0.0,0.017443852286712302,0.017443852286712302,0.013804432059430383,-0.013804432059430383,0.028123974800109863,-0.01835114569891072
98000170_2022-03-26,98000170,2022-03-26,50,F,98000680.0,0.9732380952380952,0.07404761904761925,0.07404761904761925,0.07499717043745802,0.07499717043745802,0.030068855594517774,0.030068855594517774,0.0,0.0,0.0,0.0,0.0,0.0,0.6240579467858801,0.0,0.05910249689540403,-0.05910249689540403,0.027118288124634904,-0.027118288124634904,0.02993321418762207,-0.02993321418762207
98000171_2022-03-26,98000171,2022-03-26,58,M,98000680.0,0.6468499999999999,-0.05933333333333335,0.05933333333333335,-0.052568233785421276,0.052568233785421276,-0.0029698857736240036,0.0029698857736240036,0.0,0.0,-1.0,1.0,0.0,0.0,0.5537364819953275,1.0,0.04301225354134797,-0.04301225354134797,0.003951021246437536,-0.003951021246437536,0.05567634105682373,-0.05567634105682373
98000174_2022-03-26,98000174,2022-03-26,56,F,98000680.0,0.6721904761904762,-0.0119999999999999,0.0119999999999999,0.016388980989160584,0.016388980989160584,-0.17502231431303794,0.17502231431303794,0.0,0.0,-1.0,1.0,0.0,0.0,0.3150656724386503,1.0,0.00733398526261031,-0.00733398526261031,0.019695223595948663,0.019695223595948663,0.016883671283721924,0.016883671283721924
98000175_2022-03-26,98000175,2022-03-26,51,M,98000680.0,0.9161904761904764,0.03070000000000006,0.03070000000000006,0.074681357154878,0.074681357154878,-0.05811916218511204,0.05811916218511204,0.0,0.0,0.0,0.0,0.0,0.0,0.253854196176932,0.0,0.008067994469363016,0.008067994469363016,0.0567100279442192,0.022948013239024734,0.11225759983062744,-0.07806271121615405
98000176_2022-03-26,98000176,2022-03-26,42,M,98000680.0,0.8519500000000001,-0.020238095238095277,0.020238095238095277,0.04140108492335992,0.04140108492335992,0.1726487089576028,0.1726487089576028,0.0,0.0,0.0,0.0,0.0,0.0,0.2499695404554858,0.0,0.021863292958238634,0.021863292958238634,0.07481625260665026,0.0009229202619187582,0.029729127883911133,0.029729127883911133
98000180_2022-03-26,98000180,2022-03-26,38,F,98000680.0,0.6831904761904762,0.013238095238095271,0.013238095238095271,0.0131233369347461,0.0131233369347461,-0.0189544150462225,0.0189544150462225,0.0,0.0,-1.0,1.0,0.0,0.0,-0.15013205538925214,1.0,0.004998572949074576,-0.004998572949074576,0.0017334301302674993,0.0017334301302674993,0.02550661563873291,-0.02550661563873291
98000181_2022-03-26,98000181,2022-03-26,61,M,98000680.0,0.7744285714285715,0.011049999999999893,0.011049999999999893,0.010840002088174205,0.010840002088174205,0.11135262661214171,0.11135262661214171,0.0,0.0,0.0,0.0,0.0,0.0,-0.2351233704480894,0.0,0.008490156510634006,-0.008490156510634006,0.0010934308223398137,-0.0010934308223398137,0.001943051815032959,-0.001943051815032959
98000182_2022-03-26,98000182,2022-03-26,24,M,98000680.0,0.4971500000000001,-0.006649999999999878,0.006649999999999878,-0.013395668274421013,0.013395668274421013,-0.02081310123683,0.02081310123683,0.0,0.0,0.0,0.0,0.0,0.0,-0.5274201142114234,0.0,0.0008594786522031495,0.0008594786522031495,0.013881325899320562,0.013881325899320562,0.004065394401550293,-0.004065394401550293
98000185_2022-03-26,98000185,2022-03-26,38,F,98000009.0,0.8759500000000001,-0.013249999999999873,0.013249999999999873,0.04431564323569051,0.04431564323569051,0.054969200591899595,0.054969200591899595,0.0,0.0,0.0,0.0,0.0,0.0,-0.14592694111222917,0.0,0.011249593342544495,0.011249593342544495,0.04318851849543848,0.04318851849543848,0.01795172691345215,0.01795172691345215
98000186_2022-03-26,98000186,2022-03-26,53,M,98000009.0,0.6650499999999999,-0.03049999999999986,0.03049999999999986,0.011111075090135702,0.011111075090135702,-0.1734675767918091,0.1734675767918091,0.0,0.0,0.0,0.0,0.0,0.0,0.14991093309305673,0.0,0.019354034659928132,-0.009681163403281179,0.023887772328896495,-0.023887772328896495,0.020420432090759277,-0.016833484077453775
98000187_2022-03-26,98000187,2022-03-26,51,F,98000009.0,0.8025499999999999,0.021809523809523723,0.021809523809523723,0.0017001946610922247,0.0017001946610922247,0.03139050047816411,0.03139050047816411,0.0,0.0,0.0,0.0,0.0,0.0,-0.4198908332983196,0.0,0.01765016942900466,-0.01765016942900466,0.032927579264635076,-0.032927579264635076,0.02924370765686035,-0.02924370765686035
98000188_2022-03-26,98000188,2022-03-26,52,M,98000009.0,0.6298095238095238,-0.021600000000000286,0.021600000000000286,-0.043613386196057646,0.043613386196057646,-0.0392662530347987,0.0392662530347987,0.0,0.0,-1.0,1.0,0.0,0.0,0.20627411545703667,1.0,0.021877283655179824,-0.021877283655179824,0.0560334665546286,0.0560334665546286,0.048841655254364014,0.048841655254364014
98000189_2022-03-26,98000189,2022-03-26,36,M,98000009.0,0.537952380952381,0.049142857142857155,0.049142857142857155,0.05477211884485281,0.05477211884485281,-0.035030283710551294,0.035030283710551294,0.0,0.0,-1.0,1.0,0.0,0.0,0.5567505758404633,1.0,0.04665719917784816,0.026854205863414915,0.03240664094564938,0.008407873224014706,0.0696326494216919,0.00881191576094853
98000190_2022-03-26,98000190,2022-03-26,32,F,98000009.0,0.6956190476190477,-0.010238095238095268,0.010238095238095268,-0.017767164709347527,0.017767164709347527,-0.02305897354160011,0.02305897354160011,0.0,0.0,-1.0,1.0,0.0,0.0,-0.1372530325739826,1.0,0.005387587885313239,0.005387587885313239,0.0401067837343832,0.0401067837343832,0.06054729223251343,0.06054729223251343
98000191_2022-03-26,98000191,2022-03-26,40,F,98000009.0,0.5115000000000001,-0.004100000000000048,0.004100000000000048,0.009491431878137002,0.009491431878137002,0.1048820383768484,0.1048820383768484,0.0,0.0,0.0,0.0,0.0,0.0,-0.3354450053705907,0.0,0.0022142662535388213,0.0022142662535388213,0.012289493296796683,0.012289493296796683,0.010510623455047607,-0.010510623455047607
98000192_2022-03-26,98000192,2022-03-26,31,M,98000009.0,0.3905238095238095,-0.01742857142857146,0.01742857142857146,-0.03849446444282323,0.03849446444282323,0.1856633726490282,0.1856633726490282,0.0,0.0,0.0,0.0,0.0,0.0,0.23874505652157998,0.0,0.01457744136059913,-0.01457744136059913,0.0038063785124675675,-0.0038063785124675675,0.03721940517425537,-0.03721940517425537
98000193_2022-03-26,98000193,2022-03-26,49,F,98000009.0,0.6784285714285714,0.028761904761904933,0.028761904761904933,0.03635965563077442,0.03635965563077442,0.06952311125278919,0.06952311125278919,0.0,0.0,0.0,0.0,0.0,0.0,0.0026627433199499138,0.0,0.022686164516277696,-0.022686164516277696,0.10344593329746499,-0.10344593329746499,0.019309192895889282,-0.019309192895889282
98000195_2022-03-26,98000195,2022-03-26,25,M,98000009.0,0.5459,-0.007200000000000206,0.007200000000000206,0.01794363231646179,0.01794363231646179,-0.064873720136519,0.064873720136519,0.0,0.0,0.0,0.0,0.0,0.0,-0.3617367995652066,0.0,0.0037064465484186737,-0.0037064465484186737,0.0140921639864105,-0.0140921639864105,0.02706897258758545,-0.02706897258758545
98000197_2022-03-26,98000197,2022-03-26,38,M,98000009.0,0.5562857142857143,0.014857142857142847,0.014857142857142847,0.0214994700296966,0.0214994700296966,0.029668154287535803,0.029668154287535803,0.0,0.0,-1.0,1.0,0.0,0.0,-0.044275234176684546,1.0,0.010005183771967852,-0.010005183771967852,0.005455535535610123,0.005455535535610123,0.004097014665603638,0.004097014665603638
98000198_2022-03-26,98000198,2022-03-26,52,F,98000009.0,0.5631904761904762,0.004904761904761967,0.004904761904761967,0.014920495043683923,0.014920495043683923,0.059375518010838096,0.059375518010838096,0.0,0.0,0.0,0.0,0.0,0.0,-0.4224614171129404,0.0,0.0017213270224240018,0.0017213270224240018,0.022082483117159768,-0.022082483117159768,0.00585484504699707,-0.00585484504699707
98000200_2022-03-26,98000200,2022-03-26,50,F,98000009.0,0.4363809523809524,-0.01114285714285701,0.01114285714285701,0.051762210694836996,0.051762210694836996,-0.0068826904686006,0.0068826904686006,0.0,0.0,0.0,0.0,0.0,0.0,-0.25677801493842567,0.0,0.0043669816790053995,-0.0043669816790053995,0.03137102340970588,0.03137102340970588,0.011159062385559082,-0.011159062385559082
98000201_2022-03-26,98000201,2022-03-26,31,F,98000009.0,0.6140476190476191,-0.003750000000000031,0.003750000000000031,0.028510270119822823,0.028510270119822823,-0.0051343873517788186,0.0051343873517788186,0.0,0.0,0.0,0.0,-1.0,1.0,0.18575689457739655,1.0,0.0041015422169922156,0.0041015422169922156,0.06098947123693366,0.06098947123693366,0.022218167781829834,0.022218167781829834
98000203_2022-03-26,98000203,2022-03-26,41,M,98000009.0,0.8061,-0.032952380952381066,0.032952380952381066,-0.05222843466535221,0.05222843466535221,-0.06369811922218716,0.06369811922218716,0.0,0.0,0.0,0.0,-1.0,1.0,0.8233934008802613,1.0,0.019657541740099815,0.019657541740099815,0.0970301249983524,0.0970301249983524,0.09331086277961731,0.09331086277961731
98000204_2022-03-26,98000204,2022-03-26,21,M,98000009.0,0.4223888888888889,-0.008238095238095267,0.008238095238095267,0.02060424859493651,0.02060424859493651,-0.1053184571246416,0.1053184571246416,0.0,0.0,0.0,0.0,0.0,0.0,-0.2145612409333527,0.0,0.0037106215601638848,0.0037106215601638848,0.0020373705551294252,0.0020373705551294252,0.010161399841308594,0.010161399841308594
98000205_2022-03-26,98000205,2022-03-26,53,M,98000010.0,0.4448,-0.030142857142856916,0.030142857142856916,-0.02742875109047682,0.02742875109047682,0.0772645839974499,0.0772645839974499,0.0,0.0,0.0,0.0,0.0,0.0,-0.022019013135053212,0.0,0.022410526521464247,-0.022410526521464247,0.03754236615749729,0.03754236615749729,0.013830125331878662,-0.013830125331878662
98000207_2022-03-26,98000207,2022-03-26,60,M,98000010.0,0.594857142857143,0.02605000000000013,0.02605000000000013,-0.001557675380634782,0.001557675380634782,0.0034044480225421114,0.0034044480225421114,0.0,0.0,0.0,0.0,0.0,0.0,-0.4585466060856523,0.0,0.01872414457831828,0.01872414457831828,0.004673273743622808,0.004673273743622808,0.005217194557189941,0.005217194557189941
98000208_2022-03-26,98000208,2022-03-26,26,M,98000010.0,1.0212380952380953,0.011900000000000022,0.011900000000000022,0.04193237825229246,0.04193237825229246,-0.15711001755050014,0.15711001755050014,0.0,0.0,-2.0,2.0,0.0,0.0,0.7541724065851904,2.0,0.001016208744148983,0.001016208744148983,0.0027734527147147414,0.0027734527147147414,0.08078521490097046,-0.08078521490097046
98000209_2022-03-26,98000209,2022-03-26,32,F,98000010.0,0.7152380952380953,0.031952380952380954,0.031952380952380954,0.017743203818814196,0.017743203818814196,0.0877373286579535,0.0877373286579535,0.0,0.0,0.0,0.0,0.0,0.0,-0.03948675822514298,0.0,0.026813466219728133,-0.006461584897446304,0.06770508394871888,0.0335157863541794,0.03515428304672241,-0.005687298207056157
98000210_2022-03-26,98000210,2022-03-26,28,F,98000010.0,0.7560476190476191,0.025105263157894853,0.025105263157894853,-0.060390928434800706,0.060390928434800706,0.1260508108108108,0.1260508108108108,0.0,0.0,0.0,0.0,0.0,0.0,0.29547932801745863,0.0,0.01536489486201742,0.01536489486201742,0.02794688896203934,0.02794688896203934,0.00012820959091186523,-0.00012820959091186523
98000211_2022-03-26,98000211,2022-03-26,22,M,98000010.0,0.81075,0.00047368421052629284,0.00047368421052629284,0.06704477439505407,0.06704477439505407,0.2036198592071139,0.2036198592071139,0.0,0.0,0.0,0.0,0.0,0.0,0.31213739639057386,0.0,0.010151065859991482,0.010151065859991482,0.045059372788843866,0.045059372788843866,0.02937561273574829,0.02937561273574829
98000214_2022-03-26,98000214,2022-03-26,21,M,98000010.0,0.431,-0.0024210526315791014,0.0024210526315791014,-0.00034378468708107235,0.00034378468708107235,-0.12243972488851951,0.12243972488851951,0.0,0.0,0.0,0.0,0.0,0.0,-0.3647291924834521,0.0,0.00087003666135399,0.00087003666135399,0.01044147009537899,-0.01044147009537899,0.02046835422515869,-0.02046835422515869
98000216_2022-03-26,98000216,2022-03-26,24,F,98000252.0,0.7146190476190476,-0.012649999999999939,0.012649999999999939,0.033301645712895206,0.033301645712895206,-0.08126621160409539,0.08126621160409539,0.0,0.0,-2.0,2.0,0.0,0.0,0.4810501810569176,2.0,0.006512809372071771,0.006512809372071771,0.01245634265535922,0.01245634265535922,0.006720304489135742,0.006720304489135742
98000219_2022-03-26,98000219,2022-03-26,65,M,98000010.0,0.7058571428571428,0.013950000000000129,0.013950000000000129,0.014988375461577552,0.014988375461577552,0.010987751032616011,0.010987751032616011,0.0,0.0,0.0,0.0,0.0,0.0,-0.4693451326567292,0.0,0.007797430922881432,-0.007797430922881432,0.09741533322249052,-0.09741533322249052,0.06551581621170044,-0.06551581621170044
98000220_2022-03-26,98000220,2022-03-26,65,M,98000010.0,0.6136666666666667,0.03719047619047611,0.03719047619047611,0.055053308005732216,0.055053308005732216,0.004698437998087113,0.004698437998087113,0.0,0.0,-1.0,1.0,0.0,0.0,0.3461085665196206,1.0,0.020995112618323986,-0.0037641451342133037,0.034231794737695664,0.034231794737695664,0.0054541826248168945,-0.0054541826248168945
98000222_2022-03-26,98000222,2022-03-26,65,F,98000010.0,0.4538571428571429,0.022333333333333205,0.022333333333333205,0.06687053133521931,0.06687053133521931,-0.019888747210711197,0.019888747210711197,0.0,0.0,0.0,0.0,0.0,0.0,0.0015512523962936582,0.0,0.015584113683055012,0.015584113683055012,0.0438934879878492,0.0438934879878492,0.05147331953048706,0.05147331953048706
98000224_2022-03-26,98000224,2022-03-26,23,F,98000010.0,0.5882777777777778,0.024142857142857244,0.024142857142857244,0.039864801087637694,0.039864801087637694,-0.0570411220911699,0.0570411220911699,0.0,0.0,0.0,0.0,0.0,0.0,-0.057528797347486664,0.0,0.02778595972006015,0.02778595972006015,0.018048348577333173,0.018048348577333173,0.029111623764038086,0.029111623764038086
98000225_2022-03-26,98000225,2022-03-26,37,F,98000010.0,0.5597619047619048,-0.01519047619047631,0.01519047619047631,0.07475607029414799,0.07475607029414799,-0.0319107427478485,0.0319107427478485,0.0,0.0,0.0,0.0,0.0,0.0,0.01690409625082609,0.0,0.018958409613155758,-0.018958409613155758,0.019566935695984333,0.019566935695984333,0.02969670295715332,0.02969670295715332
98000227_2022-03-26,98000227,2022-03-26,54,F,98000011.0,0.6112500000000001,0.04180952380952396,0.04180952380952396,0.05089106811853139,0.05089106811853139,0.006206566783550804,0.006206566783550804,0.0,0.0,0.0,0.0,0.0,0.0,0.05352224872082068,0.0,0.029646377367359977,0.029646377367359977,0.016484853276084177,0.016484853276084177,0.02203536033630371,0.010941710472106791
98000230_2022-03-26,98000230,2022-03-26,56,M,98000011.0,1.0288571428571431,0.01766666666666661,0.01766666666666661,0.10495498447436519,0.10495498447436519,-0.0397172457762196,0.0397172457762196,0.0,0.0,-1.0,1.0,0.0,0.0,0.5899307487895676,1.0,0.009301510037858396,-0.009301510037858396,0.05981968167123253,0.05981968167123253,0.004950523376464844,-0.004950523376464844
98000231_2022-03-26,98000231,2022-03-26,45,F,98000011.0,0.8914,0.031476190476190435,0.031476190476190435,0.07845209781864637,0.07845209781864637,-0.14557315906917384,0.14557315906917384,0.0,0.0,0.0,0.0,0.0,0.0,0.5431768942306685,0.0,0.01995549187782031,-0.015357695814867234,0.015579077291586696,0.015579077291586696,0.025196731090545654,-0.025196731090545654
98000232_2022-03-26,98000232,2022-03-26,34,M,98000011.0,0.6136842105263158,0.005150000000000099,0.005150000000000099,-0.007341556079920708,0.007341556079920708,-0.1025950526797984,0.1025950526797984,0.0,0.0,-1.0,1.0,0.0,0.0,-0.029838023451867396,1.0,0.01226264995644194,-0.01226264995644194,0.010111762739921981,0.010111762739921981,0.014042079448699951,-0.014042079448699951
98000234_2022-03-26,98000234,2022-03-26,21,M,98000011.0,0.2910476190476191,-0.008047619047619026,0.008047619047619026,0.0091733345572481,0.0091733345572481,-0.039507810009563105,0.039507810009563105,0.0,0.0,0.0,0.0,0.0,0.0,-0.4874774104473856,0.0,0.00044781710940428043,-0.00044781710940428043,0.004845108433719381,-0.004845108433719381,0.04445430636405945,-0.04445430636405945
98000235_2022-03-26,98000235,2022-03-26,58,M,98000011.0,0.48875,-0.007900000000000018,0.007900000000000018,0.04501591088035742,0.04501591088035742,-0.0786969829470921,0.0786969829470921,0.0,0.0,0.0,0.0,0.0,0.0,-0.12736781232677338,0.0,0.00046216158291012555,0.00046216158291012555,0.03799458086137275,0.03799458086137275,0.01345360279083252,0.01345360279083252
98000236_2022-03-26,98000236,2022-03-26,63,F,98000011.0,0.7475,0.03647619047619044,0.03647619047619044,0.05370923019365159,0.05370923019365159,-0.030116671979598303,0.030116671979598303,0.0,0.0,0.0,0.0,0.0,0.0,0.08739675388620889,0.0,0.029144723722251298,-0.029144723722251298,0.03957743180986706,-0.03957743180986706,0.03038167953491211,-0.03038167953491211
98000237_2022-03-26,98000237,2022-03-26,44,F,98000011.0,0.9895714285714288,0.011473684210526525,0.011473684210526525,0.06541983411687441,0.06541983411687441,0.08821081337443681,0.08821081337443681,0.0,0.0,0.0,0.0,0.0,0.0,0.07824701812773642,0.0,0.004939861113246291,-0.004939861113246291,0.007088222002987088,0.007088222002987088,0.003537297248840332,-0.003148483685084358
98000240_2022-03-26,98000240,2022-03-26,56,F,98000011.0,1.03255,0.0001499999999996504,0.0001499999999996504,-0.0028745149803375836,0.0028745149803375836,-0.08698342664343131,0.08698342664343131,0.0,0.0,0.0,0.0,-1.0,1.0,0.2104406063832375,1.0,0.000502093674235482,0.000502093674235482,0.0027351213578417077,-0.0027351213578417077,0.015879809856414795,-0.015879809856414795
98000241_2022-03-26,98000241,2022-03-26,42,F,98000011.0,0.8236842105263159,-0.0330476190476191,0.0330476190476191,0.008797053711333103,0.008797053711333103,-0.017075231112527484,0.017075231112527484,0.0,0.0,0.0,0.0,0.0,0.0,-0.29607773101898244,0.0,0.025911914207655817,-0.0141014041989036,0.005516961204598769,-0.005516961204598769,0.04683387279510498,-0.04683387279510498
98000244_2022-03-26,98000244,2022-03-26,65,F,98000011.0,0.6898888888888889,-0.00973684210526321,0.00973684210526321,0.003916259645507181,0.003916259645507181,0.10942836113837118,0.10942836113837118,0.0,0.0,0.0,0.0,0.0,0.0,-0.30213205907247237,0.0,0.00869837758916453,0.00869837758916453,0.036823733513304535,-0.036823733513304535,0.010210633277893066,-0.010210633277893066
98000247_2022-03-26,98000247,2022-03-26,18,F,98000012.0,0.5172857142857142,-0.002809523809523873,0.002809523809523873,-0.00017546002875612476,0.00017546002875612476,0.008092445011157023,0.008092445011157023,0.0,0.0,-1.0,1.0,0.0,0.0,-0.3793918882459672,1.0,0.0016506192753002469,-0.0016506192753002469,0.0008216167207703573,0.0008216167207703573,0.006349474191665649,-0.006349474191665649
98000249_2022-03-26,98000249,2022-03-26,45,F,98000012.0,0.6532857142857144,-0.03654999999999997,0.03654999999999997,0.015250960436617111,0.015250960436617111,-0.0035119453924915,0.0035119453924915,0.0,0.0,-1.0,1.0,0.0,0.0,0.061422570553671056,1.0,0.03153763091415751,0.03153763091415751,0.01605083235602245,0.01605083235602245,0.044081270694732666,0.044081270694732666
98000250_2022-03-26,98000250,2022-03-26,40,F,98000012.0,0.5127368421052632,0.005142857142857116,0.005142857142857116,0.031649001534774485,0.031649001534774485,0.10980745935607292,0.10980745935607292,0.0,0.0,0.0,0.0,0.0,0.0,-0.1573919549440642,0.0,0.005661752958103117,0.005661752958103117,0.051504069156633525,0.051504069156633525,0.019358396530151367,0.019358396530151367
98000251_2022-03-26,98000251,2022-03-26,27,M,98000012.0,0.3116315789473683,0.0045000000000000595,0.0045000000000000595,0.01930493123244581,0.01930493123244581,-0.05147428801449108,0.05147428801449108,0.0,0.0,0.0,0.0,0.0,0.0,-0.41947796806362675,0.0,0.006970220366499413,0.006970220366499413,0.051619890503726396,-0.051619890503726396,0.0026550889015197754,0.0026550889015197754
98000255_2022-03-26,98000255,2022-03-26,34,F,98000012.0,0.6701428571428572,-0.03715789473684222,0.03715789473684222,-0.010021694612699,0.010021694612699,0.0126151302190992,0.0126151302190992,0.0,0.0,0.0,0.0,0.0,0.0,-0.2579876593475998,0.0,0.026822821440348088,0.026822821440348088,0.01867087589034977,-0.01867087589034977,0.03213632106781006,0.03213632106781006
98000256_2022-03-26,98000256,2022-03-26,65,F,98000012.0,0.9135714285714284,0.028650000000000064,0.028650000000000064,0.12455158643794373,0.12455158643794373,-0.12598030233623497,0.12598030233623497,0.0,0.0,-1.0,1.0,0.0,0.0,1.090889661687408,1.0,0.01882425363640461,-0.01882425363640461,0.009620630938482866,0.009620630938482866,0.0016322731971740723,0.0016322731971740723
98000258_2022-03-26,98000258,2022-03-26,46,F,98000012.0,0.8886842105263159,0.004952380952381041,0.004952380952381041,0.05623650110210521,0.05623650110210521,0.000738284985655091,0.000738284985655091,0.0,0.0,0.0,0.0,0.0,0.0,-0.30809579550437866,0.0,0.0030403831318109864,-0.0030403831318109864,0.007179376553937411,0.007179376553937411,0.002801656723022461,0.002801656723022461
98000259_2022-03-26,98000259,2022-03-26,45,F,98000012.0,0.6055499999999999,0.01076190476190464,0.01076190476190464,0.049984003752316875,0.049984003752316875,0.08928466687918389,0.08928466687918389,0.0,0.0,0.0,0.0,0.0,0.0,-0.03248983131338413,0.0,0.007690954612740275,0.007690954612740275,0.02315647976314783,0.02315647976314783,0.006805002689361572,0.006805002689361572
98000261_2022-03-26,98000261,2022-03-26,44,F,98000012.0,0.6234,-0.011736842105263046,0.011736842105263046,0.03293994741742029,0.03293994741742029,0.036953733394411326,0.036953733394411326,0.0,0.0,0.0,0.0,0.0,0.0,-0.2926889235505983,0.0,0.007737701279127096,-0.007737701279127096,0.050065795130727286,0.03746322299577565,0.007002413272857666,0.007002413272857666
98000266_2022-03-26,98000266,2022-03-26,62,M,98000012.0,1.0518571428571428,0.017142857142856793,0.017142857142856793,0.08290493224666651,0.08290493224666651,0.16668218042715965,0.16668218042715965,0.0,0.0,0.0,0.0,0.0,0.0,0.48674333553548915,0.0,0.010933868016359205,-0.010933868016359205,0.08212216280194928,0.08212216280194928,0.0033211708068847656,0.0033211708068847656
98000268_2022-03-26,98000268,2022-03-26,63,F,98000013.0,0.6989047619047619,-0.013428571428571512,0.013428571428571512,0.010385198878279212,0.010385198878279212,0.049079693975135286,0.049079693975135286,0.0,0.0,-1.0,1.0,0.0,0.0,-0.07911663630602804,1.0,0.011550559840374341,0.011550559840374341,0.00455477062804277,-0.00455477062804277,0.01408839225769043,0.01408839225769043
98000269_2022-03-26,98000269,2022-03-26,21,F,98000013.0,0.5647,-0.0028571428571428914,0.0028571428571428914,0.025396617229456686,0.025396617229456686,-0.0199681224099458,0.0199681224099458,0.0,0.0,-1.0,1.0,0.0,0.0,-0.17024822264055986,1.0,0.004972652104637154,-0.004972652104637154,0.0007262090681067201,0.0007262090681067201,0.011642217636108398,-0.011642217636108398
98000270_2022-03-26,98000270,2022-03-26,55,F,98000013.0,0.786578947368421,0.031190476190476324,0.031190476190476324,0.03411906970333012,0.03411906970333012,0.03544532993305741,0.03544532993305741,0.0,0.0,-1.0,1.0,0.0,0.0,0.22916320634866896,1.0,0.026459558594028376,-0.026459558594028376,0.009810281767575924,-0.009810281767575924,0.027412116527557373,-0.027412116527557373
98000271_2022-03-26,98000271,2022-03-26,22,F,98000013.0,0.7350476190476191,-0.006842105263157761,0.006842105263157761,-0.016483894027812807,0.016483894027812807,0.025887556841669906,0.025887556841669906,0.0,0.0,0.0,0.0,0.0,0.0,-0.48931128388351386,0.0,0.0036523640622487807,0.0036523640622487807,0.026768415233805798,0.026768415233805798,0.01700913906097412,0.01700913906097412
98000272_2022-03-26,98000272,2022-03-26,59,F,98000013.0,0.9151428571428568,0.036799999999999944,0.036799999999999944,0.048785330045014896,0.048785330045014896,0.149917544663307,0.149917544663307,0.0,0.0,0.0,0.0,0.0,0.0,0.4064562246194112,0.0,0.023050834594876224,-0.023050834594876224,0.056599408302130505,-0.056599408302130505,0.036643028259277344,-0.036643028259277344
98000273_2022-03-26,98000273,2022-03-26,50,F,98000013.0,0.8017999999999998,0.023950000000000027,0.023950000000000027,0.05339953681383108,0.05339953681383108,-0.1125652173913046,0.1125652173913046,0.0,0.0,0.0,0.0,0.0,0.0,0.19589835294934424,0.0,0.017326658291210828,-0.017326658291210828,0.045055166553333525,-0.035459543018334316,0.03480935096740723,-0.03155193195342987
98000274_2022-03-26,98000274,2022-03-26,41,M,98000013.0,0.8748095238095239,-0.006714285714285673,0.006714285714285673,0.0811855160150145,0.0811855160150145,-0.007663053873126796,0.007663053873126796,0.0,0.0,0.0,0.0,0.0,0.0,-0.0974876201449923,0.0,0.0045638203678426414,0.0030660845435837025,0.032159591208261284,-0.032159591208261284,0.005986452102661133,0.005986452102661133
98000276_2022-03-26,98000276,2022-03-26,21,M,98000013.0,0.5648888888888889,-0.006500000000000061,0.006500000000000061,0.0227830954424401,0.0227830954424401,0.07223579613888989,0.07223579613888989,0.0,0.0,-2.0,2.0,0.0,0.0,0.3183012536831642,2.0,0.007087074193854903,0.007087074193854903,0.026643731458622644,-0.026643731458622644,0.021455347537994385,-0.021455347537994385
98000277_2022-03-26,98000277,2022-03-26,25,F,98000013.0,0.7664285714285716,0.02629999999999999,0.02629999999999999,0.010371021490413607,0.010371021490413607,-0.0442292490118575,0.0442292490118575,0.0,0.0,0.0,0.0,0.0,0.0,-0.2759967639415544,0.0,0.01875744790590317,0.01875744790590317,0.014270437277144832,0.014270437277144832,0.0195082426071167,-0.0195082426071167
98000279_2022-03-26,98000279,2022-03-26,58,F,98000013.0,0.496,0.006000000000000116,0.006000000000000116,0.011228217520969086,0.011228217520969086,0.012535304501323896,0.012535304501323896,0.0,0.0,0.0,0.0,0.0,0.0,-0.5732790785917785,0.0,0.006824078662706068,-0.006824078662706068,0.04508781934418343,0.04508781934418343,0.03960543870925903,-0.017219142436981194
98000281_2022-03-26,98000281,2022-03-26,36,F,98000013.0,1.02825,-0.010649999999999826,0.010649999999999826,0.0258113179529742,0.0258113179529742,0.0389051383399208,0.0389051383399208,0.0,0.0,0.0,0.0,0.0,0.0,-0.347450107267379,0.0,0.018162003639208057,0.018162003639208057,0.07874790676358068,0.07874790676358068,0.044474124908447266,0.044474124908447266
98000282_2022-03-26,98000282,2022-03-26,52,M,98000013.0,0.6455238095238096,0.04959999999999998,0.04959999999999998,0.059773485576100294,0.059773485576100294,-0.03038907849829381,0.03038907849829381,0.0,0.0,0.0,0.0,0.0,0.0,0.26623537153883703,0.0,0.043995809037317035,0.043995809037317035,0.039711869293579616,0.039711869293579616,0.0743025541305542,0.0743025541305542
98000283_2022-03-26,98000283,2022-03-26,26,F,98000013.0,0.5996190476190476,-0.009199999999999875,0.009199999999999875,0.026620258585129897,0.026620258585129897,-0.16061800601778312,0.16061800601778312,0.0,0.0,0.0,0.0,0.0,0.0,-0.0016721912217191233,0.0,0.0016554261884631494,-0.0016554261884631494,0.05089512596930279,0.05089512596930279,0.0028163790702819824,-0.0028163790702819824
98000284_2022-03-26,98000284,2022-03-26,28,M,98000013.0,0.5947500000000001,-0.03066666666666673,0.03066666666666673,-0.015369999544580126,0.015369999544580126,-0.03238029964934641,0.03238029964934641,0.0,0.0,0.0,0.0,0.0,0.0,-0.2307745206859609,0.0,0.02222327508251931,-0.02222327508251931,0.02774902061330964,-0.016989148502135953,0.047808051109313965,0.02177646350860618
98000285_2022-03-26,98000285,2022-03-26,65,F,98000013.0,0.5241904761904761,-0.011380952380952436,0.011380952380952436,0.011565835914642886,0.011565835914642886,0.08206056742110301,0.08206056742110301,0.0,0.0,0.0,0.0,0.0,0.0,-0.31217687850930087,0.0,0.006686422943752768,0.006686422943752768,0.030061518602286508,-0.030061518602286508,0.04984283447265625,-0.04984283447265625
98000286_2022-03-26,98000286,2022-03-26,20,F,98000013.0,0.5449999999999999,0.013047619047619086,0.013047619047619086,0.0360439407286626,0.0360439407286626,-0.0054577621931782005,0.0054577621931782005,0.0,0.0,-1.0,1.0,0.0,0.0,-0.03338477073201602,1.0,0.009258137720294046,0.009258137720294046,8.211864707674543e-06,-8.211864707674543e-06,0.010856449604034424,0.010856449604034424
98000287_2022-03-26,98000287,2022-03-26,44,M,98000726.0,0.5880000000000001,-0.022285714285714575,0.022285714285714575,-0.014978448907099706,0.014978448907099706,0.1526012113484222,0.1526012113484222,0.0,0.0,0.0,0.0,0.0,0.0,0.03043224296431345,0.0,0.016809737643245892,-0.016809737643245892,0.04419234319282084,-0.04419234319282084,0.046338796615600586,-0.046338796615600586
98000289_2022-03-26,98000289,2022-03-26,30,M,98000726.0,0.8073157894736841,0.03468421052631587,0.03468421052631587,-0.006966801194454586,0.006966801194454586,-0.12146747812856598,0.12146747812856598,0.0,0.0,0.0,0.0,0.0,0.0,0.012974716568668193,0.0,0.02691641313698745,-0.02691641313698745,0.043858539866696966,0.0057985967730497245,0.023995399475097656,-0.00880341293937259
98000291_2022-03-26,98000291,2022-03-26,19,M,98000726.0,0.42295,0.007999999999999896,0.007999999999999896,-0.014710177897526294,0.014710177897526294,-0.015905642333439773,0.015905642333439773,0.0,0.0,0.0,0.0,0.0,0.0,-0.5186641545227587,0.0,0.004464450505853312,0.004464450505853312,0.04499003082015607,0.04499003082015607,0.019577741622924805,0.019577741622924805
98000294_2022-03-26,98000294,2022-03-26,44,M,98000726.0,1.1223809523809525,-0.03180952380952351,0.03180952380952351,0.023290629533390894,0.023290629533390894,-0.23298246732547012,0.23298246732547012,0.0,0.0,-1.0,1.0,0.0,0.0,0.7374455522115101,1.0,0.022547686034088965,0.022547686034088965,0.07192263625093254,0.07192263625093254,0.06493937969207764,0.06493937969207764
98000296_2022-03-26,98000296,2022-03-26,45,F,98000726.0,0.7592999999999999,-0.009952380952381046,0.009952380952381046,0.030261717013842004,0.030261717013842004,-0.1713624481989161,0.1713624481989161,0.0,0.0,0.0,0.0,0.0,0.0,0.0626172389194825,0.0,0.00026225753294162324,0.00026225753294162324,0.03204238705053131,-0.02584958825020167,0.05093181133270264,0.037941588020324435
98000297_2022-03-26,98000297,2022-03-26,27,F,98000726.0,0.3134,0.019166666666666665,0.019166666666666665,0.0246016710646203,0.0246016710646203,0.11152890351779493,0.11152890351779493,0.0,0.0,0.0,0.0,0.0,0.0,-0.05543304078781344,0.0,0.015794644988160578,0.015794644988160578,0.005664990229221956,0.005664990229221956,0.031199276447296143,0.031199276447296143
98000298_2022-03-26,98000298,2022-03-26,63,F,98000726.0,0.5878095238095238,0.021952380952381,0.021952380952381,0.04084926702653871,0.04084926702653871,-0.0872649027733506,0.0872649027733506,0.0,0.0,0.0,0.0,0.0,0.0,0.014742987102891616,0.0,0.02402597315078525,-0.02402597315078525,4.493327185944862e-05,-4.493327185944862e-05,0.00622895359992981,-0.00622895359992981
98000299_2022-03-26,98000299,2022-03-26,50,F,98000726.0,0.6475714285714286,0.032809523809523844,0.032809523809523844,0.020684375725449206,0.020684375725449206,-0.04518552757411551,0.04518552757411551,0.0,0.0,0.0,0.0,0.0,0.0,-0.1344981575905103,0.0,0.033794873557731364,-0.033794873557731364,0.01969619742775086,-0.017393593152162823,0.027078449726104736,-0.027078449726104736
98000301_2022-03-26,98000301,2022-03-26,25,M,98000726.0,0.4220526315789474,-0.011399999999999966,0.011399999999999966,0.01976766489889631,0.01976766489889631,0.00047605054363810025,0.00047605054363810025,0.0,0.0,0.0,0.0,0.0,0.0,-0.49352205023787316,0.0,0.008352353207283003,0.008352353207283003,0.02321663284815506,0.02321663284815506,0.01394355297088623,0.01394355297088623
98000302_2022-03-26,98000302,2022-03-26,62,M,98000726.0,1.0356315789473685,-0.012333333333332863,0.012333333333332863,0.024944298725844694,0.024944298725844694,0.019065349059611186,0.019065349059611186,0.0,0.0,0.0,0.0,-1.0,1.0,0.2909025191837497,1.0,0.009562702354780739,0.009562702354780739,0.06734490018994133,0.06734490018994133,0.014418959617614746,-0.014418959617614746
98000304_2022-03-26,98000304,2022-03-26,20,F,98000726.0,0.4926499999999999,-0.00961904761904775,0.00961904761904775,-0.016746844720363696,0.016746844720363696,-0.04944596748485797,0.04944596748485797,0.0,0.0,-1.0,1.0,0.0,0.0,-0.0737002081685708,1.0,0.0004044222930590369,-0.0004044222930590369,0.055297357129881486,0.055297357129881486,0.004807949066162109,-0.004807949066162109
98000305_2022-03-26,98000305,2022-03-26,22,M,98000726.0,0.3508095238095238,-0.0013999999999999568,0.0013999999999999568,0.009808860281610876,0.009808860281610876,-0.15652812279856168,0.15652812279856168,0.0,0.0,0.0,0.0,0.0,0.0,-0.21053713871627336,0.0,0.0037774718005841867,0.0037774718005841867,0.0018121711258234363,-0.0018121711258234363,0.011309683322906494,-0.011309683322906494
98000306_2022-03-26,98000306,2022-03-26,50,F,98000726.0,0.7787894736842106,0.011095238095237936,0.011095238095237936,0.004431071567157996,0.004431071567157996,0.185956965253427,0.185956965253427,0.0,0.0,0.0,0.0,0.0,0.0,-0.06111596123060739,0.0,0.00460835656915437,0.00460835656915437,0.00029043557900376715,-0.00029043557900376715,0.02920663356781006,-0.02920663356781006
98000308_2022-03-26,98000308,2022-03-26,40,F,98000015.0,0.6988095238095239,-0.0262,0.0262,-0.013187054725452507,0.013187054725452507,-0.10542938030827259,0.10542938030827259,0.0,0.0,0.0,0.0,0.0,0.0,-0.07898178489087394,0.0,0.011926553728149991,0.011926553728149991,0.03554758365039912,-0.03554758365039912,0.0067539215087890625,-0.0047042755853563545
98000309_2022-03-26,98000309,2022-03-26,19,M,98000015.0,0.3586666666666667,-0.0041999999999998705,0.0041999999999998705,-0.0196416928483924,0.0196416928483924,0.00387123833490588,0.00387123833490588,0.0,0.0,-1.0,1.0,0.0,0.0,-0.24299360916487758,1.0,0.0023720033031762733,0.0023720033031762733,0.009785121656871842,-0.009785121656871842,0.023103684186935425,0.023103684186935425
98000311_2022-03-26,98000311,2022-03-26,62,F,98000015.0,0.7507619047619047,0.0004285714285714448,0.0004285714285714448,0.03050047258354019,0.03050047258354019,0.04924609499521809,0.04924609499521809,0.0,0.0,0.0,0.0,0.0,0.0,-0.39100582267487843,0.0,0.002536069705468491,-0.002536069705468491,0.009487215384335723,-0.009487215384335723,0.014087677001953125,-0.014087677001953125
98000312_2022-03-26,98000312,2022-03-26,39,M,98000015.0,0.6163000000000001,0.022714285714285576,0.022714285714285576,0.05972939067449001,0.05972939067449001,0.15679853363085783,0.15679853363085783,0.0,0.0,-2.0,2.0,-1.0,1.0,1.673044569623315,3.0,0.011472617995157863,0.011472617995157863,0.016950294806220456,-0.016950294806220456,0.03687930107116699,-0.03687930107116699
98000313_2022-03-26,98000313,2022-03-26,39,M,98000015.0,0.6514,0.020047619047619203,0.020047619047619203,0.031705088821541993,0.031705088821541993,0.045653171820210336,0.045653171820210336,0.0,0.0,0.0,0.0,-1.0,1.0,0.49520932702010373,1.0,0.01400009020084969,0.01400009020084969,0.030902272161451694,-0.030902272161451694,0.037960171699523926,-0.037960171699523926
98000316_2022-03-26,98000316,2022-03-26,47,M,98000015.0,0.58055,0.04139999999999999,0.04139999999999999,0.024797460566469087,0.024797460566469087,0.05183139013452889,0.05183139013452889,0.0,0.0,0.0,0.0,0.0,0.0,0.002432171957620808,0.0,0.03539943148544156,-0.016591986629894473,0.04405349509586587,-0.01069235064733498,0.028231263160705566,-0.019771069145202658
98000319_2022-03-26,98000319,2022-03-26,54,M,98000015.0,0.8367368421052632,-0.026904761904761987,0.026904761904761987,0.008552400848492986,0.008552400848492986,0.001977685686961994,0.001977685686961994,0.0,0.0,0.0,0.0,0.0,0.0,-0.40558658135923403,0.0,0.022867795609377906,0.022867795609377906,0.032882285923918175,0.032882285923918175,0.03249245882034302,0.03249245882034302
98000321_2022-03-26,98000321,2022-03-26,36,M,98000015.0,0.4614761904761904,0.013809523809524049,0.013809523809524049,0.047806397971142944,0.047806397971142944,-0.1725712464137708,0.1725712464137708,0.0,0.0,0.0,0.0,0.0,0.0,0.22720948611313144,0.0,0.01093024277616128,0.01093024277616128,0.04409070802748882,0.04409070802748882,0.05164229869842529,0.05164229869842529
98000322_2022-03-26,98000322,2022-03-26,36,M,98000015.0,0.3609090909090909,0.014736842105263215,0.014736842105263215,0.02011750873953061,0.02011750873953061,0.004672483863256194,0.004672483863256194,0.0,0.0,0.0,0.0,0.0,0.0,-0.44422799303816407,0.0,0.015492514707641902,0.015492514707641902,0.028310759951944486,-0.028310759951944486,0.003773927688598633,0.003773927688598633
98000323_2022-03-26,98000323,2022-03-26,37,M,98000015.0,0.5453809523809523,0.0017142857142858903,0.0017142857142858903,0.03965457444612669,0.03965457444612669,0.2197784507491235,0.2197784507491235,0.0,0.0,-1.0,1.0,0.0,0.0,0.49944041990104,1.0,0.00016977247427918396,-0.00016977247427918396,0.10825672331060687,0.10825672331060687,0.008675575256347656,0.008675575256347656
98000324_2022-03-26,98000324,2022-03-26,29,M,98000015.0,0.4434761904761905,-0.011428571428571399,0.011428571428571399,0.008052080110534543,0.008052080110534543,0.007648708957602612,0.007648708957602612,0.0,0.0,0.0,0.0,0.0,0.0,-0.5531101662338681,0.0,0.011468924506504885,-0.011468924506504885,0.005857700060257209,0.005857700060257209,0.010478764772415161,-0.005278219166256037
98000327_2022-03-26,98000327,2022-03-26,18,M,98000605.0,0.438,-0.005650000000000099,0.005650000000000099,-0.0026641695297680013,0.0026641695297680013,-0.0004275934308482082,0.0004275934308482082,0.0,0.0,0.0,0.0,-1.0,1.0,0.013440041564843982,1.0,0.00584280354129707,-0.00584280354129707,0.009897665824681046,-0.009897665824681046,0.008506238460540771,-0.008506238460540771
98000328_2022-03-26,98000328,2022-03-26,26,F,98000605.0,0.764,-0.03994999999999993,0.03994999999999993,-0.04079690821116766,0.04079690821116766,0.036729707901467,0.036729707901467,0.0,0.0,0.0,0.0,0.0,0.0,0.05367703022553132,0.0,0.03569046162722278,-0.03569046162722278,0.009067966614546119,-0.009067966614546119,0.03935575485229492,-0.03935575485229492
98000329_2022-03-26,98000329,2022-03-26,64,F,98000605.0,0.4242380952380952,0.010649999999999826,0.010649999999999826,0.010251710544285308,0.010251710544285308,-0.0055338753387533,0.0055338753387533,0.0,0.0,-1.0,1.0,0.0,0.0,-0.23597413098251444,1.0,0.01275800030088553,0.01275800030088553,0.009358040867812334,-0.009358040867812334,0.0013141632080078125,-0.0013141632080078125
98000330_2022-03-26,98000330,2022-03-26,59,F,98000605.0,0.6052500000000001,0.03885714285714281,0.03885714285714281,0.04262859016239362,0.04262859016239362,0.048766974816704105,0.048766974816704105,0.0,0.0,0.0,0.0,0.0,0.0,0.09010380303352294,0.0,0.029824199080759395,0.029824199080759395,0.07578985151363071,0.07578985151363071,0.030981004238128662,0.030981004238128662
98000331_2022-03-26,98000331,2022-03-26,31,M,98000605.0,0.7278947368421052,0.02138095238095239,0.02138095238095239,-0.004812882444267891,0.004812882444267891,0.0404650940388908,0.0404650940388908,0.0,0.0,0.0,0.0,0.0,0.0,-0.3763798188083323,0.0,0.01721863236611032,-0.0016527695212802396,0.06219977985072678,-0.01837910208157356,0.010163545608520508,0.002669545976739407
98000332_2022-03-26,98000332,2022-03-26,38,M,98000605.0,0.9080476190476192,-0.001000000000000334,0.001000000000000334,-0.029784333104607374,0.029784333104607374,-0.1301020408163266,0.1301020408163266,0.0,0.0,0.0,0.0,0.0,0.0,-0.154018860883235,0.0,0.00476909472137188,-0.00476909472137188,0.01838465270696299,0.01838465270696299,0.025847196578979492,0.0004452518281485851
98000333_2022-03-26,98000333,2022-03-26,60,M,98000605.0,0.7089047619047619,0.02110000000000012,0.02110000000000012,0.08958421496195201,0.08958421496195201,-0.1475559037174189,0.1475559037174189,0.0,0.0,0.0,0.0,0.0,0.0,0.5180662182749854,0.0,0.012831102715629261,-0.012831102715629261,0.06271298127050295,-0.021734621044072533,0.1385411024093628,0.125981651079087
98000334_2022-03-26,98000334,2022-03-26,34,F,98000605.0,0.9063333333333332,-0.0300476190476191,0.0300476190476191,-0.02497275879156352,0.02497275879156352,0.03015970672617209,0.03015970672617209,0.0,0.0,-1.0,1.0,-1.0,1.0,0.8235485093618848,2.0,0.0269897119723288,0.0269897119723288,0.04493585658782184,0.04493585658782184,0.0047643184661865234,0.0047643184661865234
98000337_2022-03-26,98000337,2022-03-26,22,F,98000605.0,0.4128421052631579,-0.04414999999999991,0.04414999999999991,-0.06361372490115086,0.06361372490115086,-0.09614647963312672,0.09614647963312672,0.0,0.0,0.0,0.0,0.0,0.0,0.42809065509269323,0.0,0.02705865239276506,-0.02705865239276506,0.08061618558783035,-0.08061618558783035,0.04365271329879761,-0.04365271329879761
98000339_2022-03-26,98000339,2022-03-26,26,F,98000605.0,0.857,0.0313500000000001,0.0313500000000001,0.0256632651939995,0.0256632651939995,0.021121076233183378,0.021121076233183378,0.0,0.0,0.0,0.0,0.0,0.0,-0.18553709271005894,0.0,0.02581328500406166,-0.02581328500406166,0.020408474606406823,0.020408474606406823,0.05248403549194336,0.05248403549194336
98000340_2022-03-26,98000340,2022-03-26,55,F,98000605.0,0.5048571428571428,-0.010352941176470565,0.010352941176470565,0.023758082791320523,0.023758082791320523,-0.10329369334243109,0.10329369334243109,0.0,0.0,0.0,0.0,0.0,0.0,-0.17676475712206452,0.0,0.0029920324860079894,-0.0029920324860079894,0.018877060073996588,-0.018877060073996588,0.02047562599182129,-0.02047562599182129
98000343_2022-03-26,98000343,2022-03-26,34,F,98000605.0,0.6652222222222223,0.022238095238095168,0.022238095238095168,0.013705359894312208,0.013705359894312208,-0.2413723302518332,0.2413723302518332,0.0,0.0,0.0,0.0,0.0,0.0,0.280254364064166,0.0,0.023653011562552617,0.023653011562552617,0.04452170465247696,0.04452170465247696,0.0404207706451416,0.0404207706451416
98000344_2022-03-26,98000344,2022-03-26,56,M,98000605.0,0.8778333333333334,-0.03950000000000009,0.03950000000000009,-0.07578829777346491,0.07578829777346491,0.06952920205515373,0.06952920205515373,0.0,0.0,0.0,0.0,0.0,0.0,0.3861266518346454,0.0,0.038003460090845986,0.038003460090845986,0.009633952354310638,0.009633952354310638,0.016096830368041992,0.016096830368041992
98000345_2022-03-26,98000345,2022-03-26,42,M,98000605.0,0.7636000000000001,-0.06445000000000034,0.06445000000000034,-0.11160182430587362,0.11160182430587362,-0.27231042293519053,0.27231042293519053,0.0,0.0,0.0,0.0,0.0,0.0,1.483999696958722,0.0,0.05315153562163777,-0.05315153562163777,0.026611956218941968,0.026611956218941968,0.0048340559005737305,-0.0048340559005737305
98000346_2022-03-26,98000346,2022-03-26,28,F,98000605.0,0.5666666666666668,0.041950000000000154,0.041950000000000154,0.06577149471400132,0.06577149471400132,0.13561224489795912,0.13561224489795912,0.0,0.0,0.0,0.0,0.0,0.0,0.5353324399056641,0.0,0.034311259446104136,0.02749398297753558,0.09065896657769501,-0.004023358566261126,0.052801668643951416,0.025854639212290254
98000347_2022-03-26,98000347,2022-03-26,32,F,98000017.0,0.6001499999999999,-0.004142857142857226,0.004142857142857226,0.05548653770966783,0.05548653770966783,-0.0826955690149824,0.0826955690149824,0.0,0.0,0.0,0.0,0.0,0.0,-0.08246029128572982,0.0,0.0032050715261622287,0.0032050715261622287,0.038613370639885014,0.038613370639885014,0.0150948166847229,0.0150948166847229
98000348_2022-03-26,98000348,2022-03-26,30,M,98000017.0,0.91845,-0.04428571428571437,0.04428571428571437,0.08552271503711889,0.08552271503711889,0.009972585272553002,0.009972585272553002,0.0,0.0,0.0,0.0,0.0,0.0,0.32911973371213277,0.0,0.04639987219572195,0.02853515270618745,0.023556641747194518,-0.007157631903308981,0.03935116529464722,-0.016189153766632103
98000349_2022-03-26,98000349,2022-03-26,55,F,98000017.0,0.88045,-0.01165000000000005,0.01165000000000005,0.00045537071528339856,0.00045537071528339856,0.005271026136479201,0.005271026136479201,0.0,0.0,-1.0,1.0,0.0,0.0,-0.2939423380826888,1.0,0.011283447772438948,0.011283447772438948,0.0037157981095110593,0.0037157981095110593,0.004293680191040039,-0.004293680191040039
98000351_2022-03-26,98000351,2022-03-26,54,F,98000252.0,0.7552857142857142,-0.033571428571428585,0.033571428571428585,-0.011822239415029634,0.011822239415029634,-0.077396557220274,0.077396557220274,0.0,0.0,0.0,0.0,0.0,0.0,-0.09371051644062149,0.0,0.032826553323806684,-0.032826553323806684,0.04666088641770816,0.04666088641770816,0.014599502086639404,-0.014599502086639404
98000355_2022-03-26,98000355,2022-03-26,55,F,98000017.0,0.7693333333333334,0.0034285714285714475,0.0034285714285714475,0.012897273433894019,0.012897273433894019,-0.08141313356710256,0.08141313356710256,0.0,0.0,0.0,0.0,0.0,0.0,-0.3874178529614249,0.0,0.003719107497138885,-0.003719107497138885,0.03640398036538883,0.01730420576812719,0.009679079055786133,0.009679079055786133
98000356_2022-03-26,98000356,2022-03-26,24,F,98000017.0,0.7232857142857143,-0.0373,0.0373,-0.00043996751696359637,0.00043996751696359637,-0.08780887372013621,0.08780887372013621,0.0,0.0,0.0,0.0,0.0,0.0,-0.10314203635458102,0.0,0.023230117715695497,-0.023230117715695497,0.05109181881556213,-0.037595280391778174,0.032575130462646484,-0.032575130462646484
98000357_2022-03-26,98000357,2022-03-26,49,M,98000017.0,0.6182631578947368,0.0020000000000000018,0.0020000000000000018,-0.006862527369146498,0.006862527369146498,0.021074534161490403,0.021074534161490403,0.0,0.0,0.0,0.0,0.0,0.0,-0.6199872100533156,0.0,0.0013852554492470581,0.0013852554492470581,0.0036848762881714903,-0.0036848762881714903,0.014893710613250732,0.014893710613250732
98000358_2022-03-26,98000358,2022-03-26,57,M,98000017.0,0.6784285714285714,0.03234999999999999,0.03234999999999999,0.0012228474210316254,0.0012228474210316254,-0.15555719260648293,0.15555719260648293,0.0,0.0,0.0,0.0,0.0,0.0,0.04862247160235889,0.0,0.028763176481940156,0.028763176481940156,0.03533296634961225,-0.03533296634961225,0.0824425220489502,-0.0824425220489502
98000359_2022-03-26,98000359,2022-03-26,27,M,98000017.0,0.7215999999999999,-0.009631578947368546,0.009631578947368546,-0.031901938495806026,0.031901938495806026,-0.08576751592356668,0.08576751592356668,0.0,0.0,0.0,0.0,0.0,0.0,-0.17922557234209588,0.0,0.002827394830065555,0.002827394830065555,0.027604443922658373,0.027604443922658373,0.026598572731018066,0.026598572731018066
98000360_2022-03-26,98000360,2022-03-26,63,M,98000017.0,0.5320476190476191,0.017149999999999943,0.017149999999999943,0.0513248615158563,0.0513248615158563,-0.039962765422159596,0.039962765422159596,0.0,0.0,0.0,0.0,0.0,0.0,-0.100896384218088,0.0,0.018494020530338717,-0.018494020530338717,0.022154884830094923,-0.022154884830094923,0.015266180038452148,-0.015266180038452148
98000362_2022-03-26,98000362,2022-03-26,58,M,98000017.0,0.6357,-0.002666666666666484,0.002666666666666484,-0.014793070276081732,0.014793070276081732,-0.040319999999999606,0.040319999999999606,0.0,0.0,0.0,0.0,0.0,0.0,-0.502187068287684,0.0,0.00044667632264572266,-0.00044667632264572266,0.017274383116328007,0.017274383116328007,0.0013161897659301758,-0.0013161897659301758
98000363_2022-03-26,98000363,2022-03-26,39,M,98000017.0,0.6784000000000001,0.013190476190476086,0.013190476190476086,0.0008771726267166047,0.0008771726267166047,-0.033037296780363906,0.033037296780363906,0.0,0.0,0.0,0.0,0.0,0.0,-0.5102172648007697,0.0,0.014424347789684155,0.014424347789684155,0.015861371885448783,0.015861371885448783,0.027100205421447754,0.027100205421447754
98000365_2022-03-26,98000365,2022-03-26,45,F,98000017.0,0.73525,-0.0325263157894734,0.0325263157894734,-0.016620520374724335,0.016620520374724335,0.08397143713921651,0.08397143713921651,0.0,0.0,0.0,0.0,0.0,0.0,-0.052266420210234504,0.0,0.02922728281990017,-0.02922728281990017,0.07207481674949878,-0.07207481674949878,0.015858173370361328,-0.015858173370361328
98000367_2022-03-26,98000367,2022-03-26,42,F,98000017.0,0.8592380952380951,0.014249999999999985,0.014249999999999985,0.01771684496974929,0.01771684496974929,-0.1326989619377167,0.1326989619377167,0.0,0.0,-1.0,1.0,0.0,0.0,0.2240478729206544,1.0,0.013400598675191167,-0.013400598675191167,0.028261743518189997,-0.028261743518189997,0.005763709545135498,-0.005763709545135498
98000368_2022-03-26,98000368,2022-03-26,41,F,98000018.0,0.7195238095238095,-0.013950000000000018,0.013950000000000018,-0.018077441322132792,0.018077441322132792,0.1709536168477253,0.1709536168477253,0.0,0.0,0.0,0.0,0.0,0.0,0.018861522110841068,0.0,0.012437798234604558,0.012437798234604558,0.07770131658216362,-0.0356344582446817,0.01113128662109375,-0.01113128662109375
98000370_2022-03-26,98000370,2022-03-26,33,F,98000018.0,0.6624285714285714,0.004619047619047634,0.004619047619047634,0.0205365580799729,0.0205365580799729,-0.06892253745616848,0.06892253745616848,0.0,0.0,0.0,0.0,0.0,0.0,-0.35881935804646564,0.0,0.006693807123605566,-0.006693807123605566,0.0010175561116904097,-0.0010175561116904097,0.0020462870597839355,0.0020462870597839355
98000373_2022-03-26,98000373,2022-03-26,38,F,98000018.0,0.5086,-0.03366666666666662,0.03366666666666662,-0.004200467235925709,0.004200467235925709,-0.028905961109340017,0.028905961109340017,0.0,0.0,0.0,0.0,0.0,0.0,-0.2868315244952791,0.0,0.020705466564041153,-0.020705466564041153,0.027173547823780453,-0.027173547823780453,0.014863729476928711,-0.014863729476928711
98000375_2022-03-26,98000375,2022-03-26,41,M,98000018.0,0.4089499999999999,-0.015947368421052488,0.015947368421052488,-0.01701831865210618,0.01701831865210618,0.028532883642495593,0.028532883642495593,0.0,0.0,0.0,0.0,0.0,0.0,-0.3834018617874959,0.0,0.007450027754074384,-0.007450027754074384,0.023988879875559144,-0.023988879875559144,0.04312258958816528,-0.04312258958816528
98000376_2022-03-26,98000376,2022-03-26,19,F,98000018.0,0.3037999999999999,0.006761904761904913,0.006761904761904913,0.014388859970903334,0.014388859970903334,0.0505247051322919,0.0505247051322919,0.0,0.0,0.0,0.0,0.0,0.0,-0.4326870853640617,0.0,0.015419803852642577,0.015419803852642577,0.028331758052152045,0.028331758052152045,0.02898731827735901,0.02898731827735901
98000377_2022-03-26,98000377,2022-03-26,46,M,98000018.0,0.832857142857143,0.0014761904761906308,0.0014761904761906308,0.010726630308652174,0.010726630308652174,0.0599751354797578,0.0599751354797578,0.0,0.0,-1.0,1.0,0.0,0.0,-0.16901184003270706,1.0,0.005046461005280389,0.005046461005280389,0.05649075135241022,-0.05649075135241022,0.033888816833496094,-0.033888816833496094
98000378_2022-03-26,98000378,2022-03-26,36,M,98000018.0,0.6849000000000001,-0.00047368421052629284,0.00047368421052629284,0.032582423673620464,0.032582423673620464,0.1387255416448009,0.1387255416448009,0.0,0.0,0.0,0.0,0.0,0.0,-0.11500917414526568,0.0,0.00629024193880201,0.00629024193880201,0.02351134899234908,0.02351134899234908,0.029934465885162354,-0.029934465885162354
98000379_2022-03-26,98000379,2022-03-26,47,F,98000018.0,0.5236999999999999,0.01805000000000012,0.01805000000000012,0.00983464217837099,0.00983464217837099,0.046751337398526216,0.046751337398526216,0.0,0.0,0.0,0.0,0.0,0.0,-0.3579607860785909,0.0,0.006684859253361375,0.006684859253361375,0.03642751548337164,0.03642751548337164,0.0038490891456604004,-0.0038490891456604004
98000381_2022-03-26,98000381,2022-03-26,34,M,98000018.0,0.6644761904761906,-0.028999999999999915,0.028999999999999915,-0.005961067229414474,0.005961067229414474,0.14301020082881757,0.14301020082881757,0.0,0.0,0.0,0.0,0.0,0.0,0.009918733970029486,0.0,0.029274639260934876,0.029274639260934876,0.023404704437916313,-0.023404704437916313,0.034693896770477295,0.031208404836200687
98000383_2022-03-26,98000383,2022-03-26,37,F,98000018.0,0.6321000000000001,-0.016666666666666607,0.016666666666666607,0.008789136482215298,0.008789136482215298,-0.007859101051960707,0.007859101051960707,0.0,0.0,-1.0,1.0,0.0,0.0,-0.17683117538203286,1.0,0.006454057767384835,0.006454057767384835,0.02367693321112163,0.02367693321112163,0.0013263225555419922,0.0013263225555419922
98000384_2022-03-26,98000384,2022-03-26,64,F,98000018.0,0.5826666666666667,-0.021315789473684066,0.021315789473684066,0.0006520086304447337,0.0006520086304447337,0.1542838238832303,0.1542838238832303,0.0,0.0,0.0,0.0,0.0,0.0,-0.07355394227019117,0.0,0.016642593399976757,-0.016642593399976757,0.050074724774553214,0.050074724774553214,0.018510937690734863,0.018510937690734863
98000385_2022-03-26,98000385,2022-03-26,42,M,98000018.0,0.7368500000000001,-0.017619047619047534,0.017619047619047534,-0.021913523981273608,0.021913523981273608,-0.05093210073318433,0.05093210073318433,0.0,0.0,0.0,0.0,0.0,0.0,-0.2669051593380127,0.0,0.02099699895840268,0.012089947060778261,0.022174376003667784,-0.022174376003667784,0.03578668832778931,0.006960855770110852
98000387_2022-03-26,98000387,2022-03-26,31,M,98000018.0,0.6370476190476191,0.012523809523809604,0.012523809523809604,0.045419322593352074,0.045419322593352074,0.08843736053554349,0.08843736053554349,0.0,0.0,-1.0,1.0,0.0,0.0,0.26804942193743986,1.0,0.010100329407871866,-0.010100329407871866,0.07010474288183921,-0.07010474288183921,0.06255024671554565,-0.06255024671554565
98000389_2022-03-26,98000389,2022-03-26,43,M,98000019.0,0.5745714285714285,0.0073157894736842755,0.0073157894736842755,0.052196800789713005,0.052196800789713005,0.052122419413255794,0.052122419413255794,0.0,0.0,0.0,0.0,0.0,0.0,-0.16145792978514895,0.0,0.008479438491361013,0.008479438491361013,0.025241264293064503,-0.025241264293064503,0.00047278404235839844,0.00047278404235839844
98000390_2022-03-26,98000390,2022-03-26,19,M,98000019.0,0.4445263157894736,0.020100000000000118,0.020100000000000118,0.03589090645936077,0.03589090645936077,-0.03736680137925963,0.03736680137925963,0.0,0.0,0.0,0.0,0.0,0.0,-0.18432661357241212,0.0,0.01694236250876352,0.01694236250876352,0.0580799295612866,0.0580799295612866,0.029385805130004883,0.029385805130004883
98000391_2022-03-26,98000391,2022-03-26,51,F,98000019.0,0.7927777777777778,-0.008142857142857118,0.008142857142857118,0.0240067317899047,0.0240067317899047,0.0816627350972267,0.0816627350972267,0.0,0.0,0.0,0.0,0.0,0.0,-0.26112235819522017,0.0,0.0032162589234299155,0.0032162589234299155,0.008141004763115633,-0.008141004763115633,0.008719325065612793,-0.008719325065612793
98000393_2022-03-26,98000393,2022-03-26,53,M,98000019.0,0.4108571428571428,0.015315789473684172,0.015315789473684172,0.031041591848251893,0.031041591848251893,0.03535566615620231,0.03535566615620231,0.0,0.0,0.0,0.0,0.0,0.0,-0.2733038247825496,0.0,0.012493704724991117,0.012493704724991117,0.02628153482650797,-0.02628153482650797,0.005237698554992676,-0.005237698554992676
98000394_2022-03-26,98000394,2022-03-26,29,F,98000019.0,0.5261,0.0,0.0,-0.007521728506536998,0.007521728506536998,-0.03701275103602181,0.03701275103602181,0.0,0.0,0.0,0.0,0.0,0.0,-0.5896780137204506,0.0,0.005394164876257879,-0.005394164876257879,0.0256689037761344,-0.01934110189099192,0.011050671339035034,-0.011050671339035034
98000395_2022-03-26,98000395,2022-03-26,36,F,98000019.0,0.7896500000000001,-0.031095238095238065,0.031095238095238065,0.02880942137241288,0.02880942137241288,-0.08980012751036029,0.08980012751036029,0.0,0.0,0.0,0.0,0.0,0.0,0.03397791975017562,0.0,0.024712576323706714,0.024712576323706714,0.034439452958016536,0.028547765725686958,0.038311898708343506,0.003364934253692775
98000397_2022-03-26,98000397,2022-03-26,37,F,98000019.0,0.6456190476190476,0.020055555555555604,0.020055555555555604,0.018355769945190586,0.018355769945190586,0.1026196213425126,0.1026196213425126,0.0,0.0,-1.0,1.0,0.0,0.0,0.20091678494433748,1.0,0.012267381984709114,-0.012267381984709114,0.014872429943242671,0.014872429943242671,0.01087486743927002,0.01087486743927002
98000398_2022-03-26,98000398,2022-03-26,24,F,98000019.0,0.876,-0.03364999999999996,0.03364999999999996,-1.868351251929634e-05,1.868351251929634e-05,-0.06908420154981287,0.06908420154981287,0.0,0.0,0.0,0.0,0.0,0.0,-0.1985830987907938,0.0,0.025419412450979784,0.025419412450979784,0.07049820424169917,0.02668744131212042,0.05857491493225098,-0.017495487213134764
98000400_2022-03-26,98000400,2022-03-26,53,M,98000019.0,0.6471,-0.01757142857142857,0.01757142857142857,-0.03316724183113284,0.03316724183113284,0.06209913930506872,0.06209913930506872,0.0,0.0,0.0,0.0,0.0,0.0,-0.15717233134025557,0.0,0.01497673992960713,-0.01497673992960713,0.17898183947375768,-0.17898183947375768,0.08698993921279907,-0.08698993921279907
98000401_2022-03-26,98000401,2022-03-26,63,M,98000019.0,0.6389523809523809,0.042904761904762,0.042904761904762,0.07996172870666762,0.07996172870666762,-0.1308093720114762,0.1308093720114762,0.0,0.0,0.0,0.0,0.0,0.0,0.6291144460879295,0.0,0.03163018431700704,-0.03163018431700704,0.06835641984686691,-0.06835641984686691,0.05140477418899536,-0.05140477418899536
98000402_2022-03-26,98000402,2022-03-26,41,F,98000019.0,0.6785714285714286,0.011523809523809492,0.011523809523809492,0.03202747441470388,0.03202747441470388,0.0881562001912654,0.0881562001912654,0.0,0.0,0.0,0.0,0.0,0.0,-0.15174856148319246,0.0,0.009703573988311565,0.009703573988311565,0.034364719139753586,0.034364719139753586,0.012007832527160645,0.012007832527160645
98000404_2022-03-26,98000404,2022-03-26,44,M,98000019.0,0.4533809523809523,0.006850000000000023,0.006850000000000023,0.015424863938026279,0.015424863938026279,0.005142857142857699,0.005142857142857699,0.0,0.0,0.0,0.0,0.0,0.0,-0.5570831703907927,0.0,0.0003518743139943048,-0.0003518743139943048,0.026454897007516798,-0.026454897007516798,0.00218808650970459,0.00218808650970459
98000408_2022-03-26,98000408,2022-03-26,41,F,98000593.0,0.7998095238095237,0.0018421052631579782,0.0018421052631579782,0.03096494581243059,0.03096494581243059,-0.1019901491898067,0.1019901491898067,0.0,0.0,0.0,0.0,0.0,0.0,-0.21918534537418374,0.0,0.006033072952238094,0.006033072952238094,0.03768944407642327,0.03768944407642327,0.02261948585510254,0.02261948585510254
98000409_2022-03-26,98000409,2022-03-26,18,M,98000593.0,0.5993333333333334,0.001000000000000112,0.001000000000000112,0.0381458086392619,0.0381458086392619,-0.1449215017064846,0.1449215017064846,0.0,0.0,-2.0,2.0,0.0,0.0,0.5793469501935414,2.0,0.0015011567098933698,0.0015011567098933698,0.023011421999175496,-0.023011421999175496,0.0001614093780517578,-0.0001614093780517578
98000410_2022-03-26,98000410,2022-03-26,41,F,98000593.0,0.8327894736842105,0.054050000000000264,0.054050000000000264,0.07544089934583409,0.07544089934583409,-0.21918367346938827,0.21918367346938827,0.0,0.0,0.0,0.0,0.0,0.0,0.9715423444619248,0.0,0.04266097524111889,0.04266097524111889,0.04820182648120741,0.04820182648120741,0.04097408056259155,0.04097408056259155
98000411_2022-03-26,98000411,2022-03-26,51,F,98000593.0,0.6393333333333333,0.024809523809523837,0.024809523809523837,0.06337154601855621,0.06337154601855621,-0.057717245776219,0.057717245776219,0.0,0.0,0.0,0.0,0.0,0.0,0.11352455943837052,0.0,0.01931901744226938,0.01931901744226938,0.08568717726929775,0.08568717726929775,0.03327059745788574,0.03327059745788574
98000412_2022-03-26,98000412,2022-03-26,42,M,98000593.0,0.6529999999999999,0.030333333333333434,0.030333333333333434,0.01113206656236071,0.01113206656236071,-0.021635957921581198,0.021635957921581198,0.0,0.0,-1.0,1.0,-1.0,1.0,0.7061556848560873,2.0,0.02942857203057081,0.01955785765536755,0.07407558558136118,-0.02815465825427721,0.0275801420211792,0.018514746665954762
98000413_2022-03-26,98000413,2022-03-26,23,F,98000593.0,0.58765,-0.01936363636363636,0.01936363636363636,-0.004811831179278192,0.004811831179278192,-0.05875673208580559,0.05875673208580559,0.0,0.0,0.0,0.0,0.0,0.0,-0.3439360822765149,0.0,0.010437298550297847,-0.010437298550297847,0.02400424868431894,-0.02400424868431894,0.022691965103149414,-0.022691965103149414
98000418_2022-03-26,98000418,2022-03-26,22,M,98000593.0,0.6749047619047619,0.01880000000000015,0.01880000000000015,0.06452487882505811,0.06452487882505811,0.11520948616600768,0.11520948616600768,0.0,0.0,0.0,0.0,0.0,0.0,0.22691334048248693,0.0,0.013783373039591651,0.013783373039591651,0.015830499305008572,-0.015830499305008572,0.02334672212600708,0.02334672212600708
98000419_2022-03-26,98000419,2022-03-26,41,F,98000593.0,0.8652380952380951,-0.03368421052631565,0.03368421052631565,0.0027973216768786835,0.0027973216768786835,0.05932774660366219,0.05932774660366219,0.0,0.0,0.0,0.0,0.0,0.0,-0.20753609899751244,0.0,0.032535894117399655,0.016925217469605736,0.046090036963506664,0.004767733943540353,0.05056649446487427,-0.03581572589420157
98000420_2022-03-26,98000420,2022-03-26,25,M,98000593.0,0.5491428571428572,0.029000000000000026,0.029000000000000026,0.05061157125639229,0.05061157125639229,-0.05239623844437359,0.05239623844437359,0.0,0.0,0.0,0.0,0.0,0.0,0.05346171775230602,0.0,0.022939014895650978,0.022939014895650978,0.037985166095261924,0.037985166095261924,0.020726323127746582,0.020726323127746582
98000421_2022-03-26,98000421,2022-03-26,55,F,98000593.0,0.6722,0.01529999999999998,0.01529999999999998,-0.014932607387705132,0.014932607387705132,0.04984643547238932,0.04984643547238932,0.0,0.0,0.0,0.0,0.0,0.0,-0.3423005464666245,0.0,0.015542058386974755,-0.015542058386974755,0.022550911112014793,0.022550911112014793,0.03032517433166504,-0.03032517433166504
98000423_2022-03-26,98000423,2022-03-26,63,M,98000593.0,0.4420999999999999,-0.01594736842105271,0.01594736842105271,-0.026373413265513124,0.026373413265513124,0.09441870229007643,0.09441870229007643,0.0,0.0,-1.0,1.0,0.0,0.0,0.18965200362731335,1.0,0.017308072108722594,-0.017308072108722594,0.03969649781814183,-0.03969649781814183,0.022316932678222656,-0.022316932678222656
98000425_2022-03-26,98000425,2022-03-26,34,F,98000593.0,0.9132380952380952,0.020850000000000035,0.020850000000000035,0.03885481001991914,0.03885481001991914,-0.0208360054970223,0.0208360054970223,0.0,0.0,0.0,0.0,0.0,0.0,-0.2043449846024964,0.0,0.016440422160998946,-0.016440422160998946,0.025812385173143326,-0.02029609180436709,0.014459788799285889,0.014459788799285889
98000426_2022-03-26,98000426,2022-03-26,38,M,98000593.0,0.7171176470588235,-0.004190476190476078,0.004190476190476078,0.05947904470503382,0.05947904470503382,0.0888877908830095,0.0888877908830095,0.0,0.0,0.0,0.0,0.0,0.0,-0.0363504361352365,0.0,0.008957810672254096,-0.008957810672254096,0.07147885257319864,0.07147885257319864,0.0004113912582397461,-0.0004113912582397461
98000427_2022-03-26,98000427,2022-03-26,49,M,98000593.0,0.8711,-0.008421052631578996,0.008421052631578996,0.0009870180228074843,0.0009870180228074843,-0.21351004102785592,0.21351004102785592,0.0,0.0,0.0,0.0,0.0,0.0,-0.032209598652460786,0.0,0.002239505813346976,0.002239505813346976,0.0040944083650146235,0.0040944083650146235,0.03785121440887451,-0.03785121440887451
98000428_2022-03-26,98000428,2022-03-26,37,F,98000021.0,0.4663,0.04215000000000002,0.04215000000000002,0.03572799741599719,0.03572799741599719,-0.048690672130597,0.048690672130597,0.0,0.0,0.0,0.0,0.0,0.0,0.07645342735112838,0.0,0.03295280792445743,0.03295280792445743,0.016583454694762745,0.016583454694762745,0.037069082260131836,0.037069082260131836
98000429_2022-03-26,98000429,2022-03-26,21,M,98000021.0,0.4642499999999999,-0.011850000000000083,0.011850000000000083,-0.009922928536242298,0.009922928536242298,0.020836027034969173,0.020836027034969173,0.0,0.0,0.0,0.0,0.0,0.0,-0.4973400475936354,0.0,0.005662229875977032,-0.005662229875977032,0.011667687582821107,-0.011667687582821107,0.0025432705879211426,-0.0025432705879211426
98000430_2022-03-26,98000430,2022-03-26,41,F,98000021.0,0.83735,0.019842105263157994,0.019842105263157994,0.06013663314972362,0.06013663314972362,-0.1824168163851957,0.1824168163851957,0.0,0.0,0.0,0.0,0.0,0.0,0.4036168301043841,0.0,0.019338875904353237,-0.019338875904353237,0.01024222383679152,-0.01024222383679152,0.00465238094329834,-0.00465238094329834
98000431_2022-03-26,98000431,2022-03-26,48,M,98000021.0,0.6558,0.01880952380952383,0.01880952380952383,-0.027511440045119795,0.027511440045119795,0.020144086707044984,0.020144086707044984,0.0,0.0,0.0,0.0,0.0,0.0,-0.30579417899119354,0.0,0.009968120975582195,0.009968120975582195,0.09123048119548527,0.09123048119548527,0.03679424524307251,0.03679424524307251
98000432_2022-03-26,98000432,2022-03-26,34,M,98000021.0,0.4729047619047619,0.06319047619047624,0.06319047619047624,0.03563103182184568,0.03563103182184568,-0.055369461268728104,0.055369461268728104,0.0,0.0,-1.0,1.0,0.0,0.0,0.6298681995052686,1.0,0.048125738771977566,0.048125738771977566,0.061308107557211056,0.061308107557211056,0.03717917203903198,0.03717917203903198
98000433_2022-03-26,98000433,2022-03-26,64,F,98000021.0,0.4105999999999999,-0.016523809523809607,0.016523809523809607,0.0006535093094977573,0.0006535093094977573,-0.021882690468600807,0.021882690468600807,0.0,0.0,-2.0,2.0,-1.0,1.0,0.807478638692734,3.0,0.01920062625976654,-0.01920062625976654,0.01668466282315434,-0.01668466282315434,0.023790448904037476,-0.023790448904037476
98000436_2022-03-26,98000436,2022-03-26,61,M,98000021.0,0.4011,0.0004285714285713338,0.0004285714285713338,0.014555547002897906,0.014555547002897906,-0.010902135798533497,0.010902135798533497,0.0,0.0,0.0,0.0,-1.0,1.0,0.07185260054822924,1.0,0.0005733953624877941,0.0005733953624877941,0.05241548932213136,0.05241548932213136,0.04233795404434204,0.04233795404434204
98000437_2022-03-26,98000437,2022-03-26,28,M,98000021.0,0.7136666666666666,0.00890000000000013,0.00890000000000013,-0.02291320668883501,0.02291320668883501,-0.0441038542819771,0.0441038542819771,0.0,0.0,0.0,0.0,0.0,0.0,-0.37043192671473407,0.0,0.008952022534089665,-0.008952022534089665,0.018210324814619927,0.018210324814619927,0.01676630973815918,0.01676630973815918
98000439_2022-03-26,98000439,2022-03-26,46,F,98000021.0,0.60885,0.014900000000000024,0.014900000000000024,0.020826592952527895,0.020826592952527895,0.1372296169960329,0.1372296169960329,0.0,0.0,0.0,0.0,0.0,0.0,-0.05074483074566726,0.0,0.009908441672830559,-0.009908441672830559,0.031013763473579425,-0.031013763473579425,0.007004678249359131,-0.007004678249359131
98000441_2022-03-26,98000441,2022-03-26,65,F,98000021.0,0.6285714285714284,0.031421052631578794,0.031421052631578794,0.00808933751720109,0.00808933751720109,0.10213138686131396,0.10213138686131396,0.0,0.0,-1.0,1.0,0.0,0.0,0.24662925175590525,1.0,0.0270065021105641,0.0270065021105641,0.06247884599329434,0.06247884599329434,0.09475433826446533,0.09475433826446533
98000443_2022-03-26,98000443,2022-03-26,23,M,98000252.0,0.6532380952380953,-0.021428571428571352,0.021428571428571352,-0.0050610763354758115,0.0050610763354758115,-0.0557127829136117,0.0557127829136117,0.0,0.0,0.0,0.0,0.0,0.0,-0.32966957830399224,0.0,0.020132409307017984,0.016260365947651567,0.016517504154146545,0.016517504154146545,0.015261471271514893,-0.012186989398229597
98000444_2022-03-26,98000444,2022-03-26,47,M,98000021.0,0.7725714285714286,0.016666666666666607,0.016666666666666607,0.024637997167337805,0.024637997167337805,-0.13840452661778752,0.13840452661778752,0.0,0.0,-1.0,1.0,0.0,0.0,0.31352837391462485,1.0,0.017549018900887114,-0.017549018900887114,0.015671810507300044,-0.015671810507300044,0.027446508407592773,-0.027446508407592773
98000445_2022-03-26,98000445,2022-03-26,57,F,98000021.0,0.4419473684210526,0.015499999999999903,0.015499999999999903,0.04377145686248218,0.04377145686248218,-0.087734693877551,0.087734693877551,0.0,0.0,0.0,0.0,0.0,0.0,-0.030695141896812023,0.0,0.015886131973840256,-0.015886131973840256,0.04060621840441103,-0.03882502116357578,0.02110368013381958,-0.020490045622775344
98000447_2022-03-26,98000447,2022-03-26,43,M,98000021.0,0.7639,-0.032099999999999795,0.032099999999999795,0.061482399470412896,0.061482399470412896,0.2238912867547881,0.2238912867547881,0.0,0.0,0.0,0.0,0.0,0.0,0.6611755083484211,0.0,0.03293239660248415,-0.03293239660248415,0.04071903707586866,0.04071903707586866,0.02344280481338501,-0.02344280481338501
98000448_2022-03-26,98000448,2022-03-26,19,F,98000021.0,0.5325789473684209,-0.009050000000000002,0.009050000000000002,0.011500748514439607,0.011500748514439607,-0.0344915254237291,0.0344915254237291,0.0,0.0,0.0,0.0,0.0,0.0,-0.4756594552687862,0.0,0.001094690196827397,-0.001094690196827397,0.00701103007535997,0.00701103007535997,0.009852945804595947,0.009852945804595947
98000449_2022-03-26,98000449,2022-03-26,64,M,98000022.0,0.73275,0.006249999999999978,0.006249999999999978,0.021453176690329312,0.021453176690329312,0.020474581251836266,0.020474581251836266,0.0,0.0,-2.0,2.0,0.0,0.0,0.1554552473631697,2.0,0.0004024360792572734,-0.0004024360792572734,0.06452791879667619,0.06452791879667619,0.07556450366973877,0.0364489526748657
98000451_2022-03-26,98000451,2022-03-26,65,M,98000022.0,0.5508,-0.000300000000000078,0.000300000000000078,-0.003925627413720295,0.003925627413720295,-0.03054656755575,0.03054656755575,0.0,0.0,-1.0,1.0,0.0,0.0,-0.31402982486683867,1.0,0.00625780891528116,-0.00625780891528116,0.02092347058161681,0.02092347058161681,0.013542234897613525,0.013542234897613525
98000452_2022-03-26,98000452,2022-03-26,42,F,98000022.0,0.9215263157894736,0.003761904761904744,0.003761904761904744,0.06136032776080774,0.06136032776080774,0.04365635957921559,0.04365635957921559,0.0,0.0,-1.0,1.0,0.0,0.0,0.1563764590686881,1.0,0.0006299357145006512,0.0006299357145006512,0.030202868605505695,-0.005745190335046835,0.008522391319274902,-0.008340114392732412
98000456_2022-03-26,98000456,2022-03-26,20,M,98000022.0,0.4098571428571428,-0.0014761904761906308,0.0014761904761906308,-0.0067460893364282015,0.0067460893364282015,0.049878227605992906,0.049878227605992906,0.0,0.0,0.0,0.0,0.0,0.0,-0.5421568318496454,0.0,0.00030372440446657656,-0.00030372440446657656,0.020937915632525117,-0.020937915632525117,0.00026404857635498047,0.00026404857635498047
98000457_2022-03-26,98000457,2022-03-26,46,M,98000022.0,0.78045,0.024142857142857244,0.024142857142857244,0.06239215322645314,0.06239215322645314,0.1802582084794385,0.1802582084794385,0.0,0.0,-1.0,1.0,0.0,0.0,0.773727941157181,1.0,0.0002799216804805216,-0.0002799216804805216,0.027854828752260086,-0.027854828752260086,0.04375946521759033,-0.04375946521759033
98000458_2022-03-26,98000458,2022-03-26,44,F,98000022.0,1.0243,-0.05057142857142849,0.05057142857142849,0.008917950430939403,0.008917950430939403,-0.0025677398788659933,0.0025677398788659933,0.0,0.0,0.0,0.0,0.0,0.0,-0.15571100651949676,0.0,0.045164099456703966,0.045164099456703966,0.061379509336933924,0.012713917555640886,0.011910796165466309,-0.011910796165466309
98000460_2022-03-26,98000460,2022-03-26,60,F,98000022.0,0.7077142857142857,-0.0028000000000000247,0.0028000000000000247,0.024876740103388917,0.024876740103388917,-0.11283228699551517,0.11283228699551517,0.0,0.0,-1.0,1.0,-1.0,1.0,0.7813872523180896,2.0,0.004422342290040238,0.004422342290040238,0.0002777120927988097,-0.0002777120927988097,0.01224815845489502,-0.01224815845489502
98000461_2022-03-26,98000461,2022-03-26,53,F,98000022.0,0.70245,0.021050000000000013,0.021050000000000013,0.04997204232361968,0.04997204232361968,0.058792945487860696,0.058792945487860696,0.0,0.0,0.0,0.0,0.0,0.0,-0.014791282398981467,0.0,0.015488729891681152,-0.015488729891681152,0.006420811444292962,-0.006420811444292962,0.002541959285736084,-0.002541959285736084
98000463_2022-03-26,98000463,2022-03-26,55,F,98000022.0,0.9873999999999998,-0.001526315789474264,0.001526315789474264,0.11330242283290504,0.11330242283290504,0.1200548308486238,0.1200548308486238,0.0,0.0,0.0,0.0,0.0,0.0,0.3982662017697698,0.0,0.006457121158795376,0.006457121158795376,0.07585310458832706,0.07585310458832706,0.06635773181915283,0.06635773181915283
98000465_2022-03-26,98000465,2022-03-26,47,M,98000022.0,0.9946000000000002,-0.030750000000000055,0.030750000000000055,-0.04711363305312061,0.04711363305312061,-0.04316790555312622,0.04316790555312622,0.0,0.0,0.0,0.0,0.0,0.0,0.02055918356989984,0.0,0.025133219711249044,0.025133219711249044,0.029301776157357295,0.029301776157357295,0.005279660224914551,-0.005279660224914551
98000467_2022-03-26,98000467,2022-03-26,58,F,98000022.0,0.8124500000000001,-0.028100000000000014,0.028100000000000014,0.02142071759230002,0.02142071759230002,0.1054075856212848,0.1054075856212848,0.0,0.0,0.0,0.0,0.0,0.0,-0.0025259426732713954,0.0,0.02237775173639267,-0.014513813566777611,0.03747639343343623,0.03747639343343623,0.0037671327590942383,0.0037671327590942383
98000468_2022-03-26,98000468,2022-03-26,33,F,98000022.0,0.5042105263157894,0.00913636363636361,0.00913636363636361,0.04633262135985891,0.04633262135985891,0.1726599726152444,0.1726599726152444,0.0,0.0,0.0,0.0,0.0,0.0,0.16879983882634977,0.0,0.005160975240366628,0.005160975240366628,0.006817081594189034,0.006817081594189034,0.009395837783813477,0.009395837783813477
98000469_2022-03-26,98000469,2022-03-26,36,F,98000674.0,0.7360000000000001,0.039285714285714146,0.039285714285714146,0.02468173161619852,0.02468173161619852,0.040997768568696524,0.040997768568696524,0.0,0.0,0.0,0.0,0.0,0.0,-0.051930324439349744,0.0,0.029810291961076985,-0.029810291961076985,0.051516763254066955,-0.027939956093271823,0.04219883680343628,-0.013077315807342726
98000472_2022-03-26,98000472,2022-03-26,23,F,98000674.0,0.5701428571428571,0.005049999999999999,0.005049999999999999,0.05091617530578857,0.05091617530578857,0.05092408130300151,0.05092408130300151,0.0,0.0,0.0,0.0,0.0,0.0,-0.19730609650096773,0.0,0.006592261284825263,0.006592261284825263,0.0387352116000681,0.0387352116000681,0.027080774307250977,0.027080774307250977
98000473_2022-03-26,98000473,2022-03-26,24,M,98000674.0,0.4678571428571428,0.0019999999999999463,0.0019999999999999463,-0.020673971935649904,0.020673971935649904,-0.012310806503028515,0.012310806503028515,0.0,0.0,0.0,0.0,0.0,0.0,-0.5502882146804869,0.0,0.0038963497358054378,0.0038963497358054378,0.05196644670882211,-0.05196644670882211,0.003469526767730713,0.003469526767730713
98000474_2022-03-26,98000474,2022-03-26,54,M,98000674.0,0.5852380952380953,-0.010238095238095157,0.010238095238095157,0.0273731454533942,0.0273731454533942,0.0811912655403251,0.0811912655403251,0.0,0.0,0.0,0.0,0.0,0.0,-0.21752926286677346,0.0,0.0072086130798210135,0.0072086130798210135,0.005548784769484283,-0.005548784769484283,0.0029066801071166992,0.0029066801071166992
98000475_2022-03-26,98000475,2022-03-26,49,F,98000674.0,0.6581904761904762,0.017761904761904646,0.017761904761904646,0.05291843254426942,0.05291843254426942,-0.0526209754542559,0.0526209754542559,0.0,0.0,0.0,0.0,0.0,0.0,-0.04660646504613424,0.0,0.01647679689309678,0.01647679689309678,0.0459379768066811,-0.0459379768066811,0.0001944899559020996,0.0001944899559020996
98000476_2022-03-26,98000476,2022-03-26,29,F,98000674.0,0.7861428571428571,-0.014777777777777779,0.014777777777777779,0.006486660148539103,0.006486660148539103,-0.1438591034563198,0.1438591034563198,0.0,0.0,0.0,0.0,0.0,0.0,-0.13158737906746512,0.0,0.004079344845817512,0.004079344845817512,0.023667445904132278,-0.023667445904132278,0.016255736351013184,-0.016255736351013184
98000477_2022-03-26,98000477,2022-03-26,45,F,98000674.0,0.8815714285714285,-0.012952380952380826,0.012952380952380826,0.0008869157401584227,0.0008869157401584227,-0.10131335671023249,0.10131335671023249,0.0,0.0,0.0,0.0,0.0,0.0,-0.3133419671482386,0.0,0.008704611511062832,0.008704611511062832,0.018165031587321523,0.018165031587321523,0.02446967363357544,0.02446967363357544
98000478_2022-03-26,98000478,2022-03-26,39,F,98000674.0,0.9278095238095238,0.060000000000000164,0.060000000000000164,0.0717755337405464,0.0717755337405464,-0.08445621019108318,0.08445621019108318,0.0,0.0,-1.0,1.0,0.0,0.0,0.9309931895868347,1.0,0.04635068523889596,-0.04635068523889596,0.05541373332524413,-0.03680963947651128,0.060071468353271484,-0.019988511539640763
98000479_2022-03-26,98000479,2022-03-26,23,M,98000674.0,0.37425,-0.0017499999999999738,0.0017499999999999738,0.017135445495142496,0.017135445495142496,0.0057959183673469,0.0057959183673469,0.0,0.0,0.0,0.0,0.0,0.0,-0.5963085421772961,0.0,0.00516844755176088,0.00516844755176088,0.010000781719058549,-0.010000781719058549,0.010332167148590088,0.010332167148590088
98000480_2022-03-26,98000480,2022-03-26,30,F,98000674.0,0.7552380952380953,-0.004619047619047856,0.004619047619047856,-0.0270536150404746,0.0270536150404746,-0.03376123685049409,0.03376123685049409,0.0,0.0,-1.0,1.0,0.0,0.0,-0.10027265677686781,1.0,0.00020511764952702016,0.00020511764952702016,0.02860385149663236,-0.02860385149663236,0.05065298080444336,-0.05065298080444336
98000485_2022-03-26,98000485,2022-03-26,47,M,98000674.0,0.5516666666666667,-0.048900000000000055,0.048900000000000055,0.004496436086439792,0.004496436086439792,0.1454272832127505,0.1454272832127505,0.0,0.0,-1.0,1.0,0.0,0.0,0.5296231596103124,1.0,0.042775373798526806,0.004862143978703104,0.0571493021047893,0.0435857787020002,0.05829572677612305,0.0009099038441977569
98000486_2022-03-26,98000486,2022-03-26,20,F,98000674.0,0.5414999999999999,0.012900000000000023,0.012900000000000023,0.002305471690756594,0.002305471690756594,0.1264661760543445,0.1264661760543445,0.0,0.0,0.0,0.0,0.0,0.0,-0.23068551245210198,0.0,0.015481516077708202,-0.015481516077708202,0.010788699472304986,-0.010788699472304986,0.03648856282234192,-0.03648856282234192
98000488_2022-03-26,98000488,2022-03-26,59,M,98000674.0,1.0722999999999998,0.0011428571428572232,0.0011428571428572232,0.025224682641401153,0.025224682641401153,-0.2013767931144408,0.2013767931144408,0.0,0.0,0.0,0.0,0.0,0.0,0.02404077671492985,0.0,0.004689718223087835,0.004689718223087835,0.01704817801816705,0.01704817801816705,0.009612083435058594,0.009612083435058594
98000489_2022-03-26,98000489,2022-03-26,62,M,98000024.0,0.8184285714285713,0.002949999999999897,0.002949999999999897,0.062118917110482286,0.062118917110482286,-0.0289209486166004,0.0289209486166004,0.0,0.0,0.0,0.0,0.0,0.0,-0.20604087783868863,0.0,0.005096691814202248,-0.005096691814202248,0.03689534246837789,-0.03689534246837789,0.03365665674209595,-0.03365665674209595
98000490_2022-03-26,98000490,2022-03-26,60,F,98000024.0,0.7413,0.025349999999999984,0.025349999999999984,0.009278464913312717,0.009278464913312717,-0.034653061224489606,0.034653061224489606,0.0,0.0,-2.0,2.0,0.0,0.0,0.3110865086516212,2.0,0.022447375852069018,-0.022447375852069018,0.04726678630836656,-0.04726678630836656,0.022273004055023193,-0.022273004055023193
98000491_2022-03-26,98000491,2022-03-26,38,M,98000024.0,0.8351,0.009809523809523824,0.009809523809523824,-0.005291545911967316,0.005291545911967316,0.030165444692381103,0.030165444692381103,0.0,0.0,0.0,0.0,0.0,0.0,-0.5232372004478706,0.0,0.009323379022876166,-0.009323379022876166,0.03209904743717873,-0.003997157578561561,0.001137375831604004,0.001137375831604004
98000492_2022-03-26,98000492,2022-03-26,29,M,98000024.0,0.5977,0.013809523809523716,0.013809523809523716,0.0872701455878594,0.0872701455878594,-0.17295282116671984,0.17295282116671984,0.0,0.0,0.0,0.0,0.0,0.0,0.5005629469630968,0.0,0.009165528417825475,0.009165528417825475,0.13376234539637255,-0.045333692273288095,0.23671162128448486,-0.09852051696777342
98000493_2022-03-26,98000493,2022-03-26,52,F,98000024.0,0.8551111111111112,-0.02935000000000021,0.02935000000000021,0.014201583633815518,0.014201583633815518,-0.0791345871290038,0.0791345871290038,0.0,0.0,0.0,0.0,0.0,0.0,-0.11603719801338686,0.0,0.02335576957595309,0.02335576957595309,0.03006941264383045,0.011649815491316162,0.0028995871543884277,0.001732029332055074
98000494_2022-03-26,98000494,2022-03-26,45,M,98000024.0,0.7125999999999999,0.006700000000000039,0.006700000000000039,0.011582356128665788,0.011582356128665788,-0.09586846732258397,0.09586846732258397,0.0,0.0,-1.0,1.0,0.0,0.0,-0.0041288916243921074,1.0,0.0037988291700362664,-0.0037988291700362664,0.027494745809321763,-0.027494745809321763,0.0030360817909240723,-0.0030360817909240723
98000496_2022-03-26,98000496,2022-03-26,65,F,98000024.0,0.4823,-0.017349999999999866,0.017349999999999866,-0.00609896663665771,0.00609896663665771,-0.035740635237145504,0.035740635237145504,0.0,0.0,0.0,0.0,-1.0,1.0,0.26163603931464,1.0,0.009539500688315883,-0.009539500688315883,0.052168615948890495,-0.052168615948890495,0.036338746547698975,-0.036338746547698975
98000497_2022-03-26,98000497,2022-03-26,21,F,98000024.0,0.3911428571428572,0.018714285714285905,0.018714285714285905,0.042380723264329095,0.042380723264329095,-0.10462033790245479,0.10462033790245479,0.0,0.0,-1.0,1.0,0.0,0.0,0.3585711420704913,1.0,0.01705032250830607,0.01705032250830607,0.044231689032038224,-0.044231689032038224,0.02298837900161743,0.02298837900161743
98000499_2022-03-26,98000499,2022-03-26,20,M,98000024.0,0.5449523809523809,0.0040500000000000536,0.0040500000000000536,0.008700362788047256,0.008700362788047256,-0.002028699551569396,0.002028699551569396,0.0,0.0,0.0,0.0,0.0,0.0,-0.6416220075267528,0.0,0.00548269923364697,-0.00548269923364697,0.011626065524640072,0.011626065524640072,0.007306575775146484,0.007306575775146484
98000500_2022-03-26,98000500,2022-03-26,59,F,98000024.0,0.5737619047619047,-0.01419999999999999,0.01419999999999999,0.019243990561587404,0.019243990561587404,-0.07716040955631442,0.07716040955631442,0.0,0.0,0.0,0.0,0.0,0.0,-0.24425319799384146,0.0,0.00927970169829817,-0.00927970169829817,0.027793757547352804,0.00826467872232417,0.019434690475463867,0.019434690475463867
98000501_2022-03-26,98000501,2022-03-26,22,F,98000024.0,0.4336666666666666,0.010190476190476083,0.010190476190476083,0.005040260469700575,0.005040260469700575,-0.005664328976729097,0.005664328976729097,0.0,0.0,0.0,0.0,0.0,0.0,-0.5925289435756089,0.0,0.017687110430078812,0.017687110430078812,0.03648439108873519,0.03648439108873519,0.02268567681312561,0.02268567681312561
98000503_2022-03-26,98000503,2022-03-26,32,F,98000024.0,0.6197,0.012142857142857011,0.012142857142857011,0.02337284864480549,0.02337284864480549,-0.10650525980235931,0.10650525980235931,0.0,0.0,-1.0,1.0,-1.0,1.0,0.8495134806982226,2.0,0.014687422330659339,0.014687422330659339,0.028849028800135845,0.028849028800135845,0.021816492080688477,0.021816492080688477
98000505_2022-03-26,98000505,2022-03-26,24,M,98000024.0,0.6375263157894736,-0.02752631578947362,0.02752631578947362,-0.04306515690228363,0.04306515690228363,-0.0022872253864932857,0.0022872253864932857,0.0,0.0,0.0,0.0,0.0,0.0,-0.16014668743471894,0.0,0.019835716683262727,0.019835716683262727,0.01519989508692332,-0.01519989508692332,0.01319614052772522,0.01319614052772522
98000506_2022-03-26,98000506,2022-03-26,59,F,98000024.0,0.8698,-0.031095238095238287,0.031095238095238287,-0.05534402162516269,0.05534402162516269,0.0731523748804592,0.0731523748804592,0.0,0.0,0.0,0.0,0.0,0.0,0.1684359874962373,0.0,0.03258981060008381,0.03258981060008381,0.005110106238742196,0.005110106238742196,0.014070451259613037,0.014070451259613037
98000508_2022-03-26,98000508,2022-03-26,44,F,98000024.0,0.6622380952380953,-0.007380952380952488,0.007380952380952488,0.031106584007693505,0.031106584007693505,-0.05781670385718829,0.05781670385718829,0.0,0.0,-1.0,1.0,0.0,0.0,0.02656327474002983,1.0,0.010113266345060379,0.010113266345060379,0.012466765787283118,0.012466765787283118,0.011994540691375732,0.011994540691375732
98000509_2022-03-26,98000509,2022-03-26,36,F,98000006.0,0.6385555555555555,-0.042714285714285705,0.042714285714285705,0.035241689589558395,0.035241689589558395,0.04192158112846661,0.04192158112846661,0.0,0.0,0.0,0.0,0.0,0.0,0.05919811992534479,0.0,0.03275874992539185,-0.03275874992539185,0.035198661656262176,-0.035198661656262176,0.025796830654144287,-0.025796830654144287
98000511_2022-03-26,98000511,2022-03-26,50,M,98000010.0,0.616263157894737,0.01673684210526316,0.01673684210526316,0.0610663804803489,0.0610663804803489,0.07601516039869341,0.07601516039869341,0.0,0.0,0.0,0.0,0.0,0.0,0.06724429910904377,0.0,0.015110167851698608,0.015110167851698608,0.02742738581886861,0.02742738581886861,0.017872750759124756,0.017872750759124756
98000512_2022-03-26,98000512,2022-03-26,60,M,98000010.0,0.5830952380952381,-0.0123000000000002,0.0123000000000002,0.0033208326735110205,0.0033208326735110205,0.015084974372808101,0.015084974372808101,0.0,0.0,-1.0,1.0,0.0,0.0,-0.2387845516327911,1.0,0.005012980153468738,0.005012980153468738,0.026118370563698257,-0.026118370563698257,0.021831214427947998,-0.021831214427947998
98000513_2022-03-26,98000513,2022-03-26,46,M,98000680.0,0.767,0.013523809523809494,0.013523809523809494,0.008083260604080184,0.008083260604080184,0.01330729996812259,0.01330729996812259,0.0,0.0,0.0,0.0,0.0,0.0,-0.5146331219525347,0.0,0.008794980571285804,-0.008794980571285804,0.019586278924174638,-0.019586278924174638,0.009325504302978516,-0.009325504302978516
98000514_2022-03-26,98000514,2022-03-26,44,M,98000009.0,0.6741999999999999,-0.00890000000000013,0.00890000000000013,0.040060322025193384,0.040060322025193384,0.014608695652174389,0.014608695652174389,0.0,0.0,0.0,0.0,0.0,0.0,-0.33823128595430757,0.0,0.00570132555674252,0.00570132555674252,0.060173472806066663,-0.05651438701212774,0.01787400245666504,0.009025576972961247
98000515_2022-03-26,98000515,2022-03-26,49,M,98000011.0,0.8553333333333333,0.012666666666667048,0.012666666666667048,-0.008773716767374484,0.008773716767374484,-0.13163530297327777,0.13163530297327777,0.0,0.0,0.0,0.0,0.0,0.0,-0.17339892007452282,0.0,0.015222020722155394,0.015222020722155394,0.004655780912874552,0.004655780912874552,0.029510319232940674,-0.029510319232940674
98000517_2022-03-26,98000517,2022-03-26,43,M,98000018.0,0.6966666666666667,0.03576190476190455,0.03576190476190455,0.033917419722476305,0.033917419722476305,-0.13168728084156853,0.13168728084156853,0.0,0.0,0.0,0.0,0.0,0.0,0.23990692946688444,0.0,0.03295930921917922,0.03295930921917922,0.03468439615457242,0.03468439615457242,0.04313164949417114,0.04313164949417114
98000518_2022-03-26,98000518,2022-03-26,44,F,98000022.0,0.9370476190476192,-0.0030476190476190768,0.0030476190476190768,-0.0559638165213997,0.0559638165213997,0.0660277335033477,0.0660277335033477,0.0,0.0,-1.0,1.0,0.0,0.0,0.17703127088380774,1.0,0.010422364186067679,0.010422364186067679,0.06207322283078731,0.06207322283078731,0.01684868335723877,0.01684868335723877
98000519_2022-03-26,98000519,2022-03-26,63,M,98000001.0,0.5443157894736842,-0.03214285714285714,0.03214285714285714,-0.006961334362955318,0.006961334362955318,-0.047630857507172164,0.047630857507172164,0.0,0.0,-1.0,1.0,0.0,0.0,0.08726700843512918,1.0,0.02029613485957593,-0.02029613485957593,0.08645811602784093,-0.05977436450411544,0.03047788143157959,-0.03047788143157959
98000520_2022-03-26,98000520,2022-03-26,39,M,98000002.0,0.5424,0.01419999999999988,0.01419999999999988,0.05289746772024742,0.05289746772024742,0.004877453472998783,0.004877453472998783,0.0,0.0,0.0,0.0,0.0,0.0,-0.2230697330366156,0.0,0.012392067387963168,0.012392067387963168,0.007579048279668821,-0.007579048279668821,0.02472841739654541,0.02472841739654541
98000521_2022-03-26,98000521,2022-03-26,52,F,98000002.0,0.9932380952380953,0.00714999999999999,0.00714999999999999,0.0664720875125348,0.0664720875125348,0.1541383399209489,0.1541383399209489,0.0,0.0,0.0,0.0,0.0,0.0,0.23305580297389014,0.0,0.0038551664941808284,-0.0038551664941808284,0.01698190569420399,-0.01698190569420399,0.0003940463066101074,0.0003940463066101074
98000522_2022-03-26,98000522,2022-03-26,46,F,98000004.0,0.6672857142857143,-0.026428571428571357,0.026428571428571357,0.02176020211923868,0.02176020211923868,0.0548388501742158,0.0548388501742158,0.0,0.0,0.0,0.0,0.0,0.0,-0.1651278111659775,0.0,0.022138100650747505,0.022138100650747505,0.0338061149564336,0.0338061149564336,0.030055224895477295,0.030055224895477295
98000523_2022-03-26,98000523,2022-03-26,35,F,98000005.0,0.5457142857142857,0.015300000000000091,0.015300000000000091,0.0076855304177961825,0.0076855304177961825,-0.07159876939720722,0.07159876939720722,0.0,0.0,0.0,0.0,0.0,0.0,-0.3288051991053447,0.0,0.015374275890713829,-0.015374275890713829,0.0073354531591832695,-0.0073354531591832695,0.00017148256301879883,0.00017148256301879883
98000524_2022-03-26,98000524,2022-03-26,38,F,98000013.0,0.6117142857142858,-0.026428571428571246,0.026428571428571246,0.0025363328786590644,0.0025363328786590644,0.101757092763787,0.101757092763787,0.0,0.0,0.0,0.0,0.0,0.0,-0.16080165260582216,0.0,0.02677112606490606,-0.02677112606490606,0.06121640214328661,-0.06121640214328661,0.0323217511177063,-0.0323217511177063
98000527_2022-03-26,98000527,2022-03-26,57,F,98000593.0,0.3856190476190476,0.04331578947368436,0.04331578947368436,0.05563583786300638,0.05563583786300638,0.011735763454317798,0.011735763454317798,0.0,0.0,0.0,0.0,0.0,0.0,0.11802538446515838,0.0,0.04064139060407368,0.04064139060407368,0.02376097073057054,0.02376097073057054,0.0187147855758667,0.0187147855758667
98000529_2022-03-26,98000529,2022-03-26,56,F,98000004.0,0.6247,-0.02210000000000001,0.02210000000000001,-0.019280858009755875,0.019280858009755875,-0.007043478260869103,0.007043478260869103,0.0,0.0,0.0,0.0,0.0,0.0,-0.36665856853472795,0.0,0.018385275835448023,0.018385275835448023,0.0010883265904101935,0.0010883265904101935,0.014155715703964233,0.014155715703964233
98000530_2022-03-26,98000530,2022-03-26,31,M,98000004.0,0.5112857142857142,0.04149999999999998,0.04149999999999998,0.051957139028784294,0.051957139028784294,-0.0621390963212779,0.0621390963212779,0.0,0.0,0.0,0.0,0.0,0.0,0.2209158520165205,0.0,0.03460176838589424,0.03460176838589424,0.09706242953168642,0.09706242953168642,0.07619428634643555,0.07619428634643555
98000532_2022-03-26,98000532,2022-03-26,25,F,98000006.0,0.8170952380952382,-0.004761904761904634,0.004761904761904634,0.04515409727052952,0.04515409727052952,0.155626075868664,0.155626075868664,0.0,0.0,0.0,0.0,-1.0,1.0,0.7503205705459554,1.0,0.0051468091015324235,0.0051468091015324235,0.014253611924330056,0.014253611924330056,0.020794987678527832,-0.020794987678527832
98000533_2022-03-26,98000533,2022-03-26,53,F,98000007.0,0.9200526315789472,-0.031100000000000128,0.031100000000000128,-0.009596183854485185,0.009596183854485185,-0.009196064494407186,0.009196064494407186,0.0,0.0,0.0,0.0,0.0,0.0,-0.3337760434138512,0.0,0.029388747099451606,-0.029388747099451606,0.01729419957241607,0.01729419957241607,0.03586071729660034,0.03586071729660034
98000535_2022-03-26,98000535,2022-03-26,18,M,98000010.0,0.629952380952381,0.029714285714285582,0.029714285714285582,0.05711945706474886,0.05711945706474886,-0.04423111252789269,0.04423111252789269,0.0,0.0,-1.0,1.0,0.0,0.0,0.39815306476428863,1.0,0.017491648975786256,0.017491648975786256,0.007333538025151909,0.007333538025151909,0.03553473949432373,0.03553473949432373
98000536_2022-03-26,98000536,2022-03-26,29,F,98000015.0,0.4121904761904761,0.005684210526316014,0.005684210526316014,0.03112263144224109,0.03112263144224109,0.0228482433900761,0.0228482433900761,0.0,0.0,0.0,0.0,0.0,0.0,-0.40921478105764136,0.0,0.0051573883156097455,0.0051573883156097455,0.05795144766050497,0.05795144766050497,0.009661734104156494,0.009661734104156494
98000537_2022-03-26,98000537,2022-03-26,51,F,98000021.0,0.7931052631578946,0.030055555555555613,0.030055555555555613,0.09781954790868497,0.09781954790868497,0.2506283621897746,0.2506283621897746,0.0,0.0,0.0,0.0,0.0,0.0,0.9686658446923756,0.0,0.010097487404511885,-0.010097487404511885,0.003132147450944589,-0.003132147450944589,0.09102684259414673,-0.09102684259414673
98000539_2022-03-26,98000539,2022-03-26,29,F,98000007.0,0.5116666666666665,0.011285714285714343,0.011285714285714343,-0.014757709223669008,0.014757709223669008,-0.02417118265859121,0.02417118265859121,0.0,0.0,0.0,0.0,0.0,0.0,-0.4601096232979114,0.0,0.014851570696761018,0.014851570696761018,0.018952428914186803,-0.018952428914186803,0.010520458221435547,0.010520458221435547
98000541_2022-03-26,98000541,2022-03-26,28,M,98000019.0,0.6413333333333333,0.03523809523809518,0.03523809523809518,0.00610335130222206,0.00610335130222206,0.07147880140261442,0.07147880140261442,0.0,0.0,0.0,0.0,0.0,0.0,-0.13313644915058384,0.0,0.02361036660155491,0.02361036660155491,0.015062792533086844,-0.015062792533086844,0.0267331600189209,0.0267331600189209
98000543_2022-03-26,98000543,2022-03-26,41,F,98000003.0,0.5307368421052632,-0.00495238095238093,0.00495238095238093,-0.0040451895303614815,0.0040451895303614815,0.050131654446923704,0.050131654446923704,0.0,0.0,-1.0,1.0,0.0,0.0,-0.2077553548053447,1.0,0.0035987122193229526,-0.0035987122193229526,0.0009653111588123764,-0.0004258872107893996,0.005931079387664795,0.005931079387664795
98000544_2022-03-26,98000544,2022-03-26,42,M,98000005.0,0.8532999999999997,0.02300000000000002,0.02300000000000002,0.05707201222929259,0.05707201222929259,0.055478384124733826,0.055478384124733826,0.0,0.0,-1.0,1.0,0.0,0.0,0.3609672533124741,1.0,0.012209417156730407,-0.012209417156730407,0.04828437818217168,-0.04828437818217168,0.004873394966125488,0.004873394966125488
98000547_2022-03-26,98000547,2022-03-26,63,M,98000006.0,0.6542857142857144,-0.011047619047619084,0.011047619047619084,-0.024526984459732726,0.024526984459732726,0.0008788651577942286,0.0008788651577942286,0.0,0.0,0.0,0.0,-1.0,1.0,0.22159811867704046,1.0,0.0010887818309561759,-0.0010887818309561759,0.01724350499756877,-0.01724350499756877,0.05120664834976196,0.05120664834976196
98000550_2022-03-26,98000550,2022-03-26,65,F,98000012.0,0.6746842105263159,-0.0014210526315787675,0.0014210526315787675,0.000302894061168818,0.000302894061168818,0.0014284602816465597,0.0014284602816465597,0.0,0.0,-1.0,1.0,0.0,0.0,-0.41237381096954273,1.0,0.0021064188411848983,-0.0021064188411848983,0.002494975016671175,-0.002494975016671175,0.009233951568603516,0.009233951568603516
98000555_2022-03-26,98000555,2022-03-26,31,F,98000015.0,0.4049999999999999,0.011904761904761918,0.011904761904761918,0.024296262444476302,0.024296262444476302,-0.04786707044947411,0.04786707044947411,0.0,0.0,0.0,0.0,0.0,0.0,-0.31872131841353846,0.0,0.018039503722147743,-0.018039503722147743,0.044845764960130374,-0.044845764960130374,0.030314981937408447,-0.030314981937408447
98000556_2022-03-26,98000556,2022-03-26,19,M,98000018.0,0.3429999999999999,-0.00790000000000013,0.00790000000000013,-0.023023071829014585,0.023023071829014585,0.0227905138339919,0.0227905138339919,0.0,0.0,0.0,0.0,0.0,0.0,-0.4422606633469195,0.0,0.00013755486494226865,-0.00013755486494226865,0.04395871050296862,-0.04395871050296862,0.033237338066101074,-0.033237338066101074
98000560_2022-03-26,98000560,2022-03-26,58,M,98000004.0,0.4182857142857143,0.011476190476190529,0.011476190476190529,-0.040482341868556204,0.040482341868556204,-0.2360063755180108,0.2360063755180108,0.0,0.0,0.0,0.0,0.0,0.0,0.33761732096488856,0.0,0.016998717867068525,0.016998717867068525,0.08873003530537482,0.08873003530537482,0.005446016788482666,-0.005446016788482666
98000561_2022-03-26,98000561,2022-03-26,35,M,98000680.0,0.6025500000000001,-0.04226315789473678,0.04226315789473678,-0.0211861641029773,0.0211861641029773,0.0508876452862674,0.0508876452862674,0.0,0.0,0.0,0.0,0.0,0.0,-0.01627626289179217,0.0,0.033839112718940134,0.033839112718940134,0.037096347559680276,0.037096347559680276,0.04960346221923828,0.04960346221923828
98000562_2022-03-26,98000562,2022-03-26,28,M,98000726.0,0.6511428571428571,-0.05479999999999996,0.05479999999999996,-0.0612834495320006,0.0612834495320006,0.038243902439024396,0.038243902439024396,0.0,0.0,-1.0,1.0,0.0,0.0,0.6697628796065788,1.0,0.04131126690652831,0.04131126690652831,0.037214397942339605,0.037214397942339605,0.04539942741394043,0.04539942741394043
98000563_2022-03-26,98000563,2022-03-26,60,M,98000003.0,0.5698095238095238,-0.010523809523809602,0.010523809523809602,0.02001846584687411,0.02001846584687411,-0.09659101051960489,0.09659101051960489,0.0,0.0,0.0,0.0,0.0,0.0,-0.22035231538356712,0.0,0.004248135118962437,0.004248135118962437,0.011833667715323404,0.011833667715323404,0.01119762659072876,0.01119762659072876
98000565_2022-03-26,98000565,2022-03-26,29,M,98000726.0,0.4444,0.013100000000000112,0.013100000000000112,-0.0003669582204873789,0.0003669582204873789,0.0053676395810027255,0.0053676395810027255,0.0,0.0,-1.0,1.0,0.0,0.0,-0.27922099933002165,1.0,0.01757459295354913,0.01757459295354913,0.014293970102649878,-0.014293970102649878,0.03971302509307861,0.03971302509307861
98000567_2022-03-26,98000567,2022-03-26,61,M,98000680.0,0.9706,0.012599999999999945,0.012599999999999945,0.002136611721429371,0.002136611721429371,-0.01582546533585101,0.01582546533585101,0.0,0.0,-1.0,1.0,0.0,0.0,-0.24167894051689368,1.0,0.01062244979161675,-0.01062244979161675,0.01702593832186694,-0.01702593832186694,0.02659761905670166,-0.02659761905670166
98000569_2022-03-26,98000569,2022-03-26,36,M,98000004.0,0.7236,0.007684210526315849,0.007684210526315849,0.05641081455438529,0.05641081455438529,-0.18929349041831312,0.18929349041831312,0.0,0.0,0.0,0.0,0.0,0.0,0.27180112163501063,0.0,0.006744659230498273,-0.006744659230498273,0.021291394474252434,-0.021291394474252434,0.053628623485565186,-0.053628623485565186
98000570_2022-03-26,98000570,2022-03-26,57,F,98000005.0,0.8394999999999999,-0.02114285714285724,0.02114285714285724,0.014261965854823422,0.014261965854823422,-0.1830497290404841,0.1830497290404841,0.0,0.0,-1.0,1.0,0.0,0.0,0.4187142437422901,1.0,0.03570845000273548,-0.03570845000273548,0.06342119816545944,-0.06342119816545944,0.03094172477722168,-0.03094172477722168
98000571_2022-03-26,98000571,2022-03-26,31,F,98000011.0,0.843,0.023952380952380836,0.023952380952380836,0.0419358396618289,0.0419358396618289,0.011603124003825016,0.011603124003825016,0.0,0.0,0.0,0.0,0.0,0.0,-0.177839844498911,0.0,0.014474564737024576,-0.014474564737024576,0.010732892548405037,-0.010732892548405037,0.02645057439804077,-0.02645057439804077
98000572_2022-03-26,98000572,2022-03-26,46,F,98000001.0,0.5525238095238095,0.001571428571428779,0.001571428571428779,-0.029823955370475275,0.029823955370475275,0.07526777175645469,0.07526777175645469,0.0,0.0,-1.0,1.0,0.0,0.0,0.00835411273551831,1.0,0.002881778093500098,-0.002881778093500098,0.07658637828822035,-0.07658637828822035,0.015229880809783936,-0.015229880809783936
98000574_2022-03-26,98000574,2022-03-26,60,F,98000011.0,0.5569523809523809,0.02563157894736856,0.02563157894736856,-0.0022694658977195914,0.0022694658977195914,0.052417073797891796,0.052417073797891796,0.0,0.0,0.0,0.0,0.0,0.0,-0.31492453559914696,0.0,0.021178641953777277,0.021178641953777277,0.032899138798367145,0.032899138798367145,0.03757143020629883,0.03757143020629883
98000575_2022-03-26,98000575,2022-03-26,29,F,98000593.0,0.5268947368421053,-0.010157894736841977,0.010157894736841977,-0.010627308562581206,0.010627308562581206,-0.0003846153846155001,0.0003846153846155001,0.0,0.0,-1.0,1.0,0.0,0.0,-0.25351982725629085,1.0,0.003944413319945772,0.003944413319945772,0.010894827545564534,0.010894827545564534,0.01006200909614563,0.01006200909614563
98000582_2022-03-26,98000582,2022-03-26,61,F,98000010.0,0.4148571428571429,0.020649999999999946,0.020649999999999946,0.042216841520138604,0.042216841520138604,0.0023459210926674023,0.0023459210926674023,0.0,0.0,0.0,0.0,0.0,0.0,-0.23719537026055834,0.0,0.01912444375495137,0.01912444375495137,0.06972751142817035,0.06972751142817035,0.019112765789031982,0.019112765789031982
98000583_2022-03-26,98000583,2022-03-26,58,M,98000010.0,0.8162499999999999,-0.014761904761904754,0.014761904761904754,0.024644400793650434,0.024644400793650434,0.18237647433854004,0.18237647433854004,0.0,0.0,0.0,0.0,0.0,0.0,0.10593034873326435,0.0,0.010352459305144501,0.010352459305144501,0.002462938548542737,-0.002462938548542737,0.007281899452209473,0.007281899452209473
98000584_2022-03-26,98000584,2022-03-26,39,M,98000605.0,0.5212,-0.026150000000000007,0.026150000000000007,0.02733776039175362,0.02733776039175362,-0.0861923388184518,0.0861923388184518,0.0,0.0,0.0,0.0,0.0,0.0,-0.03803009607076142,0.0,0.01574924756963647,-0.01574924756963647,0.016075426969147988,0.016075426969147988,0.024163126945495605,-0.024163126945495605
98000587_2022-03-26,98000587,2022-03-26,54,M,98000007.0,0.7066666666666667,0.04982352941176471,0.04982352941176471,0.05312085921426929,0.05312085921426929,0.1597956352875898,0.1597956352875898,0.0,0.0,0.0,0.0,0.0,0.0,0.6003648535974997,0.0,0.03330184399524194,-0.012950943875366772,0.02860698728959643,0.02860698728959643,0.010210096836090088,-0.010210096836090088
98000588_2022-03-26,98000588,2022-03-26,39,M,98000024.0,0.7803684210526317,0.027047619047619098,0.027047619047619098,0.10095289911657013,0.10095289911657013,-0.00274657315906901,0.00274657315906901,0.0,0.0,0.0,0.0,0.0,0.0,0.23556297289845562,0.0,0.022232200921427525,-0.022232200921427525,0.025029906540167235,0.025029906540167235,0.036901116371154785,-0.036901116371154785
98000589_2022-03-26,98000589,2022-03-26,62,M,98000012.0,0.86495,-0.03720000000000012,0.03720000000000012,-0.0019693945009576774,0.0019693945009576774,0.11559726962457341,0.11559726962457341,0.0,0.0,-1.0,1.0,0.0,0.0,0.3036927586867924,1.0,0.035383929715674944,0.035383929715674944,0.08700873265878373,0.05192389689155308,0.03466612100601196,0.03466612100601196
98000590_2022-03-26,98000590,2022-03-26,40,M,98000022.0,0.60925,-0.013950000000000018,0.013950000000000018,0.022940672427452014,0.022940672427452014,-0.0951064275977773,0.0951064275977773,0.0,0.0,0.0,0.0,0.0,0.0,-0.16896688400128337,0.0,0.013593828941621755,-0.013593828941621755,0.032960635136188965,-0.032960635136188965,0.02531301975250244,-0.02531301975250244
98000591_2022-03-26,98000591,2022-03-26,25,F,98000002.0,0.3621,-0.014789473684210575,0.014789473684210575,0.013330427715789406,0.013330427715789406,0.02822323729210599,0.02822323729210599,0.0,0.0,0.0,0.0,0.0,0.0,-0.4217640247592378,0.0,0.012116135371646297,-0.012116135371646297,0.03335896472632022,-0.0024426482117250736,0.021509140729904175,-0.021509140729904175
98000592_2022-03-26,98000592,2022-03-26,62,F,98000012.0,0.6795238095238096,-0.011857142857142788,0.011857142857142788,-0.02922608745453803,0.02922608745453803,-0.06577717564552088,0.06577717564552088,0.0,0.0,0.0,0.0,0.0,0.0,-0.23293254314368136,0.0,0.00579126203466418,-0.00579126203466418,0.00831683453164378,-0.004179717819062567,0.016443371772766113,0.0074099624724612845
98000593_2022-03-26,98000593,2022-03-26,31,M,98000351.0,0.3172380952380952,-0.006476190476190524,0.006476190476190524,0.017578846084586208,0.017578846084586208,-0.0414386356391456,0.0414386356391456,0.0,0.0,0.0,0.0,0.0,0.0,-0.4401661747508528,0.0,0.0007326126269691646,-0.0007326126269691646,0.026212788050734737,-0.026212788050734737,0.0048996806144714355,-0.0048996806144714355
98000595_2022-03-26,98000595,2022-03-26,51,M,98000015.0,1.2130500000000002,-0.018904761904761758,0.018904761904761758,0.0327013534282925,0.0327013534282925,-0.30603347146955656,0.30603347146955656,0.0,0.0,0.0,0.0,0.0,0.0,0.5654300453339743,0.0,0.014413185660367756,0.014413185660367756,0.037842008633029334,0.037842008633029334,0.022804737091064453,0.022804737091064453
98000597_2022-03-26,98000597,2022-03-26,29,M,98000018.0,0.6353333333333333,-0.0038999999999999035,0.0038999999999999035,0.023433075165604778,0.023433075165604778,0.09360113902166212,0.09360113902166212,0.0,0.0,0.0,0.0,0.0,0.0,-0.27427053619730923,0.0,0.004394026625285208,0.004394026625285208,0.05428016163001359,-0.05428016163001359,0.013511061668395996,0.013511061668395996
98000599_2022-03-26,98000599,2022-03-26,33,F,98000011.0,0.566857142857143,0.010105263157894728,0.010105263157894728,0.01827405615028288,0.01827405615028288,-0.0442039497306997,0.0442039497306997,0.0,0.0,0.0,0.0,0.0,0.0,-0.3896336609025676,0.0,0.0075811727793508865,0.0075811727793508865,0.016665515141476517,0.016665515141476517,0.03847181797027588,0.03847181797027588
98000600_2022-03-26,98000600,2022-03-26,30,F,98000002.0,0.4472631578947369,0.010050000000000114,0.010050000000000114,0.025140353735504523,0.025140353735504523,-0.051063764873385514,0.051063764873385514,0.0,0.0,-1.0,1.0,0.0,0.0,-0.006603101590142722,1.0,0.006178141220500866,0.006178141220500866,0.018338882288432945,0.018338882288432945,0.011935412883758545,-0.011935412883758545
98000602_2022-03-26,98000602,2022-03-26,39,F,98000680.0,0.4298947368421052,9.523809523809268e-05,9.523809523809268e-05,-0.0085434791053835,0.0085434791053835,0.0593143130379343,0.0593143130379343,0.0,0.0,0.0,0.0,0.0,0.0,-0.5165488465921729,0.0,0.003907336831687813,-0.003907336831687813,0.008875764001282871,0.008875764001282871,0.023529529571533203,-0.023529529571533203
98000603_2022-03-26,98000603,2022-03-26,51,F,98000002.0,0.8408571428571427,0.028523809523809618,0.028523809523809618,0.05735013350112561,0.05735013350112561,-0.009627350972266857,0.009627350972266857,0.0,0.0,-1.0,1.0,0.0,0.0,0.28638970712273365,1.0,0.009089054820271336,0.009089054820271336,0.016753602514014698,-0.016753602514014698,0.008421063423156738,-0.008421063423156738
98000604_2022-03-26,98000604,2022-03-26,22,F,98000017.0,0.6232857142857142,-0.016142857142857014,0.016142857142857014,0.01706141515227111,0.01706141515227111,0.015630219955371304,0.015630219955371304,0.0,0.0,0.0,0.0,0.0,0.0,-0.4187349850333844,0.0,0.016142779361374537,0.016142779361374537,0.011523137097258496,0.011523137097258496,0.011049151420593262,0.011049151420593262
98000605_2022-03-26,98000605,2022-03-26,33,F,98000443.0,0.6192,-0.026499999999999857,0.026499999999999857,0.0021991401573281943,0.0021991401573281943,-0.12908518617733739,0.12908518617733739,0.0,0.0,-1.0,1.0,-1.0,1.0,0.9183617341129201,2.0,0.00948350721326563,0.00948350721326563,0.03388661273583504,0.03388661273583504,0.02837049961090088,0.02837049961090088
98000606_2022-03-26,98000606,2022-03-26,20,M,98000593.0,0.5798333333333333,0.020842105263157884,0.020842105263157884,0.0217981226154417,0.0217981226154417,-0.032606329917475585,0.032606329917475585,0.0,0.0,-2.0,2.0,0.0,0.0,0.3446926816914806,2.0,0.023706912349365172,-0.023706912349365172,0.02353843002413658,-0.02353843002413658,0.02631288766860962,-0.02631288766860962
98000608_2022-03-26,98000608,2022-03-26,34,M,98000005.0,0.4628095238095238,-0.05019047619047601,0.05019047619047601,-0.03678715685663014,0.03678715685663014,-0.010281479120178294,0.010281479120178294,0.0,0.0,0.0,0.0,0.0,0.0,0.055104543316156336,0.0,0.03574976949542685,-0.03574976949542685,0.03768582353088601,0.03768582353088601,0.01212853193283081,-0.01212853193283081
98000610_2022-03-26,98000610,2022-03-26,40,F,98000022.0,0.8205263157894737,-0.0055714285714285605,0.0055714285714285605,0.022069362675811,0.022069362675811,0.00020369780044660057,0.00020369780044660057,0.0,0.0,0.0,0.0,0.0,0.0,-0.5389323500065019,0.0,0.0017565663722481917,0.0017565663722481917,0.02154018502688937,0.02154018502688937,0.002197563648223877,0.002197563648223877
98000613_2022-03-26,98000613,2022-03-26,53,M,98000005.0,0.9655714285714284,-0.07380952380952377,0.07380952380952377,0.02425785206983211,0.02425785206983211,-0.024140580172138895,0.024140580172138895,0.0,0.0,0.0,0.0,0.0,0.0,0.25425977037919045,0.0,0.06940593095218017,-0.06673958982764683,0.09575783658523129,-0.09575783658523129,0.05002033710479736,-0.05002033710479736
98000614_2022-03-26,98000614,2022-03-26,57,F,98000012.0,0.8967142857142856,-0.030105263157894746,0.030105263157894746,0.11978340559511969,0.11978340559511969,0.037811257035647416,0.037811257035647416,0.0,0.0,0.0,0.0,0.0,0.0,0.49954373066425894,0.0,0.027677533205926697,-0.027677533205926697,0.022926183515155407,-0.022926183515155407,0.05754387378692627,-0.040965287481035784
98000615_2022-03-26,98000615,2022-03-26,58,F,98000003.0,0.3493333333333333,0.021904761904761982,0.021904761904761982,0.0569509092310756,0.0569509092310756,0.050057060886197186,0.050057060886197186,0.0,0.0,0.0,0.0,0.0,0.0,0.016726004707106435,0.0,0.015318667447113188,0.015318667447113188,0.020156125827413218,0.020156125827413218,0.048581480979919434,0.048581480979919434
98000619_2022-03-26,98000619,2022-03-26,65,F,98000593.0,0.5994761904761904,-0.024000000000000243,0.024000000000000243,-0.023112908128739118,0.023112908128739118,-0.0469237668161437,0.0469237668161437,0.0,0.0,0.0,0.0,0.0,0.0,-0.20410383368633037,0.0,0.01703587084593916,-0.01703587084593916,0.0293480644322901,0.0293480644322901,0.03429311513900757,-0.03429311513900757
98000620_2022-03-26,98000620,2022-03-26,49,F,98000005.0,0.8897619047619048,-0.022095238095238168,0.022095238095238168,-0.015387942514489217,0.015387942514489217,-0.020092445011156396,0.020092445011156396,0.0,0.0,0.0,0.0,0.0,0.0,-0.35547679782463365,0.0,0.025426909400690367,-0.0078402603330755,0.020358327662893028,0.014299830446271922,0.015085399150848389,-0.015085399150848389
98000621_2022-03-26,98000621,2022-03-26,39,F,98000012.0,0.6206,0.04400000000000004,0.04400000000000004,0.059703710287143,0.059703710287143,0.0836050366592283,0.0836050366592283,0.0,0.0,0.0,0.0,0.0,0.0,0.3629556325637087,0.0,0.033981505944978285,0.033981505944978285,0.019702242983498652,0.019702242983498652,0.022684454917907715,0.022684454917907715
98000622_2022-03-26,98000622,2022-03-26,19,F,98000003.0,0.4816666666666666,0.03836842105263172,0.03836842105263172,0.009655521982023796,0.009655521982023796,0.19799675207506318,0.19799675207506318,0.0,0.0,0.0,0.0,0.0,0.0,0.29312859643421424,0.0,0.02277225926797477,0.02277225926797477,0.08330118155843724,0.08330118155843724,0.04470700025558472,0.04470700025558472
98000624_2022-03-26,98000624,2022-03-26,29,F,98000022.0,0.64945,0.021777777777777785,0.021777777777777785,0.033548584484295596,0.033548584484295596,-0.02713914656771821,0.02713914656771821,0.0,0.0,0.0,0.0,-1.0,1.0,0.47184621431287005,1.0,0.024918406989394293,-0.024918406989394293,0.013072643865083444,-0.01266768591676537,0.021645069122314453,-0.021645069122314453
98000625_2022-03-26,98000625,2022-03-26,59,F,98000006.0,0.5638421052631578,-0.025578947368421145,0.025578947368421145,0.04260590193822544,0.04260590193822544,0.1285232067510558,0.1285232067510558,0.0,0.0,0.0,0.0,0.0,0.0,0.1849222599124963,0.0,0.035288494016214145,-0.035288494016214145,0.1305666842660217,-0.1305666842660217,0.08576416969299316,-0.08576416969299316
98000626_2022-03-26,98000626,2022-03-26,24,M,98000005.0,0.2963684210526315,0.0020000000000000018,0.0020000000000000018,-0.00021387129900612978,0.00021387129900612978,-0.04080841568377461,0.04080841568377461,0.0,0.0,0.0,0.0,0.0,0.0,-0.6082549829510013,0.0,0.0008723546466956611,0.0008723546466956611,0.049993490502316607,0.049993490502316607,0.024442970752716064,0.024442970752716064
98000627_2022-03-26,98000627,2022-03-26,30,F,98000011.0,0.3972380952380953,0.0020499999999999963,0.0020499999999999963,0.03368677831889491,0.03368677831889491,-0.017367096571248714,0.017367096571248714,0.0,0.0,0.0,0.0,0.0,0.0,-0.4452427975120096,0.0,0.004999066462614721,0.004999066462614721,0.011069917113289085,0.011069917113289085,0.03417813777923584,0.03417813777923584
98000628_2022-03-26,98000628,2022-03-26,62,F,98000019.0,0.621,0.047047619047619005,0.047047619047619005,0.05452835465758382,0.05452835465758382,0.1089142492827539,0.1089142492827539,0.0,0.0,0.0,0.0,0.0,0.0,0.43275489468096656,0.0,0.034996255515072905,0.034996255515072905,0.04958193574107417,-0.0341502858090571,0.0225064754486084,0.0225064754486084
98000629_2022-03-26,98000629,2022-03-26,29,F,98000013.0,0.665578947368421,-0.020333333333333203,0.020333333333333203,0.0066074702634253135,0.0066074702634253135,0.0027379662097542085,0.0027379662097542085,0.0,0.0,0.0,0.0,0.0,0.0,-0.48498813982205596,0.0,0.009140443952266541,0.009140443952266541,0.010066242131853587,-0.010066242131853587,0.005760550498962402,0.005760550498962402
98000630_2022-03-26,98000630,2022-03-26,51,F,98000002.0,0.8530000000000002,0.006050000000000111,0.006050000000000111,0.05553982381717626,0.05553982381717626,-0.09640089494559101,0.09640089494559101,0.0,0.0,0.0,0.0,0.0,0.0,-0.02229672684732732,0.0,0.008265002176203295,-0.008265002176203295,0.03783455056534801,0.03783455056534801,0.006959199905395508,-0.006959199905395508
98000631_2022-03-26,98000631,2022-03-26,48,F,98000605.0,0.6650952380952381,-0.02261904761904765,0.02261904761904765,-0.021953612258570315,0.021953612258570315,-0.029403251514185408,0.029403251514185408,0.0,0.0,-1.0,1.0,0.0,0.0,0.038643744032467335,1.0,0.013629610225124988,-0.013629610225124988,0.01920827133076708,-0.01920827133076708,0.013460695743560791,-0.013460695743560791
98000634_2022-03-26,98000634,2022-03-26,63,F,98000005.0,0.6889,-0.009000000000000008,0.009000000000000008,0.04098927216818121,0.04098927216818121,0.04362439852816288,0.04362439852816288,0.0,0.0,-1.0,1.0,0.0,0.0,0.07011906865977131,1.0,0.007257153419191309,0.007257153419191309,0.002243361428308721,-0.002243361428308721,0.008229613304138184,0.008229613304138184
98000635_2022-03-26,98000635,2022-03-26,54,M,98000010.0,0.6341428571428571,0.017476190476190312,0.017476190476190312,0.01084813280599456,0.01084813280599456,-0.0401781957284027,0.0401781957284027,0.0,0.0,0.0,0.0,0.0,0.0,-0.3761099102893124,0.0,0.015921016932019638,0.015921016932019638,0.02278484622605581,0.02278484622605581,0.015122950077056885,0.015122950077056885
98000637_2022-03-26,98000637,2022-03-26,50,M,98000006.0,0.5075238095238096,0.053099999999999925,0.053099999999999925,0.032403892735169,0.032403892735169,-0.0680071748878924,0.0680071748878924,0.0,0.0,0.0,0.0,0.0,0.0,0.22354965497641613,0.0,0.039089068884710865,0.039089068884710865,0.06035912365802509,0.06035912365802509,0.05925935506820679,0.05925935506820679
98000639_2022-03-26,98000639,2022-03-26,57,F,98000018.0,0.6382380952380952,-0.007684210526315849,0.007684210526315849,0.0282382129223675,0.0282382129223675,-0.164364220988015,0.164364220988015,0.0,0.0,0.0,0.0,0.0,0.0,0.004691332874787226,0.0,0.0011241811886042452,-0.0011241811886042452,0.01256290271964211,-0.01256290271964211,0.01757568120956421,-0.01757568120956421
98000640_2022-03-26,98000640,2022-03-26,47,F,98000010.0,0.7251052631578949,-0.025599999999999845,0.025599999999999845,-0.007848229114171601,0.007848229114171601,0.14136498516320462,0.14136498516320462,0.0,0.0,-1.0,1.0,-1.0,1.0,0.9838323117007203,2.0,0.023063057647780494,-0.023063057647780494,0.031018424462464944,-0.031018424462464944,0.04990190267562866,-0.04990190267562866
98000642_2022-03-26,98000642,2022-03-26,62,M,98000022.0,0.5083333333333333,0.018999999999999906,0.018999999999999906,0.05315444090963212,0.05315444090963212,-0.08746094995218379,0.08746094995218379,0.0,0.0,0.0,0.0,0.0,0.0,0.06955997677751266,0.0,0.019233335856031153,0.019233335856031153,0.08738685754848563,0.08738685754848563,0.008575022220611572,0.008575022220611572
98000645_2022-03-26,98000645,2022-03-26,61,F,98000011.0,0.5186666666666666,0.03757142857142859,0.03757142857142859,0.0607516057728936,0.0607516057728936,0.026084794389544294,0.026084794389544294,0.0,0.0,0.0,0.0,0.0,0.0,0.1355777243257701,0.0,0.028319784150937055,0.028319784150937055,0.006189397652723971,0.006189397652723971,0.026113688945770264,0.026113688945770264
98000646_2022-03-26,98000646,2022-03-26,55,M,98000680.0,1.0466,0.017100000000000115,0.017100000000000115,0.10820020625504029,0.10820020625504029,0.13923596826329732,0.13923596826329732,0.0,0.0,0.0,0.0,0.0,0.0,0.5806893710542272,0.0,0.0037049418782324484,-0.0037049418782324484,0.038474824186059964,-0.038474824186059964,0.0003069639205932617,0.0003069639205932617
98000647_2022-03-26,98000647,2022-03-26,47,M,98000021.0,0.5286190476190477,-0.02905000000000002,0.02905000000000002,0.009826906212638153,0.009826906212638153,-0.2682696245733795,0.2682696245733795,0.0,0.0,0.0,0.0,0.0,0.0,0.4027042259247396,0.0,0.019079617626157952,-0.019079617626157952,0.08342142942195474,-0.08342142942195474,0.0022489428520202637,-0.0022489428520202637
98000648_2022-03-26,98000648,2022-03-26,49,F,98000024.0,1.0613333333333332,0.06266666666666665,0.06266666666666665,0.0348337731329566,0.0348337731329566,-0.0628728084156836,0.0628728084156836,0.0,0.0,0.0,0.0,0.0,0.0,0.3246168437965978,0.0,0.04909854721204554,-0.04909854721204554,0.09032406803190351,-0.09032406803190351,0.10481882095336914,-0.10481882095336914
98000649_2022-03-26,98000649,2022-03-26,29,M,98000004.0,0.6896666666666667,-0.015699999999999825,0.015699999999999825,0.06958278604980889,0.06958278604980889,-0.05232043619586911,0.05232043619586911,0.0,0.0,0.0,0.0,0.0,0.0,0.046074899088811024,0.0,0.009217980930126934,-0.009217980930126934,0.009979314927383132,0.009979314927383132,0.04980754852294922,-0.04980754852294922
98000650_2022-03-26,98000650,2022-03-26,35,M,98000006.0,0.73725,0.06180952380952354,0.06180952380952354,0.11660755555757663,0.11660755555757663,0.1314233343959201,0.1314233343959201,0.0,0.0,0.0,0.0,-1.0,1.0,1.7646852894878438,1.0,0.04796741258323589,0.04796741258323589,0.029628745042962312,0.029628745042962312,0.046179890632629395,-0.046179890632629395
98000652_2022-03-26,98000652,2022-03-26,65,F,98000006.0,0.5072499999999999,-0.0004285714285714448,0.0004285714285714448,0.004766467934245677,0.004766467934245677,-0.07003187759005419,0.07003187759005419,0.0,0.0,0.0,0.0,0.0,0.0,-0.5078632174786407,0.0,0.0007943647815004118,0.0007943647815004118,0.031498992324994646,-0.025831373352781517,0.03209024667739868,-0.03209024667739868
98000655_2022-03-26,98000655,2022-03-26,27,M,98000006.0,0.52805,-0.010428571428571454,0.010428571428571454,0.0445537826232974,0.0445537826232974,0.06954415046222501,0.06954415046222501,0.0,0.0,0.0,0.0,0.0,0.0,-0.13102687865064863,0.0,0.005558746507020151,-0.005558746507020151,0.013105196092222049,-0.013105196092222049,0.013848483562469482,0.013848483562469482
98000656_2022-03-26,98000656,2022-03-26,44,M,98000012.0,1.0675714285714286,0.050249999999999906,0.050249999999999906,0.052503489666664016,0.052503489666664016,0.07604436860068253,0.07604436860068253,0.0,0.0,0.0,0.0,0.0,0.0,0.3560850546022059,0.0,0.03406868980818545,-0.03406868980818545,0.07916472922216278,-0.07916472922216278,0.07298451662063599,-0.07298451662063599
98000659_2022-03-26,98000659,2022-03-26,29,F,98000012.0,0.4860526315789473,-0.00942857142857123,0.00942857142857123,0.0071125840480122104,0.0071125840480122104,-0.04239783232387656,0.04239783232387656,0.0,0.0,-2.0,2.0,0.0,0.0,0.15350476336206817,2.0,0.012974869631067198,-0.012974869631067198,0.06205881123875201,0.013935301101039133,0.05485561490058899,-0.05485561490058899
98000660_2022-03-26,98000660,2022-03-26,64,M,98000009.0,0.4726190476190476,-0.008380952380952322,0.008380952380952322,-0.020220327548387818,0.020220327548387818,-0.0473334395919669,0.0473334395919669,0.0,0.0,0.0,0.0,-1.0,1.0,0.2998001959642917,1.0,0.0007718176450367542,-0.0007718176450367542,0.05255230338831024,0.05255230338831024,0.02728646993637085,0.02728646993637085
98000661_2022-03-26,98000661,2022-03-26,20,F,98000019.0,0.7979999999999999,0.00271428571428578,0.00271428571428578,0.014609618618374898,0.014609618618374898,0.1816812240994587,0.1816812240994587,0.0,0.0,0.0,0.0,0.0,0.0,-0.09036345446603537,0.0,0.0034292575098798794,-0.0034292575098798794,0.008175313880452117,0.008175313880452117,0.0007645487785339355,0.0007645487785339355
98000663_2022-03-26,98000663,2022-03-26,21,M,98000593.0,0.77715,-0.006380952380952376,0.006380952380952376,0.04521166176921809,0.04521166176921809,-0.05205291679949001,0.05205291679949001,0.0,0.0,-1.0,1.0,0.0,0.0,0.09666510031542534,1.0,0.0057223185085582,-0.0057223185085582,0.032950414606194744,0.032950414606194744,0.05381298065185547,0.05381298065185547
98000666_2022-03-26,98000666,2022-03-26,31,M,98000674.0,0.6345238095238095,-0.011666666666666603,0.011666666666666603,-0.00033879518975643563,0.00033879518975643563,0.0592378068218041,0.0592378068218041,0.0,0.0,0.0,0.0,0.0,0.0,-0.45327441068562524,0.0,0.009603490927168945,0.009603490927168945,0.012927375206971625,-0.012927375206971625,0.021053850650787354,0.021053850650787354
98000667_2022-03-26,98000667,2022-03-26,63,M,98000017.0,0.6033809523809526,-0.03290476190476199,0.03290476190476199,-0.035809807784498215,0.035809807784498215,-0.0272429072362132,0.0272429072362132,0.0,0.0,0.0,0.0,0.0,0.0,-0.08153688112070621,0.0,0.018354288660254903,0.018354288660254903,0.03467989530987592,0.03467989530987592,0.0028082728385925293,0.0028082728385925293
98000669_2022-03-26,98000669,2022-03-26,50,F,98000674.0,0.7882,-0.012500000000000178,0.012500000000000178,0.0029915262975943047,0.0029915262975943047,-0.11152084287677538,0.11152084287677538,0.0,0.0,0.0,0.0,0.0,0.0,-0.27372565930421305,0.0,0.013342106097506745,-0.013342106097506745,0.009166070236512724,-0.009166070236512724,0.03660082817077637,-0.03660082817077637
98000670_2022-03-26,98000670,2022-03-26,62,F,98000674.0,0.8207894736842105,-0.03633333333333333,0.03633333333333333,-0.013061296319362037,0.013061296319362037,0.08039846987567778,0.08039846987567778,0.0,0.0,0.0,0.0,0.0,0.0,-0.047735884577541306,0.0,0.024636093437387152,0.024636093437387152,0.02440223018131471,-0.02440223018131471,0.014125287532806396,0.014125287532806396
98000671_2022-03-26,98000671,2022-03-26,30,M,98000017.0,0.8983684210526315,0.013476190476190308,0.013476190476190308,0.030703789330280173,0.030703789330280173,0.016033790245457702,0.016033790245457702,0.0,0.0,-1.0,1.0,0.0,0.0,-0.03490707747052493,1.0,0.009848505978616084,-0.009848505978616084,0.013464710873450358,-0.013464710873450358,0.02003347873687744,0.02003347873687744
98000672_2022-03-26,98000672,2022-03-26,52,F,98000674.0,0.5993333333333334,-0.034428571428571364,0.034428571428571364,-0.011261014707067613,0.011261014707067613,-0.17325788970353828,0.17325788970353828,0.0,0.0,0.0,0.0,0.0,0.0,0.19110713100343965,0.0,0.025732004513077222,-0.025732004513077222,0.05279274053907146,-0.05279274053907146,0.03301936388015747,-0.03301936388015747
98000673_2022-03-26,98000673,2022-03-26,31,F,98000024.0,0.5832222222222222,0.04052380952380952,0.04052380952380952,0.06120002397668631,0.06120002397668631,-0.04439081925406439,0.04439081925406439,0.0,0.0,0.0,0.0,0.0,0.0,0.22274360439945942,0.0,0.035959130455932686,0.035959130455932686,0.01828629480431776,-0.01828629480431776,0.011251509189605713,0.011251509189605713
98000674_2022-03-26,98000674,2022-03-26,44,F,98000351.0,1.0594736842105263,0.05561904761904779,0.05561904761904779,0.0671580607847268,0.0671580607847268,0.0597284029327384,0.0597284029327384,0.0,0.0,-1.0,1.0,0.0,0.0,0.7814968886494628,1.0,0.03640290987599726,-0.03640290987599726,0.08470033854662529,-0.08470033854662529,0.06230682134628296,-0.06230682134628296
98000675_2022-03-26,98000675,2022-03-26,27,M,98000009.0,0.4031,-0.022526315789473506,0.022526315789473506,0.016870847787859744,0.016870847787859744,-0.06971545415411129,0.06971545415411129,0.0,0.0,0.0,0.0,0.0,0.0,-0.19593688847611201,0.0,0.013585178168819989,-0.013585178168819989,0.05487225245608296,-0.05487225245608296,0.034253716468811035,-0.034253716468811035
98000676_2022-03-26,98000676,2022-03-26,35,F,98000001.0,0.8264285714285714,-0.01423809523809505,0.01423809523809505,0.060532333790910386,0.060532333790910386,-0.0892320688555947,0.0892320688555947,0.0,0.0,-1.0,1.0,0.0,0.0,0.39241794740422714,1.0,0.006893980739076322,0.006893980739076322,0.016004919215996116,-0.008648434753217416,0.0027108192443847656,-0.0027108192443847656
98000677_2022-03-26,98000677,2022-03-26,60,M,98000605.0,0.6595714285714287,0.02547619047619043,0.02547619047619043,0.0835389011569655,0.0835389011569655,-0.012303155881415506,0.012303155881415506,0.0,0.0,0.0,0.0,0.0,0.0,0.1270164295263075,0.0,0.02165396216707871,0.02165396216707871,0.010750518716505009,0.010750518716505009,0.03434020280838013,0.03434020280838013
98000679_2022-03-26,98000679,2022-03-26,27,F,98000015.0,0.3415500000000001,0.0042380952380953185,0.0042380952380953185,0.007021800989542221,0.007021800989542221,-0.0388364679630219,0.0388364679630219,0.0,0.0,0.0,0.0,0.0,0.0,-0.5438174703855526,0.0,0.011414668491340596,0.011414668491340596,0.01655189072838764,-0.01655189072838764,0.004619807004928589,-0.004619807004928589
98000680_2022-03-26,98000680,2022-03-26,59,M,98000216.0,0.46465,-0.05729999999999991,0.05729999999999991,-0.056182531900836274,0.056182531900836274,-0.29617489776659345,0.29617489776659345,0.0,0.0,0.0,0.0,0.0,0.0,1.0971364674479374,0.0,0.04035214500816531,-0.04035214500816531,0.023778539018496914,0.023778539018496914,0.027092158794403076,-0.027092158794403076
98000682_2022-03-26,98000682,2022-03-26,33,F,98000674.0,0.5532,-0.019000000000000017,0.019000000000000017,-0.012035255935841926,0.012035255935841926,0.0389591836734692,0.0389591836734692,0.0,0.0,-1.0,1.0,0.0,0.0,-0.03944801943577191,1.0,0.012088962631692735,0.012088962631692735,0.005471861670284572,-0.005471861670284572,0.030122369527816772,-0.030122369527816772
98000683_2022-03-26,98000683,2022-03-26,28,M,98000002.0,0.6674,-0.027999999999999914,0.027999999999999914,-0.03873505273212696,0.03873505273212696,0.17931788369042367,0.17931788369042367,0.0,0.0,0.0,0.0,0.0,0.0,0.3316027519376741,0.0,0.02584084433563605,-0.02584084433563605,0.09914075251038301,-0.07985986765306452,0.06489288806915283,-0.06489288806915283
98000684_2022-03-26,98000684,2022-03-26,43,M,98000010.0,0.863761904761905,-0.008809523809523934,0.008809523809523934,-0.02429779466618981,0.02429779466618981,-0.17375804909148873,0.17375804909148873,0.0,0.0,-1.0,1.0,0.0,0.0,0.3328210757023768,1.0,0.00023235363538798293,0.00023235363538798293,0.016219016661592867,-0.016219016661592867,0.026526033878326416,-0.026526033878326416
98000685_2022-03-26,98000685,2022-03-26,26,M,98000726.0,0.3807894736842105,-0.004199999999999926,0.004199999999999926,0.0501585033524834,0.0501585033524834,0.014897959183673481,0.014897959183673481,0.0,0.0,0.0,0.0,0.0,0.0,-0.31650530104363245,0.0,0.004643873623245753,0.004643873623245753,0.010264523783384993,0.010264523783384993,0.003517657518386841,0.003517657518386841
98000686_2022-03-26,98000686,2022-03-26,39,F,98000015.0,0.6291904761904762,-0.016999999999999904,0.016999999999999904,-0.00038542082392620247,0.00038542082392620247,0.026229249011857705,0.026229249011857705,0.0,0.0,0.0,0.0,0.0,0.0,-0.49394215003425757,0.0,0.014362768210667731,-0.014362768210667731,0.005861168320645205,-0.005861168320645205,0.001568138599395752,-0.001568138599395752
98000687_2022-03-26,98000687,2022-03-26,50,F,98000012.0,0.911285714285714,-0.02757142857142858,0.02757142857142858,-0.024850824738085864,0.024850824738085864,-0.3192346190627987,0.3192346190627987,0.0,0.0,0.0,0.0,0.0,0.0,0.639753522193106,0.0,0.01219480402161277,0.01219480402161277,0.030647973248292715,0.030647973248292715,0.03154247999191284,0.03154247999191284
98000688_2022-03-26,98000688,2022-03-26,43,F,98000680.0,0.8464500000000001,-0.04923809523809519,0.04923809523809519,-0.04469676426053404,0.04469676426053404,-0.14508256295824007,0.14508256295824007,0.0,0.0,0.0,0.0,0.0,0.0,0.49323187292446563,0.0,0.03797017643090361,0.03797017643090361,0.08182050492488924,0.08182050492488924,0.09002035856246948,0.09002035856246948
98000689_2022-03-26,98000689,2022-03-26,19,F,98000022.0,0.3974736842105263,0.008150000000000102,0.008150000000000102,0.00984408744307358,0.00984408744307358,0.0743505198689646,0.0743505198689646,0.0,0.0,0.0,0.0,0.0,0.0,-0.38009126281678945,0.0,0.007454814287506162,0.007454814287506162,0.02125890354585902,0.02125890354585902,0.0015463531017303467,-0.0015463531017303467
98000690_2022-03-26,98000690,2022-03-26,35,F,98000019.0,0.6576190476190475,-0.004571428571428671,0.004571428571428671,0.0702732044968998,0.0702732044968998,0.0348065030283708,0.0348065030283708,0.0,0.0,0.0,0.0,0.0,0.0,-0.11578189953264721,0.0,0.014560023108251552,-0.014560023108251552,0.006219102886416694,0.006219102886416694,0.015334784984588623,0.015334784984588623
98000693_2022-03-26,98000693,2022-03-26,21,F,98000007.0,0.4203157894736842,0.01655000000000001,0.01655000000000001,0.052853696649205195,0.052853696649205195,0.08062070545121391,0.08062070545121391,0.0,0.0,0.0,0.0,0.0,0.0,0.022092424974202912,0.0,0.01152975425580488,0.01152975425580488,0.028176162487846157,-0.01292284623549611,0.012382656335830688,0.012382656335830688
98000694_2022-03-26,98000694,2022-03-26,35,M,98000007.0,0.4716315789473684,0.0011500000000000954,0.0011500000000000954,0.02474638836321949,0.02474638836321949,0.0293563902885937,0.0293563902885937,0.0,0.0,0.0,0.0,0.0,0.0,-0.48126530775149856,0.0,0.002248409844833432,0.002248409844833432,0.008080139022511257,0.008080139022511257,0.000415802001953125,0.000415802001953125
98000695_2022-03-26,98000695,2022-03-26,31,F,98000017.0,0.6235999999999999,0.0009999999999998899,0.0009999999999998899,0.01254851972477361,0.01254851972477361,-0.11597827100624811,0.11597827100624811,0.0,0.0,0.0,0.0,0.0,0.0,-0.3141431582492891,0.0,0.006790125692911375,0.006790125692911375,0.03926547394699709,0.03926547394699709,0.009892165660858154,0.009892165660858154
98000696_2022-03-26,98000696,2022-03-26,42,M,98000017.0,0.7374761904761905,-0.0347142857142857,0.0347142857142857,-0.007793864562867514,0.007793864562867514,-0.0163589416640105,0.0163589416640105,0.0,0.0,0.0,0.0,0.0,0.0,-0.2877908597125641,0.0,0.02278161431996306,0.02278161431996306,0.03406689255107498,0.03406689255107498,0.026921510696411133,0.026921510696411133
98000697_2022-03-26,98000697,2022-03-26,21,F,98000013.0,0.4799473684210525,0.00828571428571423,0.00828571428571423,-0.0003013770958404105,0.0003013770958404105,-0.0594166401020082,0.0594166401020082,0.0,0.0,0.0,0.0,0.0,0.0,-0.4881008060308703,0.0,0.012364428651836012,-0.012364428651836012,0.0075929064408969404,0.0075929064408969404,0.005437135696411133,-0.005437135696411133
98000698_2022-03-26,98000698,2022-03-26,26,F,98000006.0,0.7837619047619048,0.030000000000000027,0.030000000000000027,0.037459391585538515,0.037459391585538515,-0.1623299099032292,0.1623299099032292,0.0,0.0,0.0,0.0,0.0,0.0,0.29397696593083084,0.0,0.019733769359308595,0.019733769359308595,0.032666772756286044,0.032666772756286044,0.041570305824279785,0.041570305824279785
98000699_2022-03-26,98000699,2022-03-26,29,F,98000011.0,0.5910500000000001,0.019631578947368222,0.019631578947368222,0.04779663022360911,0.04779663022360911,0.011301325689716694,0.011301325689716694,0.0,0.0,0.0,0.0,0.0,0.0,-0.18313492947377222,0.0,0.01659315518511062,0.01659315518511062,0.010959391708097344,0.010959391708097344,0.023751795291900635,0.023751795291900635
98000700_2022-03-26,98000700,2022-03-26,46,F,98000019.0,0.7156190476190476,-0.019142857142857017,0.019142857142857017,0.004689274287011935,0.004689274287011935,-0.12466879183933689,0.12466879183933689,0.0,0.0,0.0,0.0,0.0,0.0,-0.1546936064683673,0.0,0.010036603085829987,-0.010036603085829987,0.04177404022563813,-0.0065264992818192535,0.033669352531433105,-0.0314158993221465
98000702_2022-03-26,98000702,2022-03-26,39,M,98000012.0,0.7098500000000001,0.06173684210526287,0.06173684210526287,0.023345482146446217,0.023345482146446217,0.0791203164998837,0.0791203164998837,0.0,0.0,-1.0,1.0,0.0,0.0,0.5993519198258536,1.0,0.03926435576880849,0.03926435576880849,0.03978656314192852,0.03978656314192852,0.0521625280380249,0.0521625280380249
98000703_2022-03-26,98000703,2022-03-26,25,F,98000007.0,0.4642380952380953,-0.0025499999999999967,0.0025499999999999967,0.02892170971737401,0.02892170971737401,0.026815737333710482,0.026815737333710482,0.0,0.0,0.0,0.0,0.0,0.0,-0.44534710247986237,0.0,0.006315798941687545,-0.006315798941687545,0.018087308813167335,0.018087308813167335,0.00924786925315857,-0.00924786925315857
98000704_2022-03-26,98000704,2022-03-26,38,F,98000022.0,0.567,-0.0041999999999999815,0.0041999999999999815,0.0052088956630229055,0.0052088956630229055,0.04261108566193339,0.04261108566193339,0.0,0.0,0.0,0.0,0.0,0.0,-0.5457020573801956,0.0,0.00041595378383907367,0.00041595378383907367,0.003696844947062461,-0.003696844947062461,0.008582472801208496,-0.008582472801208496
98000707_2022-03-26,98000707,2022-03-26,54,M,98000003.0,0.3723333333333333,-0.0026190476190475764,0.0026190476190475764,0.009748467084109008,0.009748467084109008,0.015622569333758413,0.015622569333758413,0.0,0.0,0.0,0.0,0.0,0.0,-0.6095664503969758,0.0,0.004178903405180623,-0.004178903405180623,0.010442560420131974,-0.010442560420131974,0.02193903923034668,-0.02193903923034668
98000708_2022-03-26,98000708,2022-03-26,52,M,98000605.0,0.5713999999999999,-0.007095238095238154,0.007095238095238154,0.018614810321496367,0.018614810321496367,0.0230656678355117,0.0230656678355117,0.0,0.0,0.0,0.0,0.0,0.0,-0.4802203174955191,0.0,0.005663293730001073,-0.005663293730001073,0.05566383863956503,0.05566383863956503,0.00830167531967163,0.00830167531967163
98000709_2022-03-26,98000709,2022-03-26,55,F,98000006.0,0.678047619047619,0.0075789473684210185,0.0075789473684210185,0.0009283251751849297,0.0009283251751849297,-0.0908744394618834,0.0908744394618834,0.0,0.0,0.0,0.0,0.0,0.0,-0.3992944619239289,0.0,0.0032969941244523904,0.0032969941244523904,0.041721710792632316,0.041721710792632316,0.03996914625167847,-0.03996914625167847
98000711_2022-03-26,98000711,2022-03-26,25,M,98000018.0,0.4763809523809523,-0.030285714285714305,0.030285714285714305,-0.031233642909232473,0.031233642909232473,0.0345138667516737,0.0345138667516737,0.0,0.0,-2.0,2.0,0.0,0.0,0.5133643224053872,2.0,0.027110598877567615,-0.006408671574145375,0.0004978362959892069,-0.0004978362959892069,0.029854565858840942,-0.029854565858840942
98000712_2022-03-26,98000712,2022-03-26,63,M,98000002.0,0.9043333333333332,0.0303333333333331,0.0303333333333331,0.052071650225385124,0.052071650225385124,0.03437519923493798,0.03437519923493798,0.0,0.0,0.0,0.0,0.0,0.0,0.02477393393237316,0.0,0.024745022003508033,-0.024745022003508033,0.038793181371419294,-0.038793181371419294,0.01917243003845215,-0.01917243003845215
98000716_2022-03-26,98000716,2022-03-26,47,M,98000002.0,0.8675714285714284,-0.02200000000000002,0.02200000000000002,-0.021836692493670207,0.021836692493670207,-0.19229359260439952,0.19229359260439952,0.0,0.0,0.0,0.0,0.0,0.0,0.19062955866699094,0.0,0.013583284589148703,0.013583284589148703,0.028722669614284935,-0.01696054934785296,0.05208307504653931,0.03450313179833575
98000717_2022-03-26,98000717,2022-03-26,60,M,98000015.0,1.1146,-0.01421052631578923,0.01421052631578923,0.006499552632478034,0.006499552632478034,-0.09450922421948871,0.09450922421948871,0.0,0.0,-1.0,1.0,0.0,0.0,0.034790506460355745,1.0,0.012460082636465808,0.012460082636465808,0.034879059094475195,0.034879059094475195,0.03001713752746582,0.03001713752746582
98000718_2022-03-26,98000718,2022-03-26,29,M,98000005.0,0.3593,-0.0025714285714286134,0.0025714285714286134,0.04405989087625528,0.04405989087625528,-0.042090851131654505,0.042090851131654505,0.0,0.0,0.0,0.0,0.0,0.0,-0.29611040987092035,0.0,0.006760410701157793,0.006760410701157793,0.01854412101328856,0.01854412101328856,0.024324476718902588,0.024324476718902588
98000722_2022-03-26,98000722,2022-03-26,27,F,98000726.0,0.5368421052631579,-0.032052631578947444,0.032052631578947444,-0.034265632071959484,0.034265632071959484,0.1183636363636366,0.1183636363636366,0.0,0.0,-1.0,1.0,0.0,0.0,0.48113836178063857,1.0,0.027052703543599677,-0.027052703543599677,0.028329884208489253,-0.028329884208489253,0.02733689546585083,-0.02436274792018689
98000723_2022-03-26,98000723,2022-03-26,28,M,98000001.0,0.44595,0.019190476190476424,0.019190476190476424,0.009359716552429398,0.009359716552429398,-0.016970991393050798,0.016970991393050798,0.0,0.0,0.0,0.0,0.0,0.0,-0.43632099483295145,0.0,0.018392558079117993,0.018392558079117993,0.004259589136263009,-0.004259589136263009,0.011868834495544434,0.011868834495544434
98000724_2022-03-26,98000724,2022-03-26,63,F,98000726.0,0.874736842105263,0.05645000000000022,0.05645000000000022,0.12482432085658429,0.12482432085658429,-0.10574289608891718,0.10574289608891718,0.0,0.0,0.0,0.0,0.0,0.0,1.0060191155199076,0.0,0.04352248385893076,0.006083868730210273,0.07451174326171062,0.07451174326171062,0.04976165294647217,0.04976165294647217
98000725_2022-03-26,98000725,2022-03-26,48,F,98000018.0,0.6725999999999999,-0.021849999999999925,0.021849999999999925,-0.03301148148677213,0.03301148148677213,0.09970745517458302,0.09970745517458302,0.0,0.0,0.0,0.0,0.0,0.0,-0.004071963803927853,0.0,0.014923548007354182,0.0045610942927292175,0.05287112441010866,-0.036109444421574044,0.012958526611328125,0.012590112495422634
98000726_2022-03-26,98000726,2022-03-26,46,M,98000443.0,0.4352999999999999,0.03214285714285714,0.03214285714285714,0.02526849159860811,0.02526849159860811,-0.11297194772075221,0.11297194772075221,0.0,0.0,0.0,0.0,0.0,0.0,0.08805616157050415,0.0,0.026321390577917714,0.026321390577917714,0.03981552491355178,0.03981552491355178,0.02202397584915161,0.02202397584915161
98000727_2022-03-26,98000727,2022-03-26,54,M,98000680.0,1.05665,-0.007949999999999902,0.007949999999999902,0.08458628480944191,0.08458628480944191,-0.0831343873517786,0.0831343873517786,0.0,0.0,0.0,0.0,0.0,0.0,0.15907801013477318,0.0,0.01776816546415816,-0.01776816546415816,0.08808159112273495,0.05263908653593974,0.060674071311950684,-0.0365612165451048
98000728_2022-03-26,98000728,2022-03-26,31,M,98000680.0,0.4117619047619048,0.020950000000000024,0.020950000000000024,-0.003369279359318106,0.003369279359318106,-0.011501067832807993,0.011501067832807993,0.0,0.0,-1.0,1.0,0.0,0.0,-0.15913415893458915,1.0,0.023094715160509538,-0.023094715160509538,0.03334624451676882,-0.03334624451676882,0.03808757662773132,-0.03808757662773132
98000729_2022-03-26,98000729,2022-03-26,52,F,98000015.0,0.7384285714285715,0.06989473684210545,0.06989473684210545,0.024608078957533225,0.024608078957533225,0.0564057380678297,0.0564057380678297,0.0,0.0,0.0,0.0,0.0,0.0,0.31021821665928834,0.0,0.05789118799517301,0.05789118799517301,0.07626961720803549,0.07626961720803549,0.07620960474014282,0.07620960474014282
98000731_2022-03-26,98000731,2022-03-26,50,M,98000726.0,0.8025714285714285,0.018476190476190202,0.018476190476190202,0.044625914100822506,0.044625914100822506,-0.012905642333438994,0.012905642333438994,0.0,0.0,0.0,0.0,0.0,0.0,-0.212317025119777,0.0,0.01093758121790056,0.01093758121790056,0.019440459010761413,-0.019440459010761413,0.003536820411682129,0.003536820411682129
98000732_2022-03-26,98000732,2022-03-26,43,F,98000001.0,0.8686190476190476,0.01423809523809516,0.01423809523809516,0.007449208052096312,0.007449208052096312,0.010185846350016209,0.010185846350016209,0.0,0.0,0.0,0.0,0.0,0.0,-0.5207043624231201,0.0,0.012216619739950807,-0.012216619739950807,0.004925409469669351,-0.004925409469669351,0.019435346126556396,-0.019435346126556396
98000733_2022-03-26,98000733,2022-03-26,30,M,98000015.0,0.7381052631578947,0.032142857142857195,0.032142857142857195,0.042090227641822575,0.042090227641822575,3.442779725840173e-05,3.442779725840173e-05,0.0,0.0,0.0,0.0,0.0,0.0,-0.12553335144936942,0.0,0.024711768010131974,-0.024711768010131974,0.04288600037518664,-0.04288600037518664,0.019616365432739258,-0.019616365432739258
98000734_2022-03-26,98000734,2022-03-26,25,F,98000015.0,0.2961428571428572,-0.017714285714285627,0.017714285714285627,-0.016116623403219482,0.016116623403219482,-0.08460057379662089,0.08460057379662089,0.0,0.0,0.0,0.0,0.0,0.0,-0.2076373809604326,0.0,0.0008651550610841996,-0.0008651550610841996,0.01741401719375124,-0.01741401719375124,0.015823721885681152,0.015823721885681152
98000735_2022-03-26,98000735,2022-03-26,40,M,98000019.0,0.6337499999999999,-0.047666666666666746,0.047666666666666746,-0.01642240307846321,0.01642240307846321,-0.009729121520253403,0.009729121520253403,0.0,0.0,0.0,0.0,0.0,0.0,-0.1131875376375207,0.0,0.03614674245476468,-0.03614674245476468,0.10307459910257144,-0.10307459910257144,0.0764092206954956,-0.0764092206954956
98000737_2022-03-26,98000737,2022-03-26,57,F,98000017.0,0.7072999999999999,0.03520000000000001,0.03520000000000001,-0.032497610288748924,0.032497610288748924,-0.1063636363636366,0.1063636363636366,0.0,0.0,-1.0,1.0,0.0,0.0,0.4665828835760244,1.0,0.026549245033937963,0.026549245033937963,0.05085715143160696,0.05085715143160696,0.057205915451049805,0.057205915451049805
98000739_2022-03-26,98000739,2022-03-26,32,M,98000024.0,0.4221904761904761,-0.007142857142857284,0.007142857142857284,-0.008138415528672005,0.008138415528672005,-0.012827223461906123,0.012827223461906123,0.0,0.0,0.0,0.0,0.0,0.0,-0.5818804867852313,0.0,0.0016135163265926789,0.0016135163265926789,0.02326719397178978,0.02326719397178978,0.004078328609466553,0.004078328609466553
98000741_2022-03-26,98000741,2022-03-26,56,F,98000680.0,1.2415789473684211,-0.04600000000000004,0.04600000000000004,-0.0009161263957790378,0.0009161263957790378,0.0518529147982058,0.0518529147982058,0.0,0.0,0.0,0.0,0.0,0.0,-0.11450734732523045,0.0,0.04015314647170487,0.04015314647170487,0.024437941025236776,0.024437941025236776,0.02639716863632202,0.02639716863632202
98000742_2022-03-26,98000742,2022-03-26,36,M,98000021.0,0.4705714285714285,0.036380952380952514,0.036380952380952514,0.046732196699536904,0.046732196699536904,-0.0341628944851769,0.0341628944851769,0.0,0.0,0.0,0.0,0.0,0.0,0.05008721456058019,0.0,0.03366588049475916,0.03366588049475916,0.03025708537080707,0.03025708537080707,0.0376090407371521,0.0376090407371521
98000743_2022-03-26,98000743,2022-03-26,55,F,98000004.0,0.5129,-0.004349999999999965,0.004349999999999965,0.03035198701872105,0.03035198701872105,0.05481198076082244,0.05481198076082244,0.0,0.0,0.0,0.0,0.0,0.0,-0.33508511371599553,0.0,0.011299687633412714,-0.011299687633412714,0.02737179096302611,0.02737179096302611,0.008005023002624512,0.008005023002624512
98000744_2022-03-26,98000744,2022-03-26,41,F,98000726.0,0.7234999999999998,0.03771428571428548,0.03771428571428548,0.07693958636537898,0.07693958636537898,0.03304781638508125,0.03304781638508125,0.0,0.0,0.0,0.0,0.0,0.0,0.2690559843221119,0.0,0.030607535099185568,0.030607535099185568,0.03848898866628225,0.03848898866628225,0.02683234214782715,0.02683234214782715
98000745_2022-03-26,98000745,2022-03-26,27,M,98000017.0,0.5458095238095239,0.009714285714285564,0.009714285714285564,0.02827510612122991,0.02827510612122991,-0.018645521198597498,0.018645521198597498,0.0,0.0,-1.0,1.0,0.0,0.0,-0.08308242300355287,1.0,0.014795275511381822,0.014795275511381822,0.021782356087566068,-0.008983808588174158,0.015803933143615723,0.006887999080476215
98000746_2022-03-26,98000746,2022-03-26,27,M,98000674.0,0.3172380952380952,0.01414285714285729,0.01414285714285729,0.0445592206335691,0.0445592206335691,-0.08650270959515471,0.08650270959515471,0.0,0.0,0.0,0.0,0.0,0.0,-0.04294211457123334,0.0,0.017286257738622246,0.017286257738622246,0.007200441612823738,0.007200441612823738,0.04135119915008545,0.04135119915008545
98000747_2022-03-26,98000747,2022-03-26,50,M,98000001.0,0.962,0.0005714285714286671,0.0005714285714286671,0.05479443744160167,0.05479443744160167,-0.10925374561683088,0.10925374561683088,0.0,0.0,0.0,0.0,0.0,0.0,-0.0467857905955455,0.0,0.0057070976985352795,0.0057070976985352795,0.025653619934584926,0.025653619934584926,0.004301726818084717,0.004301726818084717
98000748_2022-03-26,98000748,2022-03-26,64,F,98000019.0,0.5671428571428572,-0.01895238095238072,0.01895238095238072,0.021780159172844094,0.021780159172844094,-0.1202715970672617,0.1202715970672617,0.0,0.0,0.0,0.0,-1.0,1.0,0.6331660369057532,1.0,0.012591777587738884,0.012591777587738884,0.01797044915820667,0.01797044915820667,0.01808786392211914,0.01808786392211914
98000749_2022-03-26,98000749,2022-03-26,46,F,98000009.0,0.5913809523809525,-0.015285714285714236,0.015285714285714236,-0.002720104079424801,0.002720104079424801,0.09179024545744363,0.09179024545744363,0.0,0.0,-1.0,1.0,0.0,0.0,0.011941271930820035,1.0,0.011133351261727764,0.011133351261727764,0.016119055183636877,0.016119055183636877,0.0339011549949646,0.0339011549949646
98000752_2022-03-26,98000752,2022-03-26,38,M,98000003.0,0.6552380952380952,0.012952380952381048,0.012952380952381048,0.044003972395356694,0.044003972395356694,0.1416799489958558,0.1416799489958558,0.0,0.0,-1.0,1.0,0.0,0.0,0.4181343375333196,1.0,0.0011537654497408845,0.0011537654497408845,0.017101866807333055,0.017101866807333055,0.014126420021057129,-0.014126420021057129
98000753_2022-03-26,98000753,2022-03-26,27,F,98000024.0,0.4767142857142857,-0.030789473684210478,0.030789473684210478,0.01073079166960808,0.01073079166960808,0.11865167127418969,0.11865167127418969,0.0,0.0,0.0,0.0,0.0,0.0,-0.009700755899652793,0.0,0.025855652003740737,-0.025855652003740737,0.0440365805602122,-0.0440365805602122,0.03774768114089966,-0.03774768114089966
98000754_2022-03-26,98000754,2022-03-26,32,F,98000004.0,0.6239411764705882,-0.007500000000000173,0.007500000000000173,-0.0030791221706266136,0.0030791221706266136,0.23184982935153609,0.23184982935153609,0.0,0.0,0.0,0.0,0.0,0.0,0.02619215942613326,0.0,0.009838042083367804,0.009838042083367804,0.0035690251247587623,-0.0035690251247587623,0.009151637554168701,-0.008603049642899485
98000756_2022-03-26,98000756,2022-03-26,63,M,98000018.0,1.1667142857142856,0.028789473684210698,0.028789473684210698,0.0696066693958769,0.0696066693958769,0.008105517290351583,0.008105517290351583,0.0,0.0,0.0,0.0,0.0,0.0,0.053041395871939796,0.0,0.016683812526328445,-0.016683812526328445,0.0225201573924787,-0.0225201573924787,0.03889358043670654,0.03889358043670654
98000757_2022-03-26,98000757,2022-03-26,32,M,98000680.0,0.6577,0.011823529411764788,0.011823529411764788,0.0042572499806168285,0.0042572499806168285,0.21990691489361736,0.21990691489361736,0.0,0.0,0.0,0.0,0.0,0.0,0.04433438432376166,0.0,0.006804348855694919,-0.006804348855694919,0.002949387889118804,0.002949387889118804,0.03657799959182739,-0.03657799959182739
98000001_2022-04-25,98000001,2022-04-25,40,F,98000216.0,0.7784761904761904,0.022499999999999853,0.022499999999999853,0.026528895862072632,0.026528895862072632,0.2294420600858374,0.2294420600858374,0.0,0.0,0.0,0.0,-1.0,1.0,1.021383975987822,1.0,0.011391566913659834,0.011391566913659834,0.00011970615800249718,0.00011970615800249718,0.02961975336074829,0.02961975336074829
98000002_2022-04-25,98000002,2022-04-25,61,F,98000216.0,0.5089545454545454,-0.0012999999999999678,0.0012999999999999678,0.025562448393850412,0.025562448393850412,0.031064827216715704,0.031064827216715704,0.0,0.0,0.0,0.0,0.0,0.0,-0.4690924541396769,0.0,0.006626163076842995,-0.006626163076842995,0.03832483247035978,0.03832483247035978,0.0036196112632751465,0.0036196112632751465
98000003_2022-04-25,98000003,2022-04-25,20,F,98000216.0,0.6231500000000001,0.0032631578947369677,0.0032631578947369677,0.005779961924558902,0.005779961924558902,0.0638600294185955,0.0638600294185955,0.0,0.0,0.0,0.0,0.0,0.0,-0.4894659871276547,0.0,0.004034341264881447,0.004034341264881447,0.004817169812387889,-0.004817169812387889,0.0012877583503723145,-0.0012877583503723145
98000004_2022-04-25,98000004,2022-04-25,18,F,98000216.0,0.4871904761904762,0.0030000000000000027,0.0030000000000000027,0.020666673393412507,0.020666673393412507,-0.01368021680216791,0.01368021680216791,0.0,0.0,0.0,0.0,0.0,0.0,-0.5359628263635555,0.0,0.005496290243386048,-0.005496290243386048,0.02562140779395916,0.003501765447146088,0.015212982892990112,-0.015212982892990112
98000005_2022-04-25,98000005,2022-04-25,59,F,98000216.0,0.4956190476190475,0.01739999999999986,0.01739999999999986,0.017276264510735495,0.017276264510735495,0.09391640394589698,0.09391640394589698,0.0,0.0,-1.0,1.0,0.0,0.0,0.1405060363407361,1.0,0.013501678053816413,0.013501678053816413,0.033769139670443815,0.033769139670443815,0.01242738962173462,0.01242738962173462
98000006_2022-04-25,98000006,2022-04-25,28,F,98000216.0,0.6830000000000002,-0.045047619047619114,0.045047619047619114,0.06966610321595068,0.06966610321595068,0.0730462225055783,0.0730462225055783,0.0,0.0,0.0,0.0,0.0,0.0,0.4117356957353618,0.0,0.0473716023954488,-0.0473716023954488,0.05845156944358498,-0.05845156944358498,0.05434894561767578,-0.05434894561767578
98000007_2022-04-25,98000007,2022-04-25,50,M,98000216.0,0.3433809523809523,0.020631578947368556,0.020631578947368556,0.050878474294250076,0.050878474294250076,-0.0369069917071773,0.0369069917071773,0.0,0.0,0.0,0.0,0.0,0.0,-0.07676013125533283,0.0,0.017097758829968446,0.017097758829968446,0.013211947974695382,0.013211947974695382,0.0009839534759521484,0.0009839534759521484
98000009_2022-04-25,98000009,2022-04-25,28,M,98000443.0,0.6081000000000001,0.017666666666666553,0.017666666666666553,0.028229031918878322,0.028229031918878322,0.1059706726171501,0.1059706726171501,0.0,0.0,0.0,0.0,0.0,0.0,-0.062200940615910034,0.0,0.019702128347034775,-0.019702128347034775,0.005366468317588691,-0.005366468317588691,0.005643606185913086,0.005643606185913086
98000010_2022-04-25,98000010,2022-04-25,29,M,98000443.0,0.4952380952380952,0.0039523809523809295,0.0039523809523809295,-0.011186858593856486,0.011186858593856486,0.015006694293911604,0.015006694293911604,0.0,0.0,0.0,0.0,0.0,0.0,-0.5876029096565352,0.0,0.0012330262953822446,0.0012330262953822446,0.02764631058220035,-0.02764631058220035,0.0021873116493225098,-0.0021873116493225098
98000011_2022-04-25,98000011,2022-04-25,46,M,98000443.0,0.5420454545454546,-0.049190476190475896,0.049190476190475896,-0.026928471338817206,0.026928471338817206,-0.0565744341727767,0.0565744341727767,0.0,0.0,0.0,0.0,0.0,0.0,0.11183235926017158,0.0,0.0430505204865923,-0.0430505204865923,0.0598500049285845,-0.0598500049285845,0.02386629581451416,-0.02386629581451416
98000012_2022-04-25,98000012,2022-04-25,53,F,98000443.0,0.5721818181818181,0.05290000000000006,0.05290000000000006,0.0605689117486205,0.0605689117486205,-0.0944200375033486,0.0944200375033486,0.0,0.0,0.0,0.0,0.0,0.0,0.4928615794908254,0.0,0.04723791562881885,0.04723791562881885,0.1286441533813234,0.11832429257801547,0.07304900884628296,0.07304900884628296
98000013_2022-04-25,98000013,2022-04-25,38,M,98000443.0,0.8228636363636365,-0.016000000000000125,0.016000000000000125,0.005197987632218792,0.005197987632218792,0.016385470053496,0.016385470053496,0.0,0.0,0.0,0.0,0.0,0.0,-0.49985288126663696,0.0,0.01211618521101554,0.01211618521101554,0.06341018004749821,0.06341018004749821,0.023311257362365723,0.023311257362365723
98000015_2022-04-25,98000015,2022-04-25,62,M,98000443.0,0.5761052631578947,-0.05069999999999997,0.05069999999999997,-0.059860343162621454,0.059860343162621454,0.1063699573410361,0.1063699573410361,0.0,0.0,0.0,0.0,0.0,0.0,0.5000187347400696,0.0,0.040654673258016416,-0.040654673258016416,0.0898182920568904,-0.0898182920568904,0.06254345178604126,-0.06254345178604126
98000017_2022-04-25,98000017,2022-04-25,31,F,98000351.0,0.4772857142857142,0.024761904761904874,0.024761904761904874,0.01956888734321499,0.01956888734321499,-0.0757488045903728,0.0757488045903728,0.0,0.0,0.0,0.0,0.0,0.0,-0.136512084187533,0.0,0.027516984982533077,0.027516984982533077,0.0015978476755184046,-0.0015978476755184046,0.014317750930786133,0.014317750930786133
98000018_2022-04-25,98000018,2022-04-25,62,M,98000351.0,0.9129500000000002,0.004571428571428671,0.004571428571428671,0.0755116784065819,0.0755116784065819,-0.0639209435766655,0.0639209435766655,0.0,0.0,0.0,0.0,0.0,0.0,0.005332715739749851,0.0,0.0009577005491313573,-0.0009577005491313573,0.03308291279601383,0.03308291279601383,0.028851568698883057,0.028851568698883057
98000019_2022-04-25,98000019,2022-04-25,25,F,98000351.0,0.3123636363636364,-0.005714285714285616,0.005714285714285616,0.0189542825531909,0.0189542825531909,0.08486165125916471,0.08486165125916471,0.0,0.0,0.0,0.0,0.0,0.0,-0.3118454572994504,0.0,0.003375915867006807,0.003375915867006807,0.021748376489025,0.021748376489025,0.004730165004730225,0.004730165004730225
98000021_2022-04-25,98000021,2022-04-25,25,M,98000351.0,0.4038947368421052,0.0126,0.0126,0.07209332079244091,0.07209332079244091,0.0982910709468574,0.0982910709468574,0.0,0.0,0.0,0.0,0.0,0.0,0.16539524620763055,0.0,0.011015110292736274,0.011015110292736274,0.07361807178550489,0.07361807178550489,0.003475099802017212,0.003475099802017212
98000022_2022-04-25,98000022,2022-04-25,47,F,98000351.0,0.7325238095238097,-0.008523809523809378,0.008523809523809378,0.0441804044395927,0.0441804044395927,-0.05473350334714641,0.05473350334714641,0.0,0.0,0.0,0.0,0.0,0.0,-0.19660001099606358,0.0,0.006512427378496666,-0.006512427378496666,0.07110100236992878,0.07110100236992878,0.014800727367401123,-0.014800727367401123
98000024_2022-04-25,98000024,2022-04-25,45,F,98000351.0,0.8495238095238097,0.051105263157894765,0.051105263157894765,0.04283029558637258,0.04283029558637258,-0.09386868440322199,0.09386868440322199,0.0,0.0,0.0,0.0,0.0,0.0,0.3502556803947153,0.0,0.03860427110459297,0.03860427110459297,0.047902940431621355,0.047902940431621355,0.07522809505462646,0.07522809505462646
98000025_2022-04-25,98000025,2022-04-25,20,F,98000001.0,0.57855,0.014650000000000163,0.014650000000000163,0.014440751749993597,0.014440751749993597,-0.0858841044434269,0.0858841044434269,0.0,0.0,0.0,0.0,0.0,0.0,-0.24725567895472556,0.0,0.01647039092471736,0.01647039092471736,0.022385156647983906,-0.022385156647983906,0.012375116348266602,-0.012375116348266602
98000026_2022-04-25,98000026,2022-04-25,34,M,98000001.0,0.9563333333333331,0.021578947368420698,0.021578947368420698,0.0049505916813097905,0.0049505916813097905,-0.04113601732296013,0.04113601732296013,0.0,0.0,0.0,0.0,0.0,0.0,-0.3714166418035874,0.0,0.01629756648480085,0.01629756648480085,0.06688048858998008,-0.029119585113270396,0.011339664459228516,-0.011339664459228516
98000028_2022-04-25,98000028,2022-04-25,40,F,98000001.0,0.8140000000000001,-0.008380952380952489,0.008380952380952489,-0.020319969589724513,0.020319969589724513,0.04725310806503058,0.04725310806503058,0.0,0.0,0.0,0.0,0.0,0.0,-0.38451659056518267,0.0,0.018466505048247872,-0.018466505048247872,0.02722317138563668,-0.02722317138563668,0.0428006649017334,-0.0428006649017334
98000030_2022-04-25,98000030,2022-04-25,39,M,98000001.0,0.6857727272727274,-0.007900000000000018,0.007900000000000018,0.08047763379036943,0.08047763379036943,-0.12163228338532717,0.12163228338532717,0.0,0.0,0.0,0.0,0.0,0.0,0.2425805122732616,0.0,0.00961441379299044,-0.00961441379299044,0.05665908713072976,0.05665908713072976,0.04990202188491821,0.04990202188491821
98000032_2022-04-25,98000032,2022-04-25,28,M,98000001.0,0.7166190476190477,0.007857142857142785,0.007857142857142785,0.030543764685348473,0.030543764685348473,-0.1303034746573156,0.1303034746573156,0.0,0.0,0.0,0.0,0.0,0.0,-0.0770230856387483,0.0,0.0017405647516615108,0.0017405647516615108,0.055311222065778765,-0.055311222065778765,0.01734262704849243,-0.01734262704849243
98000033_2022-04-25,98000033,2022-04-25,36,M,98000001.0,0.8474545454545453,0.08290000000000008,0.08290000000000008,0.0529809972082802,0.0529809972082802,-0.07781027667984225,0.07781027667984225,0.0,0.0,0.0,0.0,0.0,0.0,0.7034011982996624,0.0,0.05386980964110588,0.05386980964110588,0.03202864184411336,-0.03202864184411336,0.009491324424743652,0.009491324424743652
98000034_2022-04-25,98000034,2022-04-25,33,M,98000001.0,0.4430454545454545,-0.002666666666666595,0.002666666666666595,0.01616993191132149,0.01616993191132149,0.013752260397830396,0.013752260397830396,0.0,0.0,0.0,0.0,0.0,0.0,-0.5702328180411674,0.0,0.003381878333368671,-0.003381878333368671,0.05690773370681046,0.05690773370681046,0.013144254684448242,0.013144254684448242
98000036_2022-04-25,98000036,2022-04-25,24,M,98000001.0,0.7888636363636364,0.01175000000000015,0.01175000000000015,0.038774140905738386,0.038774140905738386,0.2159012268008803,0.2159012268008803,0.0,0.0,0.0,0.0,0.0,0.0,0.2699936961637876,0.0,0.00556867521558424,0.00556867521558424,0.042989969833455044,0.042989969833455044,0.0555533766746521,0.0555533766746521
98000037_2022-04-25,98000037,2022-04-25,62,M,98000001.0,0.7033333333333333,0.014899999999999913,0.014899999999999913,0.10196735314999489,0.10196735314999489,0.050744027303754304,0.050744027303754304,0.0,0.0,0.0,0.0,0.0,0.0,0.25657493505612533,0.0,6.39644156791297e-05,-6.39644156791297e-05,0.0023465987992260517,0.0023465987992260517,0.014555275440216064,-0.014555275440216064
98000040_2022-04-25,98000040,2022-04-25,21,F,98000001.0,0.3270454545454546,-0.0027500000000000857,0.0027500000000000857,-0.010243440333746912,0.010243440333746912,0.00857534061327278,0.00857534061327278,0.0,0.0,0.0,0.0,0.0,0.0,-0.6253617019207436,0.0,0.006952018265741544,0.006952018265741544,0.007799596889220772,-0.007799596889220772,0.002720952033996582,0.002720952033996582
98000041_2022-04-25,98000041,2022-04-25,40,F,98000001.0,0.9061818181818184,0.011238095238094825,0.011238095238094825,0.09097413860389297,0.09097413860389297,-0.09489544150462248,0.09489544150462248,0.0,0.0,0.0,0.0,-1.0,1.0,0.956367972415762,1.0,0.006085465526395217,0.006085465526395217,0.010561263575440627,0.010561263575440627,0.003643929958343506,-0.003643929958343506
98000043_2022-04-25,98000043,2022-04-25,37,F,98000001.0,0.6359090909090909,0.0442380952380953,0.0442380952380953,0.019912739762706078,0.019912739762706078,0.12266241632132649,0.12266241632132649,0.0,0.0,0.0,0.0,0.0,0.0,0.2049275444368226,0.0,0.026251074706120536,0.026251074706120536,0.02699804369973613,0.02699804369973613,0.02548682689666748,0.02548682689666748
98000044_2022-04-25,98000044,2022-04-25,35,F,98000001.0,0.5148636363636364,-0.002714285714285669,0.002714285714285669,-0.0015179249615961121,0.0015179249615961121,0.05381351609818309,0.05381351609818309,0.0,0.0,-1.0,1.0,0.0,0.0,-0.23767202509283303,1.0,0.004494115774197227,0.004494115774197227,0.026031918745363924,-0.026031918745363924,0.011050641536712646,-0.011050641536712646
98000045_2022-04-25,98000045,2022-04-25,57,M,98000002.0,0.7631428571428571,0.05235000000000012,0.05235000000000012,0.05746239026927902,0.05746239026927902,-0.19912844503203467,0.19912844503203467,0.0,0.0,0.0,0.0,0.0,0.0,0.7713383030829979,0.0,0.042178848620992415,0.042178848620992415,0.006198685714634333,-0.006198685714634333,0.005551517009735107,0.005551517009735107
98000046_2022-04-25,98000046,2022-04-25,38,M,98000002.0,0.5283333333333333,0.005142857142857116,0.005142857142857116,0.01710737675207996,0.01710737675207996,0.2054737009882049,0.2054737009882049,0.0,0.0,-1.0,1.0,0.0,0.0,0.3377318915579898,1.0,4.4114323862309845e-05,-4.4114323862309845e-05,0.023620169255826884,-0.023620169255826884,0.009535431861877441,0.009535431861877441
98000047_2022-04-25,98000047,2022-04-25,30,M,98000002.0,0.6299523809523809,-0.003238095238095262,0.003238095238095262,0.022728172840575434,0.022728172840575434,-0.1334067580490913,0.1334067580490913,0.0,0.0,0.0,0.0,0.0,0.0,-0.16982130323040792,0.0,0.007009291455476907,-0.007009291455476907,0.004287225444798426,-0.004287225444798426,0.013708114624023438,0.013708114624023438
98000049_2022-04-25,98000049,2022-04-25,50,F,98000002.0,0.5263809523809524,-0.02185714285714291,0.02185714285714291,0.011616422722386,0.011616422722386,-0.0147752629901177,0.0147752629901177,0.0,0.0,0.0,0.0,0.0,0.0,-0.3994850893692365,0.0,0.015337854579665189,-0.015337854579665189,0.029928612423717915,-0.029928612423717915,0.025429606437683105,-0.025429606437683105
98000050_2022-04-25,98000050,2022-04-25,51,F,98000002.0,0.48275,-0.08014285714285718,0.08014285714285718,-0.07761396378265506,0.07761396378265506,-0.001933694612686998,0.001933694612686998,0.0,0.0,0.0,0.0,0.0,0.0,0.6232522263546659,0.0,0.058036254691125055,-0.058036254691125055,0.1468139140879421,-0.1468139140879421,0.044249653816223145,-0.044249653816223145
98000053_2022-04-25,98000053,2022-04-25,47,M,98000002.0,0.5838636363636364,0.0034000000000000696,0.0034000000000000696,0.036264922385559006,0.036264922385559006,-0.1128021680216802,0.1128021680216802,0.0,0.0,-2.0,2.0,0.0,0.0,0.49753323390233234,2.0,0.00032911759601561563,0.00032911759601561563,0.032733343302829065,0.032733343302829065,0.016490042209625244,0.016490042209625244
98000055_2022-04-25,98000055,2022-04-25,37,M,98000002.0,0.5364545454545455,-0.01919999999999994,0.01919999999999994,-0.025960533012365006,0.025960533012365006,0.16659642693540994,0.16659642693540994,0.0,0.0,0.0,0.0,0.0,0.0,0.11501410353618473,0.0,0.014640135355884543,0.014640135355884543,0.057719070337779566,-0.01213000719418822,0.03575611114501953,-0.0011344214352693172
98000056_2022-04-25,98000056,2022-04-25,34,F,98000002.0,0.3660454545454545,0.006263157894736915,0.006263157894736915,0.05918917117080971,0.05918917117080971,0.08563150425733232,0.08563150425733232,0.0,0.0,0.0,0.0,0.0,0.0,-0.026342384329265046,0.0,0.004501182087493116,0.004501182087493116,0.039573263532142966,0.039573263532142966,0.025655269622802734,0.025655269622802734
98000058_2022-04-25,98000058,2022-04-25,26,F,98000002.0,0.39,0.03374999999999995,0.03374999999999995,0.06233374088585847,0.06233374088585847,-0.0587334772052871,0.0587334772052871,0.0,0.0,0.0,0.0,0.0,0.0,0.2021228139974263,0.0,0.02438757995074059,0.02438757995074059,0.06118805853676923,0.06118805853676923,0.05723792314529419,0.05723792314529419
98000060_2022-04-25,98000060,2022-04-25,46,F,98000002.0,0.830095238095238,-0.01790476190476198,0.01790476190476198,0.005580268261072385,0.005580268261072385,-0.03278482626713353,0.03278482626713353,0.0,0.0,0.0,0.0,0.0,0.0,-0.4295813263373425,0.0,0.02334894624168926,0.00787458318987666,0.02459217354173915,0.02459217354173915,0.023137390613555908,0.023137390613555908
98000064_2022-04-25,98000064,2022-04-25,57,F,98000002.0,0.9669523809523808,0.03215000000000012,0.03215000000000012,0.1168553919809151,0.1168553919809151,-0.09506122448979609,0.09506122448979609,0.0,0.0,0.0,0.0,0.0,0.0,0.667663880652802,0.0,0.025788379477223233,-0.025788379477223233,0.07283197417608667,-0.07283197417608667,0.03617513179779053,-0.03617513179779053
98000066_2022-04-25,98000066,2022-04-25,30,M,98000003.0,0.7231363636363636,-0.009000000000000008,0.009000000000000008,0.06033725484584848,0.06033725484584848,0.1943846231256919,0.1943846231256919,0.0,0.0,0.0,0.0,0.0,0.0,0.32740352664625677,0.0,0.011016659683014352,-0.011016659683014352,0.01652987817531626,0.01652987817531626,0.021286845207214355,-0.021286845207214355
98000068_2022-04-25,98000068,2022-04-25,56,M,98000003.0,0.556590909090909,0.021190476190476204,0.021190476190476204,0.05223004901651851,0.05223004901651851,-0.08776123685049442,0.08776123685049442,0.0,0.0,0.0,0.0,0.0,0.0,0.08679405367208097,0.0,0.0025109087269806762,0.0025109087269806762,0.025653420203051502,-0.025653420203051502,0.04427993297576904,-0.04427993297576904
98000069_2022-04-25,98000069,2022-04-25,23,F,98000003.0,0.5580909090909091,-0.02028571428571424,0.02028571428571424,0.0331977172987665,0.0331977172987665,-0.05417500796939741,0.05417500796939741,0.0,0.0,0.0,0.0,0.0,0.0,-0.15191944651568912,0.0,0.011857834869963169,-0.011857834869963169,0.02886450676002772,-0.02886450676002772,0.034837305545806885,-0.034837305545806885
98000070_2022-04-25,98000070,2022-04-25,34,M,98000003.0,0.451090909090909,-0.017333333333333367,0.017333333333333367,-0.010919454184171201,0.010919454184171201,-0.0158320051004147,0.0158320051004147,0.0,0.0,0.0,0.0,0.0,0.0,-0.44816048859248786,0.0,0.004819309777515046,-0.004819309777515046,0.021029977095560592,-0.009288924116775898,0.003010004758834839,-0.003010004758834839
98000071_2022-04-25,98000071,2022-04-25,44,F,98000003.0,0.5783333333333334,0.00824999999999998,0.00824999999999998,-0.027101497440464584,0.027101497440464584,-0.00236714324251458,0.00236714324251458,0.0,0.0,-1.0,1.0,0.0,0.0,-0.15388821867943067,1.0,0.0035237485901872256,0.0035237485901872256,0.01658328639406048,0.01658328639406048,0.01668637990951538,0.01668637990951538
98000072_2022-04-25,98000072,2022-04-25,54,F,98000003.0,0.4506666666666666,0.007750000000000201,0.007750000000000201,0.01602735358449392,0.01602735358449392,-0.0206949750220394,0.0206949750220394,0.0,0.0,0.0,0.0,0.0,0.0,-0.4981935908797374,0.0,0.01064202408589987,0.01064202408589987,0.004730297412978535,-0.004730297412978535,0.020859897136688232,0.020859897136688232
98000073_2022-04-25,98000073,2022-04-25,59,F,98000003.0,0.4999545454545455,-0.0066190476190476355,0.0066190476190476355,0.03050293127941578,0.03050293127941578,0.011047497609180723,0.011047497609180723,0.0,0.0,-1.0,1.0,0.0,0.0,-0.12201524613281937,1.0,0.0052688774838565156,-0.0052688774838565156,0.06446075764447312,0.04694985959607012,0.013755500316619873,-0.013755500316619873
98000074_2022-04-25,98000074,2022-04-25,19,M,98000003.0,0.7526818181818182,-0.004105263157894723,0.004105263157894723,0.04147452665755058,0.04147452665755058,0.06520973332390201,0.06520973332390201,0.0,0.0,-1.0,1.0,0.0,0.0,0.08566679899328626,1.0,0.008327311297273599,-0.008327311297273599,0.007931418359865994,0.0032667874279501685,0.06805300712585449,-0.03608972514759401
98000075_2022-04-25,98000075,2022-04-25,58,M,98000003.0,0.4482727272727272,-0.001000000000000112,0.001000000000000112,0.019275264713162987,0.019275264713162987,-0.061145214853577795,0.061145214853577795,0.0,0.0,0.0,0.0,0.0,0.0,-0.42778162442446943,0.0,0.005798621433158679,-0.005798621433158679,0.04257382001847149,-0.028484263569122426,0.007762283086776733,-0.007762283086776733
98000078_2022-04-25,98000078,2022-04-25,31,F,98000003.0,0.5935,-0.04574999999999996,0.04574999999999996,0.010056259812470991,0.010056259812470991,0.0194131873299524,0.0194131873299524,0.0,0.0,0.0,0.0,0.0,0.0,-0.1487317807183884,0.0,0.0343173623846299,-0.017663483994900697,0.04717950580659025,0.000837510570084854,0.022950351238250732,-0.020900702953338568
98000079_2022-04-25,98000079,2022-04-25,59,M,98000003.0,0.3897142857142857,0.01409523809523816,0.01409523809523816,0.013442651286723728,0.013442651286723728,0.12153203697800438,0.12153203697800438,0.0,0.0,0.0,0.0,0.0,0.0,-0.1558522069015331,0.0,0.01002992777744538,0.01002992777744538,0.037075423025405674,-0.037075423025405674,0.013241291046142578,0.013241291046142578
98000082_2022-04-25,98000082,2022-04-25,46,M,98000003.0,0.6282380952380952,0.006599999999999939,0.006599999999999939,0.03708849131332331,0.03708849131332331,-0.1633352833889674,0.1633352833889674,0.0,0.0,-1.0,1.0,0.0,0.0,0.36770397620122147,1.0,0.00553041395856857,0.00553041395856857,0.03332777018201183,0.03332777018201183,0.027584850788116455,0.027584850788116455
98000089_2022-04-25,98000089,2022-04-25,22,F,98000004.0,0.7056818181818182,0.010749999999999982,0.010749999999999982,0.05919753647460507,0.05919753647460507,-0.057488213634329766,0.057488213634329766,0.0,0.0,0.0,0.0,0.0,0.0,-0.06185923581714034,0.0,0.001475061814869616,-0.001475061814869616,0.0805253667232031,-0.0805253667232031,0.02433115243911743,0.02433115243911743
98000090_2022-04-25,98000090,2022-04-25,30,F,98000004.0,0.6969523809523809,-0.0023000000000000798,0.0023000000000000798,0.0828945481297215,0.0828945481297215,0.0069419795221841996,0.0069419795221841996,0.0,0.0,0.0,0.0,-1.0,1.0,0.5511521830352821,1.0,0.006727585609787368,-0.006727585609787368,0.014926355119049939,-0.014926355119049939,0.01876974105834961,-0.01876974105834961
98000091_2022-04-25,98000091,2022-04-25,30,F,98000004.0,0.6051000000000001,-0.03614285714285714,0.03614285714285714,-0.033693311091876316,0.033693311091876316,0.05478036340452669,0.05478036340452669,0.0,0.0,0.0,0.0,0.0,0.0,0.017844399186061743,0.0,0.023450563447118378,-0.023450563447118378,0.02506747936768916,0.02506747936768916,0.01572328805923462,-0.01572328805923462
98000093_2022-04-25,98000093,2022-04-25,20,M,98000004.0,0.7782727272727272,-0.037904761904761886,0.037904761904761886,-0.03906638753634123,0.03906638753634123,-0.03278482626713397,0.03278482626713397,0.0,0.0,-1.0,1.0,0.0,0.0,0.325213115597392,1.0,0.030092532654551585,0.030092532654551585,0.00987045352069127,0.0073109626241432135,0.07146936655044556,0.07146936655044556
98000094_2022-04-25,98000094,2022-04-25,37,M,98000004.0,0.7231818181818181,-0.08214285714285707,0.08214285714285707,-0.018162256659879306,0.018162256659879306,0.020177558176602106,0.020177558176602106,0.0,0.0,-1.0,1.0,0.0,0.0,0.603347673286611,1.0,0.0753217699449118,-0.061669332149506095,0.09020348349603158,-0.09020348349603158,0.08302730321884155,-0.07958840478550311
98000095_2022-04-25,98000095,2022-04-25,48,M,98000004.0,0.5297368421052632,-0.045299999999999896,0.045299999999999896,-0.09038721929216109,0.09038721929216109,-0.09876372890436641,0.09876372890436641,0.0,0.0,0.0,0.0,0.0,0.0,0.6323616449903521,0.0,0.035354100018322954,-0.035354100018322954,0.07840291272309474,-0.07840291272309474,0.057547807693481445,-0.057547807693481445
98000096_2022-04-25,98000096,2022-04-25,63,M,98000004.0,0.4803809523809524,-0.018714285714285683,0.018714285714285683,-0.013914471719818577,0.013914471719818577,0.03340930825629573,0.03340930825629573,0.0,0.0,0.0,0.0,0.0,0.0,-0.3618634372930904,0.0,0.010248402632654918,0.010248402632654918,0.021061006193387022,-0.021061006193387022,0.001191854476928711,0.001191854476928711
98000098_2022-04-25,98000098,2022-04-25,46,M,98000004.0,0.6769545454545456,-0.012899999999999912,0.012899999999999912,0.0018531145132628102,0.0018531145132628102,0.0861405471371913,0.0861405471371913,0.0,0.0,0.0,0.0,0.0,0.0,-0.3515056185818406,0.0,0.008473765980076209,0.008473765980076209,0.0783007116640112,0.0783007116640112,0.02543342113494873,0.02543342113494873
98000099_2022-04-25,98000099,2022-04-25,22,F,98000004.0,0.4906363636363636,-0.018761904761904702,0.018761904761904702,-0.02923905672035801,0.02923905672035801,0.1566627350972265,0.1566627350972265,0.0,0.0,0.0,0.0,0.0,0.0,0.10409027822873262,0.0,0.015597861171494198,-0.015597861171494198,0.015586460211408415,0.015586460211408415,0.02349230647087097,-0.01867961881377489
98000100_2022-04-25,98000100,2022-04-25,33,F,98000004.0,0.7049047619047618,-0.01615000000000011,0.01615000000000011,0.008945445843345001,0.008945445843345001,-0.03816020379281071,0.03816020379281071,0.0,0.0,0.0,0.0,0.0,0.0,-0.4088897886836062,0.0,0.009779310026700183,0.009779310026700183,0.00443128625045297,0.00443128625045297,0.019283413887023926,0.019283413887023926
98000104_2022-04-25,98000104,2022-04-25,37,M,98000004.0,0.6773,0.006249999999999978,0.006249999999999978,0.04936861445089391,0.04936861445089391,-0.009902435550491306,0.009902435550491306,0.0,0.0,0.0,0.0,0.0,0.0,-0.31525836181209466,0.0,0.007304581302331137,0.007304581302331137,0.056395841797158286,-0.056395841797158286,0.014732599258422852,-0.014732599258422852
98000106_2022-04-25,98000106,2022-04-25,39,M,98000005.0,0.79005,-0.01221052631578945,0.01221052631578945,-0.03861826295593951,0.03861826295593951,-0.0203098121085592,0.0203098121085592,0.0,0.0,0.0,0.0,0.0,0.0,-0.29717999541888807,0.0,0.017970052200618203,0.017970052200618203,0.028093848384509124,0.028093848384509124,0.06210744380950928,0.06210744380950928
98000109_2022-04-25,98000109,2022-04-25,34,F,98000005.0,0.6403333333333334,-0.0131,0.0131,0.017685885477878527,0.017685885477878527,-0.08046995515695049,0.08046995515695049,0.0,0.0,0.0,0.0,0.0,0.0,-0.2567587688204473,0.0,0.005358981061276524,0.005358981061276524,0.0007931664299900554,0.0007931664299900554,0.011388599872589111,0.011388599872589111
98000110_2022-04-25,98000110,2022-04-25,58,F,98000005.0,0.7634545454545454,-0.029849999999999932,0.029849999999999932,-0.014804765174099732,0.014804765174099732,-0.1559946188340809,0.1559946188340809,0.0,0.0,0.0,0.0,0.0,0.0,0.11764674102415251,0.0,0.020605096961221814,0.020605096961221814,0.02702104451532361,0.02702104451532361,0.017627596855163574,0.017627596855163574
98000111_2022-04-25,98000111,2022-04-25,18,F,98000005.0,0.2983333333333333,-0.00929999999999992,0.00929999999999992,-0.0023786100195540283,0.0023786100195540283,0.025020613834173006,0.025020613834173006,0.0,0.0,0.0,0.0,0.0,0.0,-0.5636366279740082,0.0,0.002220687416409295,-0.002220687416409295,0.014950494278241189,-0.014950494278241189,0.03865078091621399,-0.03865078091621399
98000113_2022-04-25,98000113,2022-04-25,29,F,98000005.0,0.5674545454545455,-0.004549999999999832,0.004549999999999832,0.0186351199478903,0.0186351199478903,0.0349616281821565,0.0349616281821565,0.0,0.0,-1.0,1.0,0.0,0.0,-0.15556046608361665,1.0,0.0018574101269693832,-0.0018574101269693832,0.016719269644172585,0.016719269644172585,0.01461184024810791,0.01461184024810791
98000114_2022-04-25,98000114,2022-04-25,22,M,98000005.0,0.414,0.0045238095238094855,0.0045238095238094855,0.013035935143006105,0.013035935143006105,-0.002683455530761797,0.002683455530761797,0.0,0.0,0.0,0.0,0.0,0.0,-0.6048845328003685,0.0,0.011519246757976886,-0.011519246757976886,0.04422692027050973,-0.04422692027050973,0.01632419228553772,-0.01632419228553772
98000116_2022-04-25,98000116,2022-04-25,48,M,98000005.0,0.8415909090909092,-0.03619999999999979,0.03619999999999979,0.07089265376159598,0.07089265376159598,0.0762725168561943,0.0762725168561943,0.0,0.0,0.0,0.0,0.0,0.0,0.3377860204340661,0.0,0.03389953585715855,0.03389953585715855,0.04198193845635123,-0.009311343908002034,0.0620112419128418,0.024311478788202612
98000118_2022-04-25,98000118,2022-04-25,29,M,98000005.0,0.3007272727272727,-0.0047499999999999765,0.0047499999999999765,0.011352370300550196,0.011352370300550196,0.01002404897245289,0.01002404897245289,0.0,0.0,0.0,0.0,0.0,0.0,-0.5927257863143726,0.0,0.002453073057557986,0.002453073057557986,0.032135074085496595,-0.032135074085496595,0.03237992525100708,-0.03237992525100708
98000120_2022-04-25,98000120,2022-04-25,64,F,98000005.0,0.8296363636363636,-0.006849999999999801,0.006849999999999801,0.07286093656931653,0.07286093656931653,-0.270539571993644,0.270539571993644,0.0,0.0,0.0,0.0,0.0,0.0,0.6137589914451307,0.0,0.004184962421888261,-0.004184962421888261,0.054857220039747245,-0.054857220039747245,0.007747173309326172,-0.007747173309326172
98000122_2022-04-25,98000122,2022-04-25,38,F,98000005.0,0.5355454545454545,0.01423809523809516,0.01423809523809516,0.03912110577085351,0.03912110577085351,0.029437679311443976,0.029437679311443976,0.0,0.0,-1.0,1.0,0.0,0.0,0.07018954549540139,1.0,0.006675458657669497,0.006675458657669497,0.031580921513975624,-0.016682360599352353,0.00971376895904541,-0.00971376895904541
98000123_2022-04-25,98000123,2022-04-25,52,M,98000005.0,0.5490909090909092,-0.012263157894736754,0.012263157894736754,0.01885062435417323,0.01885062435417323,-0.0908798283261796,0.0908798283261796,0.0,0.0,0.0,0.0,0.0,0.0,-0.22702567735972976,0.0,0.004229009346373269,-0.004229009346373269,0.01635794652922251,0.01635794652922251,0.004912078380584717,0.004912078380584717
98000125_2022-04-25,98000125,2022-04-25,20,M,98000006.0,0.4948571428571428,-0.01454999999999984,0.01454999999999984,-0.00041630342363374595,0.00041630342363374595,-0.0515031390134533,0.0515031390134533,0.0,0.0,0.0,0.0,0.0,0.0,-0.44538956730873963,0.0,0.015079851352730378,-0.015079851352730378,0.04986354521349001,-0.04986354521349001,0.03037583827972412,-0.03037583827972412
98000127_2022-04-25,98000127,2022-04-25,55,F,98000006.0,0.5474285714285714,-0.019000000000000017,0.019000000000000017,0.012072068770649508,0.012072068770649508,0.0477771756455206,0.0477771756455206,0.0,0.0,0.0,0.0,0.0,0.0,-0.3296719467980503,0.0,0.011888393528825869,-0.011888393528825869,0.006085489155126411,-0.006085489155126411,0.007064342498779297,0.007064342498779297
98000130_2022-04-25,98000130,2022-04-25,26,M,98000006.0,0.5594285714285714,-0.02695000000000003,0.02695000000000003,0.0279995575187858,0.0279995575187858,-0.004559864138125785,0.004559864138125785,0.0,0.0,0.0,0.0,0.0,0.0,-0.26342462890643326,0.0,0.02448636310268959,-0.02448636310268959,0.028446674021431195,-0.022034669931090378,0.02034538984298706,-0.02034538984298706
98000131_2022-04-25,98000131,2022-04-25,57,M,98000006.0,0.6323809523809525,-0.0076666666666665995,0.0076666666666665995,-0.01217733829332207,0.01217733829332207,-0.03439528211667181,0.03439528211667181,0.0,0.0,0.0,0.0,0.0,0.0,-0.4856302662423044,0.0,0.0004516830110824488,0.0004516830110824488,0.02587877813060735,-0.02587877813060735,0.0004877448081970215,0.0004877448081970215
98000133_2022-04-25,98000133,2022-04-25,26,F,98000006.0,0.6393181818181819,-0.003285714285714225,0.003285714285714225,0.004576967239178914,0.004576967239178914,-0.0010758686643290993,0.0010758686643290993,0.0,0.0,0.0,0.0,0.0,0.0,-0.6807805796480731,0.0,0.002015285121925392,0.002015285121925392,0.0493814994946421,-0.0493814994946421,0.011422157287597656,0.011422157287597656
98000136_2022-04-25,98000136,2022-04-25,47,M,98000006.0,0.7623809523809523,-0.006238095238095265,0.006238095238095265,0.023944664277061656,0.023944664277061656,0.1015830411220911,0.1015830411220911,0.0,0.0,0.0,0.0,0.0,0.0,-0.2231777256980927,0.0,0.012547301875563743,-0.012547301875563743,0.0005900856724376791,0.0005900856724376791,0.015941739082336426,0.015941739082336426
98000137_2022-04-25,98000137,2022-04-25,34,F,98000006.0,0.6849047619047619,-0.020238095238095277,0.020238095238095277,0.008551875687509591,0.008551875687509591,0.0753547975773032,0.0753547975773032,0.0,0.0,0.0,0.0,0.0,0.0,-0.26061440327648316,0.0,0.016496068717477552,0.016496068717477552,0.03169392893718648,0.03169392893718648,0.017121613025665283,0.017121613025665283
98000139_2022-04-25,98000139,2022-04-25,54,M,98000006.0,0.4239047619047619,0.0063809523809523205,0.0063809523809523205,0.013450042299542914,0.013450042299542914,0.023358304112208808,0.023358304112208808,0.0,0.0,-1.0,1.0,0.0,0.0,-0.20619345650321078,1.0,0.009462964717621813,0.009462964717621813,0.027519507399965115,0.021682627238514773,0.027914732694625854,0.027914732694625854
98000140_2022-04-25,98000140,2022-04-25,52,F,98000006.0,0.3827619047619047,-0.007857142857142785,0.007857142857142785,0.03280860846151901,0.03280860846151901,0.0678055467006693,0.0678055467006693,0.0,0.0,-1.0,1.0,0.0,0.0,0.07240164975370146,1.0,0.006869429997887311,-0.006869429997887311,0.0014502769516793745,0.0014502769516793745,0.005463838577270508,-0.005463838577270508
98000144_2022-04-25,98000144,2022-04-25,18,M,98000006.0,0.8119473684210526,0.03599999999999992,0.03599999999999992,0.09891643956705021,0.09891643956705021,-0.04968504941026408,0.04968504941026408,0.0,0.0,-1.0,1.0,0.0,0.0,0.7676453162209701,1.0,0.020802446983801515,0.020802446983801515,0.0055449563037952565,-0.0055449563037952565,0.03199881315231323,-0.03199881315231323
98000145_2022-04-25,98000145,2022-04-25,46,M,98000007.0,0.746909090909091,-0.04400000000000004,0.04400000000000004,-0.09781377733791308,0.09781377733791308,-0.22902509410288607,0.22902509410288607,0.0,0.0,0.0,0.0,0.0,0.0,1.050298598160273,0.0,0.03647888401998356,-0.03647888401998356,0.0065134500456027755,0.0065134500456027755,0.09875684976577759,0.09875684976577759
98000146_2022-04-25,98000146,2022-04-25,43,F,98000007.0,0.6615714285714287,0.0013333333333331865,0.0013333333333331865,-0.011681027742981492,0.011681027742981492,0.04494090056285133,0.04494090056285133,0.0,0.0,-1.0,1.0,0.0,0.0,-0.20779147544724977,1.0,0.0018060654676619325,-0.0018060654676619325,0.017032075547943615,-0.017032075547943615,0.014908254146575928,0.004888565131596412
98000147_2022-04-25,98000147,2022-04-25,51,F,98000007.0,0.8312380952380952,-0.022095238095238168,0.022095238095238168,0.024850098050167413,0.024850098050167413,0.076786420146637,0.076786420146637,0.0,0.0,0.0,0.0,0.0,0.0,-0.12472806088701294,0.0,0.025802453851134555,0.025802453851134555,0.013715395873612923,-0.013715395873612923,0.05488008260726929,0.007065721897851818
98000148_2022-04-25,98000148,2022-04-25,26,F,98000007.0,0.3391904761904761,0.0118571428571429,0.0118571428571429,0.009865928726915912,0.009865928726915912,-0.06174051641695891,0.06174051641695891,0.0,0.0,0.0,0.0,0.0,0.0,-0.37827005845351286,0.0,0.017212173259545827,0.017212173259545827,0.012395465083274548,0.012395465083274548,0.027266740798950195,0.027266740798950195
98000149_2022-04-25,98000149,2022-04-25,57,M,98000007.0,0.8314761904761904,0.002619047619047632,0.002619047619047632,0.04001881928335749,0.04001881928335749,0.05711380299649338,0.05711380299649338,0.0,0.0,0.0,0.0,0.0,0.0,-0.27964551400914645,0.0,0.0017287335481578348,-0.0017287335481578348,0.05789215829441097,-0.05789215829441097,0.04116874933242798,-0.04116874933242798
98000150_2022-04-25,98000150,2022-04-25,19,M,98000007.0,0.5248571428571428,0.014571428571428513,0.014571428571428513,0.038338364080212683,0.038338364080212683,-0.100331208160663,0.100331208160663,0.0,0.0,0.0,0.0,0.0,0.0,-0.04104686958420307,0.0,0.020150590884044806,-0.020150590884044806,0.03860409133168591,-0.0265824880684023,0.002675652503967285,0.002675652503967285
98000151_2022-04-25,98000151,2022-04-25,64,M,98000007.0,0.5616666666666666,-0.020611111111111136,0.020611111111111136,-0.016950714642720466,0.016950714642720466,0.019789699570815444,0.019789699570815444,0.0,0.0,0.0,0.0,0.0,0.0,-0.36098314118372327,0.0,0.02034784307367188,-0.02034784307367188,0.02889863262493808,-0.02889863262493808,0.0011946558952331543,-0.0011946558952331543
98000153_2022-04-25,98000153,2022-04-25,41,F,98000007.0,0.5652380952380953,-0.033285714285714085,0.033285714285714085,-0.0063116272058531125,0.0063116272058531125,-0.0655218361491869,0.0655218361491869,0.0,0.0,-1.0,1.0,0.0,0.0,0.1468654010923122,1.0,0.01742198388309585,0.01742198388309585,0.0222532630642166,-0.0222532630642166,0.00021257996559143066,-0.00021257996559143066
98000155_2022-04-25,98000155,2022-04-25,53,F,98000007.0,0.923181818181818,0.03152380952380951,0.03152380952380951,0.007236792765338729,0.007236792765338729,0.0481664010200827,0.0481664010200827,0.0,0.0,0.0,0.0,0.0,0.0,-0.231909812118927,0.0,0.02382354565125755,0.02382354565125755,0.032405079723940355,-0.032405079723940355,0.00852125883102417,-0.00852125883102417
98000159_2022-04-25,98000159,2022-04-25,23,M,98000007.0,0.621904761904762,0.006428571428571561,0.006428571428571561,0.014735496862491648,0.014735496862491648,0.1847998087344596,0.1847998087344596,0.0,0.0,0.0,0.0,0.0,0.0,-0.04184295332728622,0.0,0.0005789418913638711,-0.0005789418913638711,0.06428621658218592,-0.06428621658218592,0.03472328186035156,-0.03472328186035156
98000160_2022-04-25,98000160,2022-04-25,26,M,98000007.0,0.6555714285714286,0.03842857142857148,0.03842857142857148,0.04498819261295406,0.04498819261295406,-0.058062480076506204,0.058062480076506204,0.0,0.0,-1.0,1.0,-1.0,1.0,1.1300493532846427,2.0,0.038068138136227114,-0.038068138136227114,0.04418768448153698,0.04418768448153698,0.03168177604675293,-0.03168177604675293
98000161_2022-04-25,98000161,2022-04-25,54,M,98000007.0,0.5898095238095238,0.03623809523809518,0.03623809523809518,0.04708960793556949,0.04708960793556949,-0.20105355435129063,0.20105355435129063,0.0,0.0,0.0,0.0,0.0,0.0,0.538178515618661,0.0,0.027987146717554423,0.027987146717554423,0.02953608365901761,0.02953608365901761,0.026984870433807373,0.026984870433807373
98000162_2022-04-25,98000162,2022-04-25,27,M,98000007.0,0.3233181818181818,-0.009421052631578941,0.009421052631578941,0.012611818168589695,0.012611818168589695,-0.0372760932262841,0.0372760932262841,0.0,0.0,0.0,0.0,0.0,0.0,-0.45601629025179347,0.0,0.0004758118868789518,-0.0004758118868789518,0.021894618032129498,-0.021894618032129498,0.02595829963684082,-0.02595829963684082
98000164_2022-04-25,98000164,2022-04-25,27,M,98000007.0,0.4781428571428571,0.04971428571428571,0.04971428571428571,0.0640226661811572,0.0640226661811572,0.04840835192859451,0.04840835192859451,0.0,0.0,0.0,0.0,0.0,0.0,0.34932774687253065,0.0,0.036265366218970585,0.036265366218970585,0.030302645781640547,0.030302645781640547,0.0534893274307251,0.0534893274307251
98000166_2022-04-25,98000166,2022-04-25,24,F,98000680.0,0.41665,-0.0019500000000001183,0.0019500000000001183,0.03929695295653762,0.03929695295653762,-0.0692780605411197,0.0692780605411197,0.0,0.0,0.0,0.0,0.0,0.0,-0.25606504887034826,0.0,0.0017817360504733815,0.0017817360504733815,0.03366967501785151,-0.03366967501785151,0.0034017562866210938,0.0034017562866210938
98000168_2022-04-25,98000168,2022-04-25,29,M,98000680.0,0.4279523809523808,0.014523809523809494,0.014523809523809494,0.0839351271908334,0.0839351271908334,0.17808256295824043,0.17808256295824043,0.0,0.0,0.0,0.0,0.0,0.0,0.4999421489270059,0.0,0.0018233959518625387,-0.0018233959518625387,0.014507516467259007,0.014507516467259007,0.00013184547424316406,0.00013184547424316406
98000170_2022-04-25,98000170,2022-04-25,50,F,98000680.0,0.8547894736842107,-0.0018095238095235944,0.0018095238095235944,0.08278923175977793,0.08278923175977793,-0.2281807459356065,0.2281807459356065,0.0,0.0,0.0,0.0,-1.0,1.0,1.1910708240686028,1.0,0.009718959424185103,-0.009718959424185103,0.007865877146247757,0.007865877146247757,0.009295225143432617,-0.009295225143432617
98000171_2022-04-25,98000171,2022-04-25,58,M,98000680.0,0.6431904761904762,-0.006849999999999912,0.006849999999999912,0.03928555132846612,0.03928555132846612,-0.0759101267625695,0.0759101267625695,0.0,0.0,-1.0,1.0,0.0,0.0,0.13028481674019612,1.0,9.187209201655389e-05,9.187209201655389e-05,0.0159542152727975,0.0159542152727975,0.018182039260864258,-0.011323982692900136
98000174_2022-04-25,98000174,2022-04-25,56,F,98000680.0,0.6115000000000002,-0.019809523809523943,0.019809523809523943,0.0010401518757213735,0.0010401518757213735,-0.1040685368186165,0.1040685368186165,0.0,0.0,0.0,0.0,0.0,0.0,-0.23307432712857043,0.0,0.01485637107820248,-0.01485637107820248,0.0066160397206197485,-0.0066160397206197485,0.003096163272857666,-0.003096163272857666
98000175_2022-04-25,98000175,2022-04-25,51,M,98000680.0,1.0676190476190477,-0.01619047619047631,0.01619047619047631,0.00016914931720790616,0.00016914931720790616,0.0562913611730953,0.0562913611730953,0.0,0.0,-1.0,1.0,0.0,0.0,-0.09987766358590981,1.0,0.025901268572554925,0.025901268572554925,0.003071802672081625,0.003071802672081625,0.08285409212112427,0.08285409212112427
98000176_2022-04-25,98000176,2022-04-25,42,M,98000680.0,0.72595,0.028049999999999797,0.028049999999999797,0.06387440758456464,0.06387440758456464,0.0894203481936192,0.0894203481936192,0.0,0.0,0.0,0.0,0.0,0.0,0.24315852054536183,0.0,0.015714965477851228,0.015714965477851228,0.02516480118514075,-0.02516480118514075,0.019853174686431885,-0.019853174686431885
98000180_2022-04-25,98000180,2022-04-25,38,F,98000680.0,0.6665714285714286,-0.011761904761904751,0.011761904761904751,0.011800857137628074,0.011800857137628074,-0.11919572840293319,0.11919572840293319,0.0,0.0,0.0,0.0,0.0,0.0,-0.19821433751409348,0.0,0.00415333154069053,-0.00415333154069053,0.03269945077121683,-0.002822701771456826,0.003595709800720215,-0.003595709800720215
98000181_2022-04-25,98000181,2022-04-25,61,M,98000680.0,0.6620999999999999,0.02557142857142858,0.02557142857142858,0.0230946340405207,0.0230946340405207,-0.0767137392413129,0.0767137392413129,0.0,0.0,0.0,0.0,0.0,0.0,-0.10097153401885083,0.0,0.018451414848578374,0.018451414848578374,0.03151617565306308,0.03151617565306308,0.04216468334197998,0.04216468334197998
98000182_2022-04-25,98000182,2022-04-25,24,M,98000680.0,0.2255454545454545,-0.01715,0.01715,-0.01599898282604917,0.01599898282604917,0.1115770158330715,0.1115770158330715,0.0,0.0,0.0,0.0,0.0,0.0,-0.13556864214385647,0.0,0.015838799891443323,-0.015838799891443323,0.018387342957574715,0.018387342957574715,0.011733055114746094,0.011733055114746094
98000185_2022-04-25,98000185,2022-04-25,38,F,98000009.0,0.7716818181818182,-0.020950000000000024,0.020950000000000024,-0.005429135594768597,0.005429135594768597,0.18636734693877569,0.18636734693877569,0.0,0.0,0.0,0.0,0.0,0.0,0.04924756890442695,0.0,0.025377480981330525,-0.025377480981330525,0.016800299210244618,0.016800299210244618,0.017634987831115723,-0.017634987831115723
98000186_2022-04-25,98000186,2022-04-25,53,M,98000009.0,0.6071904761904761,0.029950000000000143,0.029950000000000143,0.01725546517997928,0.01725546517997928,0.082357353335119,0.082357353335119,0.0,0.0,0.0,0.0,0.0,0.0,-0.07933640911884575,0.0,0.016084970780336882,0.016084970780336882,0.03238300287996365,0.03238300287996365,0.04104304313659668,0.04104304313659668
98000187_2022-04-25,98000187,2022-04-25,51,F,98000009.0,0.7593333333333333,0.027449999999999974,0.027449999999999974,0.029786702648316232,0.029786702648316232,0.10636509390746662,0.10636509390746662,0.0,0.0,-1.0,1.0,0.0,0.0,0.3674502937608491,1.0,0.020670231548510776,0.020670231548510776,0.033895770928763724,0.033895770928763724,0.0488353967666626,0.0488353967666626
98000188_2022-04-25,98000188,2022-04-25,52,M,98000009.0,0.8034761904761903,-0.006000000000000116,0.006000000000000116,0.028644844146546,0.028644844146546,-0.010443098501753394,0.010443098501753394,0.0,0.0,-1.0,1.0,0.0,0.0,-0.14302226583236935,1.0,0.00871160796023318,0.00871160796023318,0.024479680421665706,0.024479680421665706,0.020569801330566406,0.020569801330566406
98000189_2022-04-25,98000189,2022-04-25,36,M,98000009.0,0.5187727272727272,-0.009380952380952268,0.009380952380952268,-0.028149168029881017,0.028149168029881017,0.0827194772075233,0.0827194772075233,0.0,0.0,0.0,0.0,0.0,0.0,-0.2166115708150604,0.0,0.003818139608649296,-0.003818139608649296,0.00018323665744979234,-0.00018323665744979234,0.007667124271392822,-0.007667124271392822
98000190_2022-04-25,98000190,2022-04-25,32,F,98000009.0,0.5205,-0.0432380952380953,0.0432380952380953,-0.009922901003840523,0.009922901003840523,0.1620124322601208,0.1620124322601208,0.0,0.0,0.0,0.0,0.0,0.0,0.24048605399317902,0.0,0.03504076545304369,-0.03504076545304369,0.010899436825313913,-0.010899436825313913,0.03849196434020996,-0.03849196434020996
98000191_2022-04-25,98000191,2022-04-25,40,F,98000009.0,0.4898636363636364,-0.04650000000000004,0.04650000000000004,-0.017877918378482488,0.017877918378482488,0.036559641255605596,0.036559641255605596,0.0,0.0,0.0,0.0,0.0,0.0,-0.036944319179729006,0.0,0.03291542592134311,-0.03291542592134311,0.04381973122130134,-0.04087314592461788,0.044874876737594604,-0.044874876737594604
98000192_2022-04-25,98000192,2022-04-25,31,M,98000009.0,0.6342,-4.7619047619074095e-05,4.7619047619074095e-05,0.015902482738802293,0.015902482738802293,0.02217628307299957,0.02217628307299957,0.0,0.0,0.0,0.0,0.0,0.0,-0.5746729564978684,0.0,0.0018360220540620809,-0.0018360220540620809,0.011141676577220982,0.011141676577220982,0.050535887479782104,0.050535887479782104
98000193_2022-04-25,98000193,2022-04-25,49,F,98000009.0,0.6441818181818182,0.04538095238095252,0.04538095238095252,0.05544737662241361,0.05544737662241361,-0.1207363723302517,0.1207363723302517,0.0,0.0,0.0,0.0,0.0,0.0,0.4563023023006553,0.0,0.03029919875067366,0.03029919875067366,0.1315535334133242,0.1315535334133242,0.02187025547027588,0.02187025547027588
98000195_2022-04-25,98000195,2022-04-25,25,M,98000009.0,0.4859090909090909,-0.010900000000000132,0.010900000000000132,0.06736350314813039,0.06736350314813039,-0.10124685096234581,0.10124685096234581,0.0,0.0,0.0,0.0,0.0,0.0,0.12374986358347677,0.0,0.00427570592524118,-0.00427570592524118,0.002582072430179716,-0.002582072430179716,0.008515000343322754,-0.008515000343322754
98000197_2022-04-25,98000197,2022-04-25,38,M,98000009.0,0.5627272727272726,-0.02771428571428569,0.02771428571428569,-0.03253461862667523,0.03253461862667523,0.1216936563595794,0.1216936563595794,0.0,0.0,0.0,0.0,0.0,0.0,0.11767439999314962,0.0,0.017973220098047804,-0.016032991010713316,0.04977865988607788,0.024278319741994236,0.06591665744781494,0.03895628495649839
98000198_2022-04-25,98000198,2022-04-25,52,F,98000009.0,0.7899090909090909,0.03204761904761888,0.03204761904761888,0.013252544108487002,0.013252544108487002,0.07629008606949289,0.07629008606949289,0.0,0.0,0.0,0.0,0.0,0.0,-0.10288839702798987,0.0,0.02608068656294027,-0.02608068656294027,0.009170417454041457,0.009170417454041457,0.028139472007751465,-0.028139472007751465
98000200_2022-04-25,98000200,2022-04-25,50,F,98000009.0,0.3626818181818181,0.011238095238095158,0.011238095238095158,0.05017475227009588,0.05017475227009588,-0.0090009563277018,0.0090009563277018,0.0,0.0,0.0,0.0,0.0,0.0,-0.2605579615432425,0.0,0.01343482123788925,0.01343482123788925,0.0146093066157712,0.0146093066157712,0.020907193422317505,0.020907193422317505
98000201_2022-04-25,98000201,2022-04-25,31,F,98000009.0,0.7066666666666667,0.0050000000000000044,0.0050000000000000044,0.0450062470696478,0.0450062470696478,0.059666241632132404,0.059666241632132404,0.0,0.0,0.0,0.0,0.0,0.0,-0.21307855387935035,0.0,0.00889004260118631,-0.00889004260118631,0.01739550838895554,-0.01739550838895554,0.02909708023071289,-0.02909708023071289
98000203_2022-04-25,98000203,2022-04-25,41,M,98000009.0,0.7835,-0.02110000000000012,0.02110000000000012,0.01435146869644377,0.01435146869644377,0.197920766151659,0.197920766151659,0.0,0.0,0.0,0.0,0.0,0.0,0.14607618198833514,0.0,0.02521522054287073,0.02521522054287073,0.10820249717257346,0.08034792182571704,0.05954098701477051,0.043682662963867136
98000204_2022-04-25,98000204,2022-04-25,21,M,98000009.0,0.4735714285714286,0.010944444444444368,0.010944444444444368,0.0351210584347912,0.0351210584347912,-0.075353870150127,0.075353870150127,0.0,0.0,-1.0,1.0,0.0,0.0,0.14242802300486093,1.0,0.005880910934434103,-0.005880910934434103,0.008087012885320766,-0.008087012885320766,0.012641429901123047,-0.012641429901123047
98000205_2022-04-25,98000205,2022-04-25,53,M,98000010.0,0.3835909090909091,0.015200000000000102,0.015200000000000102,0.022656888989076363,0.022656888989076363,0.021747440273037377,0.021747440273037377,0.0,0.0,0.0,0.0,0.0,0.0,-0.37206596501722555,0.0,0.015495422728960928,0.015495422728960928,0.0312512780820719,0.0312512780820719,0.027748435735702515,0.027748435735702515
98000207_2022-04-25,98000207,2022-04-25,60,M,98000010.0,0.505857142857143,0.00990476190476186,0.00990476190476186,0.04290848607870029,0.04290848607870029,-0.0386098182977366,0.0386098182977366,0.0,0.0,0.0,0.0,-1.0,1.0,0.44666737272992546,1.0,0.005890270695136146,0.005890270695136146,0.05876704915317443,0.05876704915317443,0.0035824179649353027,-0.0035824179649353027
98000208_2022-04-25,98000208,2022-04-25,26,M,98000010.0,0.7763636363636363,-0.03076190476190488,0.03076190476190488,0.022451419865404554,0.022451419865404554,0.22727414727446565,0.22727414727446565,0.0,0.0,0.0,0.0,-1.0,1.0,1.0726767234664274,1.0,0.034786067059429326,-0.034786067059429326,0.050307002319196825,-0.050307002319196825,0.03141218423843384,-0.03141218423843384
98000209_2022-04-25,98000209,2022-04-25,32,F,98000010.0,0.6017142857142856,-0.0009523809523810378,0.0009523809523810378,-0.01055176679813799,0.01055176679813799,0.012145361810647102,0.012145361810647102,0.0,0.0,-2.0,2.0,0.0,0.0,0.0009584646126429749,2.0,0.004259034057090383,-0.004259034057090383,0.011945252741338397,-0.011945252741338397,0.010065853595733643,0.010065853595733643
98000210_2022-04-25,98000210,2022-04-25,28,F,98000010.0,0.7285999999999999,-0.013190476190476308,0.013190476190476308,0.018320702521143206,0.018320702521143206,0.0068473063436407244,0.0068473063436407244,0.0,0.0,0.0,0.0,-1.0,1.0,0.2184447699027591,1.0,0.012608949908555434,-0.012608949908555434,0.04466217055949562,-0.04466217055949562,0.023908555507659912,-0.023908555507659912
98000211_2022-04-25,98000211,2022-04-25,22,M,98000010.0,0.8019047619047619,0.049250000000000016,0.049250000000000016,0.0629713891552004,0.0629713891552004,0.1069264150237546,0.1069264150237546,0.0,0.0,0.0,0.0,0.0,0.0,0.5080550998950727,0.0,0.032406024710179726,-0.023510835682809872,0.06888370736911753,0.06888370736911753,0.02528059482574463,0.02528059482574463
98000214_2022-04-25,98000214,2022-04-25,21,M,98000010.0,0.5673333333333332,-0.007190476190476192,0.007190476190476192,0.0072317588715880565,0.0072317588715880565,0.07828211667197948,0.07828211667197948,0.0,0.0,0.0,0.0,0.0,0.0,-0.3965957973753558,0.0,0.002819312655687578,0.002819312655687578,0.014543932716744923,0.014543932716744923,0.0797492265701294,0.053988084475199205
98000216_2022-04-25,98000216,2022-04-25,24,F,98000252.0,0.7240909090909092,0.004428571428571448,0.004428571428571448,0.010362740555338756,0.010362740555338756,-0.1574526617787697,0.1574526617787697,0.0,0.0,-1.0,1.0,0.0,0.0,0.14363040767499755,1.0,0.003621222898061993,-0.003621222898061993,0.015622722800349487,-0.015622722800349487,0.014086008071899414,-0.014086008071899414
98000219_2022-04-25,98000219,2022-04-25,65,M,98000010.0,0.6568571428571427,0.03700000000000003,0.03700000000000003,0.05322002314369023,0.05322002314369023,-0.22657507172457775,0.22657507172457775,0.0,0.0,-1.0,1.0,0.0,0.0,0.9790822583786646,1.0,0.012083277078274057,0.012083277078274057,0.07196611144194787,-0.07196611144194787,0.17217916250228882,-0.17217916250228882
98000220_2022-04-25,98000220,2022-04-25,65,M,98000010.0,0.6410454545454546,0.005380952380952486,0.005380952380952486,0.04234356835223019,0.04234356835223019,-0.10541313356710258,0.10541313356710258,0.0,0.0,0.0,0.0,-1.0,1.0,0.5907992680242532,1.0,0.0012481488476656644,-0.0012481488476656644,0.07275272770375463,-0.07275272770375463,0.06609237194061279,-0.06609237194061279
98000222_2022-04-25,98000222,2022-04-25,65,F,98000010.0,0.6860952380952382,-0.01100000000000001,0.01100000000000001,0.0389122018816318,0.0389122018816318,-0.10473222824354458,0.10473222824354458,0.0,0.0,0.0,0.0,0.0,0.0,-0.06131003122291236,0.0,0.00770986422627451,0.00770986422627451,0.032615201091586,0.032615201091586,0.027664005756378174,0.027664005756378174
98000224_2022-04-25,98000224,2022-04-25,23,F,98000010.0,0.5744761904761904,-0.0160555555555556,0.0160555555555556,0.0301864927051885,0.0301864927051885,-0.09629621978929984,0.09629621978929984,0.0,0.0,0.0,0.0,0.0,0.0,-0.09365593850764198,0.0,0.005564582979697197,-0.005564582979697197,0.08840783538003494,-0.04592712614970862,0.04947870969772339,-0.04614941662833827
98000225_2022-04-25,98000225,2022-04-25,37,F,98000010.0,0.6757727272727272,-0.04547619047619034,0.04547619047619034,-0.01151981116074946,0.01151981116074946,-0.07935989799171184,0.07935989799171184,0.0,0.0,-1.0,1.0,0.0,0.0,0.3497060027126806,1.0,0.027747945387049278,0.027747945387049278,0.11570298085692288,0.11570298085692288,0.06955033540725708,0.06955033540725708
98000227_2022-04-25,98000227,2022-04-25,54,F,98000011.0,0.681,0.008749999999999925,0.008749999999999925,0.016754954392247612,0.016754954392247612,0.018113264586341993,0.018113264586341993,0.0,0.0,0.0,0.0,-1.0,1.0,0.19443893697114448,1.0,0.0044163268937106315,-0.0044163268937106315,0.02536468406307013,-0.02536468406307013,0.005242407321929932,-0.005242407321929932
98000230_2022-04-25,98000230,2022-04-25,56,M,98000011.0,0.8571500000000001,-0.014571428571428902,0.014571428571428902,-0.0001522657181087239,0.0001522657181087239,-0.0852747848262676,0.0852747848262676,0.0,0.0,0.0,0.0,0.0,0.0,-0.3484183838963569,0.0,0.014352943518355032,-0.014352943518355032,0.0006360459009081554,0.0006360459009081554,0.013021230697631836,-0.013021230697631836
98000231_2022-04-25,98000231,2022-04-25,45,F,98000011.0,0.9541428571428572,0.048599999999999866,0.048599999999999866,0.09432326373712879,0.09432326373712879,0.0642130750605333,0.0642130750605333,0.0,0.0,0.0,0.0,0.0,0.0,0.5929204499615116,0.0,0.038126305681519757,-0.038126305681519757,0.03974287183876812,-0.03974287183876812,0.002463817596435547,-0.002463817596435547
98000232_2022-04-25,98000232,2022-04-25,34,M,98000011.0,0.5350909090909092,-0.03473684210526318,0.03473684210526318,-0.02852350924716318,0.02852350924716318,0.076939486286461,0.076939486286461,0.0,0.0,0.0,0.0,0.0,0.0,0.03226433626989273,0.0,0.02552954255489026,-0.02552954255489026,0.00960134098229326,0.00960134098229326,0.01717740297317505,-0.01717740297317505
98000234_2022-04-25,98000234,2022-04-25,21,M,98000011.0,0.2506666666666666,-0.0005714285714286116,0.0005714285714286116,0.0038038375240284084,0.0038038375240284084,0.049662097545425304,0.049662097545425304,0.0,0.0,0.0,0.0,0.0,0.0,-0.5724750566447561,0.0,0.00024149052781669011,0.00024149052781669011,0.03947968917795036,-0.03947968917795036,0.00897669792175293,-0.00897669792175293
98000235_2022-04-25,98000235,2022-04-25,58,M,98000011.0,0.4789090909090909,-0.023750000000000104,0.023750000000000104,-0.02469508781912899,0.02469508781912899,0.1350298102981029,0.1350298102981029,0.0,0.0,0.0,0.0,0.0,0.0,0.06137364660316966,0.0,0.015779055924108998,-0.015779055924108998,0.03154223385771171,-0.03154223385771171,0.023293882608413696,-0.023293882608413696
98000236_2022-04-25,98000236,2022-04-25,63,F,98000011.0,0.7979545454545455,-0.0025000000000001688,0.0025000000000001688,0.019966944126221076,0.019966944126221076,0.0323032451219933,0.0323032451219933,0.0,0.0,-2.0,2.0,0.0,0.0,0.14080665043969884,2.0,0.0066322802152631866,0.0066322802152631866,0.012997117261924873,0.012997117261924873,0.006017506122589111,0.006017506122589111
98000237_2022-04-25,98000237,2022-04-25,44,F,98000011.0,1.0355909090909092,-0.04671428571428593,0.04671428571428593,-0.1010627186259127,0.1010627186259127,-0.23969780044628652,0.23969780044628652,0.0,0.0,-2.0,2.0,0.0,0.0,1.7644634950909923,2.0,0.036545968906798953,0.036545968906798953,0.05130469467606669,-0.05130469467606669,0.06580507755279541,-0.06580507755279541
98000240_2022-04-25,98000240,2022-04-25,56,F,98000011.0,1.0510454545454544,-0.0025500000000000522,0.0025500000000000522,-0.021573776479806905,0.021573776479806905,-0.2074058873478633,0.2074058873478633,0.0,0.0,0.0,0.0,0.0,0.0,0.031056825804369276,0.0,0.0034280016725437568,-0.0034280016725437568,0.010339816652714884,-0.010339816652714884,0.004439055919647217,0.004439055919647217
98000241_2022-04-25,98000241,2022-04-25,42,F,98000011.0,0.7170454545454544,-0.055263157894737014,0.055263157894737014,0.0009567578462397752,0.0009567578462397752,-0.04257469851755081,0.04257469851755081,0.0,0.0,0.0,0.0,0.0,0.0,-0.04516716350122684,0.0,0.04491437315820823,-0.04491437315820823,0.11888164888759778,-0.11888164888759778,0.07170963287353516,-0.07170963287353516
98000244_2022-04-25,98000244,2022-04-25,65,F,98000011.0,0.5222272727272727,-0.023222222222222366,0.023222222222222366,-0.016877547063334775,0.016877547063334775,0.03211000673854442,0.03211000673854442,0.0,0.0,0.0,0.0,0.0,0.0,-0.298428060551677,0.0,0.023715033316860423,-0.023715033316860423,0.0007315447219917726,0.0007315447219917726,0.030519425868988037,-0.030519425868988037
98000247_2022-04-25,98000247,2022-04-25,18,F,98000012.0,0.4014090909090909,-0.007761904761904637,0.007761904761904637,0.03345718729633729,0.03345718729633729,0.0017433854000639126,0.0017433854000639126,0.0,0.0,0.0,0.0,0.0,0.0,-0.4331452597539079,0.0,0.002920306895685121,-0.002920306895685121,0.0052757168615005234,0.0052757168615005234,0.027853667736053467,-0.027853667736053467
98000249_2022-04-25,98000249,2022-04-25,45,F,98000012.0,0.5719523809523809,-0.019952380952380944,0.019952380952380944,0.017827551782163498,0.017827551782163498,0.09564998406120517,0.09564998406120517,0.0,0.0,0.0,0.0,0.0,0.0,-0.1403556153782182,0.0,0.022152840812726504,-0.022152840812726504,0.03581075502027631,-0.03581075502027631,0.04110950231552124,-0.04110950231552124
98000250_2022-04-25,98000250,2022-04-25,40,F,98000012.0,0.5161363636363636,-0.007473684210526299,0.007473684210526299,-0.03780747110967031,0.03780747110967031,0.0584750396196515,0.0584750396196515,0.0,0.0,0.0,0.0,0.0,0.0,-0.24054206024554362,0.0,0.0013694853118514372,0.0013694853118514372,0.0024749413305729107,0.001837704901943793,0.0087968111038208,-0.0087968111038208
98000251_2022-04-25,98000251,2022-04-25,27,M,98000012.0,0.3631818181818181,0.009421052631578997,0.009421052631578997,-0.03090148128154191,0.03090148128154191,0.030200594353640475,0.030200594353640475,0.0,0.0,0.0,0.0,0.0,0.0,-0.35049692791349357,0.0,0.008257358196890274,-0.0020906930924890488,0.005538629538999196,-0.005538629538999196,0.007614821195602417,-0.007614821195602417
98000255_2022-04-25,98000255,2022-04-25,34,F,98000012.0,0.6,-0.013000000000000012,0.013000000000000012,-0.008989436453178679,0.008989436453178679,0.060630219955371184,0.060630219955371184,0.0,0.0,0.0,0.0,0.0,0.0,-0.37569568587572993,0.0,0.011431320040090398,-0.011431320040090398,0.02309168139422102,-0.02309168139422102,0.007156431674957275,-0.007156431674957275
98000256_2022-04-25,98000256,2022-04-25,65,F,98000012.0,0.7767,-0.01833333333333309,0.01833333333333309,0.015913468890076388,0.015913468890076388,-0.1352849856550853,0.1352849856550853,0.0,0.0,0.0,0.0,0.0,0.0,-0.054679867931960696,0.0,0.015507714346245205,-0.015507714346245205,0.013347119849146605,-0.013347119849146605,0.0040354132652282715,0.0040354132652282715
98000258_2022-04-25,98000258,2022-04-25,46,F,98000012.0,0.783047619047619,0.04289473684210532,0.04289473684210532,0.1032266364515414,0.1032266364515414,-0.0629574694747192,0.0629574694747192,0.0,0.0,0.0,0.0,0.0,0.0,0.5914615964289904,0.0,0.03214136775856713,0.03214136775856713,0.06795387101115824,0.06795387101115824,0.030636727809906006,0.030636727809906006
98000259_2022-04-25,98000259,2022-04-25,45,F,98000012.0,0.6560952380952381,0.01945000000000008,0.01945000000000008,0.030624269361200496,0.030624269361200496,-0.09775767292716459,0.09775767292716459,0.0,0.0,0.0,0.0,0.0,0.0,-0.05114009803231586,0.0,0.022273066606591896,-0.022273066606591896,0.04878846628835809,0.04155509843978644,0.012689352035522461,-0.012689352035522461
98000261_2022-04-25,98000261,2022-04-25,44,F,98000012.0,0.5771363636363636,-0.0033999999999999586,0.0033999999999999586,0.030154572542973046,0.030154572542973046,-0.0683354554526994,0.0683354554526994,0.0,0.0,0.0,0.0,0.0,0.0,-0.30683549383783065,0.0,0.0010378348490440725,0.0010378348490440725,0.03071614932159672,-0.03071614932159672,0.0035137534141540527,-0.0035137534141540527
98000266_2022-04-25,98000266,2022-04-25,62,M,98000012.0,0.7889999999999999,0.0433809523809523,0.0433809523809523,0.12858606497128655,0.12858606497128655,0.27359101051960466,0.27359101051960466,0.0,0.0,0.0,0.0,0.0,0.0,1.3862313139984017,0.0,0.020751081147706407,0.020751081147706407,0.006821943452779311,0.006821943452779311,0.09925878047943115,0.09925878047943115
98000268_2022-04-25,98000268,2022-04-25,63,F,98000013.0,0.6397142857142858,-0.017952380952380942,0.017952380952380942,-0.038360497466935484,0.038360497466935484,-0.04896684730634418,0.04896684730634418,0.0,0.0,0.0,0.0,0.0,0.0,-0.15572253322551907,0.0,0.005545251132805129,-0.005545251132805129,0.0008186746122522681,-0.0008186746122522681,0.010764002799987793,0.010764002799987793
98000269_2022-04-25,98000269,2022-04-25,21,F,98000013.0,0.5359090909090909,-0.0047000000000000375,0.0047000000000000375,0.01662152174433182,0.01662152174433182,0.0218034184865231,0.0218034184865231,0.0,0.0,0.0,0.0,-1.0,1.0,0.16225486391744037,1.0,0.008336408339456147,-0.008336408339456147,0.007026327394124343,0.007026327394124343,0.006466090679168701,-0.006466090679168701
98000270_2022-04-25,98000270,2022-04-25,55,F,98000013.0,0.7285454545454545,0.029210526315789576,0.029210526315789576,0.024403114976407903,0.024403114976407903,0.027075354678657293,0.027075354678657293,0.0,0.0,0.0,0.0,0.0,0.0,-0.19905646463405313,0.0,0.021840014038395528,0.021840014038395528,0.0008412249462491639,-0.0008412249462491639,0.04965972900390625,0.04965972900390625
98000271_2022-04-25,98000271,2022-04-25,22,F,98000013.0,0.5737142857142856,-0.006476190476190413,0.006476190476190413,0.026824802801462322,0.026824802801462322,-0.014170863882690676,0.014170863882690676,0.0,0.0,0.0,0.0,0.0,0.0,-0.45597035776127665,0.0,0.008952553049313972,-0.008952553049313972,0.02123182209886265,0.02123182209886265,0.027433931827545166,0.027433931827545166
98000272_2022-04-25,98000272,2022-04-25,59,F,98000013.0,0.8919499999999999,-0.07704761904761881,0.07704761904761881,0.005785094374565369,0.005785094374565369,0.07531558814153619,0.07531558814153619,0.0,0.0,0.0,0.0,0.0,0.0,0.3097993408347577,0.0,0.06202487361223996,0.06202487361223996,0.07652545273818356,0.07652545273818356,0.04687070846557617,0.04687070846557617
98000273_2022-04-25,98000273,2022-04-25,50,F,98000013.0,0.7543333333333334,-0.016799999999999926,0.016799999999999926,0.06289498024563411,0.06289498024563411,-0.0694008740837607,0.0694008740837607,0.0,0.0,-1.0,1.0,0.0,0.0,0.37742425206112834,1.0,0.013736315284616718,-0.013736315284616718,0.0019856114770182565,0.0019856114770182565,0.03223234415054321,-0.03223234415054321
98000274_2022-04-25,98000274,2022-04-25,41,M,98000013.0,0.960263157894737,0.010904761904761862,0.010904761904761862,0.021615932755183365,0.021615932755183365,0.018124322601211107,0.018124322601211107,0.0,0.0,0.0,0.0,0.0,0.0,-0.4344012943673017,0.0,0.0020871353810272275,-0.0020871353810272275,0.0295228541584297,-0.0295228541584297,0.03764152526855469,-0.03764152526855469
98000276_2022-04-25,98000276,2022-04-25,21,M,98000013.0,0.48,0.029555555555555557,0.029555555555555557,0.024543881391224515,0.024543881391224515,0.0209031198686372,0.0209031198686372,0.0,0.0,0.0,0.0,0.0,0.0,-0.21251947363016865,0.0,0.02606569330297759,0.02606569330297759,0.08083498384529142,0.08083498384529142,0.027146518230438232,0.027146518230438232
98000277_2022-04-25,98000277,2022-04-25,25,F,98000013.0,0.6953333333333334,-0.018809523809523943,0.018809523809523943,0.07132733223301518,0.07132733223301518,-0.04490436722983793,0.04490436722983793,0.0,0.0,0.0,0.0,0.0,0.0,0.06873725440236127,0.0,0.017894878227639133,-0.017894878227639133,0.07121144069606844,-0.07121144069606844,0.04424464702606201,-0.04424464702606201
98000279_2022-04-25,98000279,2022-04-25,58,F,98000013.0,0.5221818181818182,-0.015047619047619087,0.015047619047619087,-0.03333655980325867,0.03333655980325867,-0.0664093082562962,0.0664093082562962,0.0,0.0,0.0,0.0,0.0,0.0,-0.1696182033711294,0.0,0.007118249403446852,0.006978215295888934,0.000480315039077861,0.000480315039077861,0.00015169382095336914,0.00015169382095336914
98000281_2022-04-25,98000281,2022-04-25,36,F,98000013.0,1.1822727272727276,-0.06325000000000014,0.06325000000000014,-0.020316486981423076,0.020316486981423076,0.04121619093935869,0.04121619093935869,0.0,0.0,0.0,0.0,0.0,0.0,0.16731421304554497,0.0,0.05920140841060206,0.05920140841060206,0.018366283749770562,-0.018366283749770562,0.024645090103149414,-0.024645090103149414
98000282_2022-04-25,98000282,2022-04-25,52,M,98000013.0,0.6078095238095239,0.025904761904761986,0.025904761904761986,0.006551552040835074,0.006551552040835074,0.04356933375836791,0.04356933375836791,0.0,0.0,0.0,0.0,0.0,0.0,-0.30837349600778324,0.0,0.025471246898057465,0.025471246898057465,0.012374238402165894,0.012374238402165894,0.014867961406707764,0.014867961406707764
98000283_2022-04-25,98000283,2022-04-25,26,F,98000013.0,0.6129,-0.00914285714285723,0.00914285714285723,0.008195605033886,0.008195605033886,0.0502014663691423,0.0502014663691423,0.0,0.0,-1.0,1.0,0.0,0.0,-0.13542792773011372,1.0,0.010040381352483085,0.010040381352483085,0.014252063887478239,0.014252063887478239,0.008028626441955566,0.008028626441955566
98000284_2022-04-25,98000284,2022-04-25,28,M,98000013.0,0.8552857142857142,0.02024999999999988,0.02024999999999988,0.015467254791208584,0.015467254791208584,-0.08852806568851798,0.08852806568851798,0.0,0.0,0.0,0.0,0.0,0.0,-0.1743360809952228,0.0,0.02327320588057069,-0.02327320588057069,0.10067237910387494,-0.10067237910387494,0.012295424938201904,0.012295424938201904
98000285_2022-04-25,98000285,2022-04-25,65,F,98000013.0,0.3638095238095238,-0.014666666666666717,0.014666666666666717,0.02874361881098264,0.02874361881098264,0.004967166082244179,0.004967166082244179,0.0,0.0,0.0,0.0,0.0,0.0,-0.3845892124678674,0.0,0.012040231694413261,-0.012040231694413261,0.004963108481987111,-0.004963108481987111,0.010259687900543213,-0.010259687900543213
98000286_2022-04-25,98000286,2022-04-25,20,F,98000013.0,0.5205,0.0050000000000001155,0.0050000000000001155,0.0046216869969724905,0.0046216869969724905,0.0533046170413246,0.0533046170413246,0.0,0.0,0.0,0.0,-1.0,1.0,0.1745313436968734,1.0,0.00859182004269865,0.00859182004269865,0.022608775411426696,0.022608775411426696,0.0018500685691833496,0.0018500685691833496
98000287_2022-04-25,98000287,2022-04-25,44,M,98000726.0,0.54855,0.0119999999999999,0.0119999999999999,0.04928648765307117,0.04928648765307117,0.018737328657953592,0.018737328657953592,0.0,0.0,0.0,0.0,0.0,0.0,-0.23036015650263464,0.0,0.011985466015555168,0.011985466015555168,0.02712085313368584,0.02712085313368584,0.009193837642669678,0.009193837642669678
98000289_2022-04-25,98000289,2022-04-25,30,M,98000726.0,0.996238095238095,-0.07047368421052624,0.07047368421052624,-0.06144126226558211,0.06144126226558211,0.0206553830491219,0.0206553830491219,0.0,0.0,0.0,0.0,0.0,0.0,0.4659743056248172,0.0,0.06520854049984548,0.06520854049984548,0.006364828527704591,0.006364828527704591,0.01423555612564087,0.01423555612564087
98000291_2022-04-25,98000291,2022-04-25,19,M,98000726.0,0.5006190476190476,-0.03294999999999998,0.03294999999999998,0.013566447057052594,0.013566447057052594,0.03773037542662122,0.03773037542662122,0.0,0.0,-1.0,1.0,0.0,0.0,0.11231258919425413,1.0,0.029752152722206715,0.029752152722206715,0.0014253649073535657,-0.0014253649073535657,0.013460487127304077,0.013460487127304077
98000294_2022-04-25,98000294,2022-04-25,44,M,98000726.0,0.8493636363636363,0.02523809523809528,0.02523809523809528,-0.01977492742190312,0.01977492742190312,-0.0858380618425247,0.0858380618425247,0.0,0.0,0.0,0.0,0.0,0.0,-0.10070064038700018,0.0,0.01378897585540484,0.01378897585540484,0.06472015911573736,0.06472015911573736,0.02199721336364746,0.02199721336364746
98000296_2022-04-25,98000296,2022-04-25,45,F,98000726.0,0.7106666666666667,0.03070000000000017,0.03070000000000017,0.08324701383321742,0.08324701383321742,-0.0420430600091618,0.0420430600091618,0.0,0.0,-1.0,1.0,0.0,0.0,0.5822376126547696,1.0,0.02537570512404852,0.02537570512404852,0.02748286011821699,0.02748286011821699,0.042716264724731445,0.042716264724731445
98000297_2022-04-25,98000297,2022-04-25,27,F,98000726.0,0.3713181818181818,0.0015999999999999903,0.0015999999999999903,0.009505966667993193,0.009505966667993193,-0.016363636363636413,0.016363636363636413,0.0,0.0,-1.0,1.0,0.0,0.0,-0.30343765644185045,1.0,0.007723908522667022,0.007723908522667022,0.02565362381189823,-0.02565362381189823,0.023371994495391846,0.023371994495391846
98000298_2022-04-25,98000298,2022-04-25,63,F,98000726.0,0.5375909090909091,-0.02114285714285702,0.02114285714285702,-0.004472959981207003,0.004472959981207003,0.048373924131335906,0.048373924131335906,0.0,0.0,0.0,0.0,0.0,0.0,-0.3581121876573772,0.0,0.013906515102072525,-0.013906515102072525,0.07375027546846635,-0.07375027546846635,0.028780758380889893,-0.028780758380889893
98000299_2022-04-25,98000299,2022-04-25,50,F,98000726.0,0.5615909090909091,0.019095238095238165,0.019095238095238165,0.0297913467543324,0.0297913467543324,0.05186452024226981,0.05186452024226981,0.0,0.0,0.0,0.0,0.0,0.0,-0.19451761519933083,0.0,0.017873162699510114,0.017873162699510114,0.049873740315965254,0.049873740315965254,0.02522730827331543,0.02522730827331543
98000301_2022-04-25,98000301,2022-04-25,25,M,98000726.0,0.391,0.020052631578947377,0.020052631578947377,0.05713890458339191,0.05713890458339191,0.0550403114979388,0.0550403114979388,0.0,0.0,0.0,0.0,0.0,0.0,0.013344745213803235,0.0,0.010819067491080248,0.010819067491080248,0.023717663521247045,0.023717663521247045,0.028067409992218018,0.028067409992218018
98000302_2022-04-25,98000302,2022-04-25,62,M,98000726.0,0.8855714285714285,0.043315789473683974,0.043315789473683974,0.10835946677971742,0.10835946677971742,0.17224599790845418,0.17224599790845418,0.0,0.0,0.0,0.0,0.0,0.0,0.9502237856279064,0.0,0.013924073801191428,0.013924073801191428,0.09151732293183323,0.030361558225839302,0.03395795822143555,0.03395795822143555
98000304_2022-04-25,98000304,2022-04-25,20,F,98000726.0,0.4824285714285714,0.00735000000000019,0.00735000000000019,0.025696471224054107,0.025696471224054107,-0.04325745257452629,0.04325745257452629,0.0,0.0,0.0,0.0,0.0,0.0,-0.3697891990578092,0.0,0.013653051977500885,0.013653051977500885,0.021166150284113616,-0.021166150284113616,0.007377266883850098,0.007377266883850098
98000305_2022-04-25,98000305,2022-04-25,22,M,98000726.0,0.37625,0.015857142857142903,0.015857142857142903,0.030594772747559784,0.030594772747559784,-0.04736117309531379,0.04736117309531379,0.0,0.0,-2.0,2.0,0.0,0.0,0.39670360380604897,2.0,0.018103857318302052,0.018103857318302052,0.054883491665972284,0.054883491665972284,0.008409887552261353,0.008409887552261353
98000306_2022-04-25,98000306,2022-04-25,50,F,98000726.0,0.7124090909090909,0.026473684210526316,0.026473684210526316,0.08504499404574761,0.08504499404574761,-0.0022724356403880375,0.0022724356403880375,0.0,0.0,0.0,0.0,0.0,0.0,0.11848202458266155,0.0,0.013053096784593987,0.013053096784593987,0.016485897524512794,0.016485897524512794,0.034610629081726074,0.034610629081726074
98000308_2022-04-25,98000308,2022-04-25,40,F,98000015.0,0.687909090909091,0.04880952380952375,0.04880952380952375,0.0586858834766186,0.0586858834766186,-0.023497927956646583,0.023497927956646583,0.0,0.0,0.0,0.0,0.0,0.0,0.23041498626095067,0.0,0.0383785926370217,0.0383785926370217,0.10265293242494278,0.017681672884642285,0.05080103874206543,0.03811151903325838
98000309_2022-04-25,98000309,2022-04-25,19,M,98000015.0,0.43875,-0.030095238095238175,0.030095238095238175,-0.05450577068891199,0.05450577068891199,0.11883997449792799,0.11883997449792799,0.0,0.0,-1.0,1.0,0.0,0.0,0.6018393919794423,1.0,0.030436287237766924,0.030436287237766924,0.04661225960359716,0.04661225960359716,0.04078391194343567,-0.04078391194343567
98000311_2022-04-25,98000311,2022-04-25,62,F,98000015.0,0.6415909090909091,-0.003142857142857114,0.003142857142857114,0.05231824010913272,0.05231824010913272,-0.028563595792157795,0.028563595792157795,0.0,0.0,0.0,0.0,0.0,0.0,-0.2726920105396741,0.0,0.001524980019811606,0.001524980019811606,0.01248227709216121,0.01248227709216121,0.016557276248931885,-0.016557276248931885
98000312_2022-04-25,98000312,2022-04-25,39,M,98000015.0,0.8279545454545455,-0.02629999999999999,0.02629999999999999,-0.008679994726739415,0.008679994726739415,-0.0273255605381163,0.0273255605381163,0.0,0.0,0.0,0.0,0.0,0.0,-0.3369995368524061,0.0,0.017308857448477655,0.017308857448477655,0.03782141550360718,0.03782141550360718,0.005021393299102783,-0.005021393299102783
98000313_2022-04-25,98000313,2022-04-25,39,M,98000015.0,0.6646,0.01860000000000006,0.01860000000000006,-0.0025505333556612997,0.0025505333556612997,-0.1006395663956638,0.1006395663956638,0.0,0.0,-1.0,1.0,0.0,0.0,0.07099856353210353,1.0,0.014949843820756148,-0.014949843820756148,0.033983501659148097,0.033983501659148097,0.05111837387084961,0.013564735221862856
98000316_2022-04-25,98000316,2022-04-25,47,M,98000015.0,0.5383333333333334,-0.005550000000000055,0.005550000000000055,0.0046849885455840234,0.0046849885455840234,0.030130185926452502,0.030130185926452502,0.0,0.0,0.0,0.0,0.0,0.0,-0.5717331845885568,0.0,0.004106080059741335,-0.004106080059741335,0.06629203014665275,-0.06629203014665275,0.001851797103881836,-0.001851797103881836
98000319_2022-04-25,98000319,2022-04-25,54,M,98000015.0,0.6899523809523811,-0.026210526315789573,0.026210526315789573,-0.006474944905466323,0.006474944905466323,0.04114119672836808,0.04114119672836808,0.0,0.0,0.0,0.0,0.0,0.0,-0.3128155713107638,0.0,0.019880403147704118,-0.019880403147704118,0.012391449467172966,-0.012391449467172966,0.029522478580474854,-0.029522478580474854
98000321_2022-04-25,98000321,2022-04-25,36,M,98000015.0,0.3600454545454545,0.005190476190476412,0.005190476190476412,0.02054883560236781,0.02054883560236781,-0.015342365317182,0.015342365317182,0.0,0.0,0.0,0.0,0.0,0.0,-0.50918985145354,0.0,0.00789255733882005,0.00789255733882005,0.0036665272291785955,0.0036665272291785955,0.0350928008556366,-0.0350928008556366
98000322_2022-04-25,98000322,2022-04-25,36,M,98000015.0,0.4124545454545454,0.02999999999999997,0.02999999999999997,0.057809585175739586,0.057809585175739586,-0.07623360158747661,0.07623360158747661,0.0,0.0,-1.0,1.0,0.0,0.0,0.4992858210275121,1.0,0.02732768543135916,0.02732768543135916,0.008460443178708144,0.008460443178708144,0.04267454147338867,-0.04267454147338867
98000323_2022-04-25,98000323,2022-04-25,37,M,98000015.0,0.5052,0.04033333333333344,0.04033333333333344,0.057557973580545596,0.057557973580545596,-0.1787510360216762,0.1787510360216762,0.0,0.0,0.0,0.0,0.0,0.0,0.5878029777138112,0.0,0.03921264999684615,0.03921264999684615,0.026714523467428197,0.026714523467428197,0.027927100658416748,0.027927100658416748
98000324_2022-04-25,98000324,2022-04-25,29,M,98000015.0,0.4651363636363637,0.004142857142857059,0.004142857142857059,0.016407773819000826,0.016407773819000826,0.1015247051322921,0.1015247051322921,0.0,0.0,0.0,0.0,0.0,0.0,-0.2970871166407359,0.0,2.2553055071206085e-05,-2.2553055071206085e-05,0.023643725468035726,-0.0004366652822235251,0.0006236135959625244,-0.0006236135959625244
98000327_2022-04-25,98000327,2022-04-25,18,M,98000605.0,0.3542857142857142,-0.008000000000000007,0.008000000000000007,0.004991397885417415,0.004991397885417415,-0.1618631140038647,0.1618631140038647,0.0,0.0,0.0,0.0,0.0,0.0,-0.15969881577488468,0.0,0.0016247581178858161,0.0016247581178858161,0.048941231573062516,0.048941231573062516,0.008946359157562256,0.008946359157562256
98000328_2022-04-25,98000328,2022-04-25,26,F,98000605.0,0.4897499999999999,0.05504761904761901,0.05504761904761901,0.10098970688653108,0.10098970688653108,-0.13946031240038248,0.13946031240038248,0.0,0.0,0.0,0.0,0.0,0.0,0.9254535076498733,0.0,0.04346547129819556,0.04346547129819556,0.06412932027823937,-0.06412932027823937,0.089863121509552,-0.089863121509552
98000329_2022-04-25,98000329,2022-04-25,64,F,98000605.0,0.4438181818181818,0.02814285714285708,0.02814285714285708,0.006402371415219876,0.006402371415219876,-0.0988422059292316,0.0988422059292316,0.0,0.0,0.0,0.0,0.0,0.0,-0.12484740548028413,0.0,0.025581331873905544,0.025581331873905544,0.012503298010846542,0.012503298010846542,0.021251708269119263,0.021251708269119263
98000330_2022-04-25,98000330,2022-04-25,59,F,98000605.0,0.5699047619047619,-0.04025000000000001,0.04025000000000001,-0.024112953030615114,0.024112953030615114,0.014171319424037598,0.014171319424037598,0.0,0.0,0.0,0.0,0.0,0.0,-0.12414500098619381,0.0,0.032722994856560716,-0.032722994856560716,0.005035402715083626,-0.005035402715083626,0.03285872936248779,-0.03285872936248779
98000331_2022-04-25,98000331,2022-04-25,31,M,98000605.0,0.6099545454545455,0.035263157894736996,0.035263157894736996,0.025748380435247797,0.025748380435247797,-0.005701047829496209,0.005701047829496209,0.0,0.0,0.0,0.0,0.0,0.0,-0.1893429029659053,0.0,0.031209966547933177,0.031209966547933177,0.08553006677974595,0.08553006677974595,0.03459137678146362,0.03459137678146362
98000332_2022-04-25,98000332,2022-04-25,38,M,98000605.0,0.808952380952381,0.01576190476190442,0.01576190476190442,0.054650131810851904,0.054650131810851904,0.0606742110296465,0.0606742110296465,0.0,0.0,0.0,0.0,0.0,0.0,-0.03191277865989294,0.0,0.011160030314559921,0.011160030314559921,0.05406432218759494,0.05406432218759494,0.026864171028137207,0.026864171028137207
98000333_2022-04-25,98000333,2022-04-25,60,M,98000605.0,0.6977727272727273,0.02919047619047621,0.02919047619047621,0.04380004842675678,0.04380004842675678,-0.038357347784507494,0.038357347784507494,0.0,0.0,0.0,0.0,0.0,0.0,-0.03252619924879053,0.0,0.01381386415928254,0.004651302774758892,0.033145077801526646,-0.033145077801526646,0.03098195791244507,-0.005398781819777154
98000334_2022-04-25,98000334,2022-04-25,34,F,98000605.0,0.9069523809523812,0.007952380952381155,0.007952380952381155,0.031989514805691344,0.031989514805691344,0.0063911380299650905,0.0063911380299650905,0.0,0.0,-2.0,2.0,0.0,0.0,0.20470286930463943,2.0,0.0005125879979005488,0.0005125879979005488,0.025569816951618085,-0.019204677741897047,0.01689237356185913,-0.01689237356185913
98000337_2022-04-25,98000337,2022-04-25,22,F,98000605.0,0.4478999999999999,0.0029473684210526985,0.0029473684210526985,-0.003963086349783096,0.003963086349783096,-0.08667074487225648,0.08667074487225648,0.0,0.0,0.0,0.0,0.0,0.0,-0.4386989100488617,0.0,0.0008095420959728927,0.0008095420959728927,0.01715942938569176,-0.01715942938569176,0.005224168300628662,-0.005224168300628662
98000339_2022-04-25,98000339,2022-04-25,26,F,98000605.0,0.7617142857142858,-0.014142857142857124,0.014142857142857124,0.07204584662707969,0.07204584662707969,0.1465992986930188,0.1465992986930188,0.0,0.0,-1.0,1.0,0.0,0.0,0.6382945150068228,1.0,0.023727545520472404,-0.023727545520472404,0.028779021620892853,-0.028779021620892853,0.014636397361755371,-0.014636397361755371
98000340_2022-04-25,98000340,2022-04-25,55,F,98000605.0,0.4792727272727271,0.009428571428571564,0.009428571428571564,0.0025232043699695006,0.0025232043699695006,-0.08551577940707641,0.08551577940707641,0.0,0.0,0.0,0.0,0.0,0.0,-0.3847358136782177,0.0,0.011386773178745813,0.011386773178745813,0.041013424109357155,0.041013424109357155,0.018010854721069336,0.018010854721069336
98000343_2022-04-25,98000343,2022-04-25,34,F,98000605.0,0.6614285714285713,-0.0041111111111111764,0.0041111111111111764,0.0013386983357006055,0.0013386983357006055,-0.12414180567048422,0.12414180567048422,0.0,0.0,0.0,0.0,0.0,0.0,-0.335357112164651,0.0,0.004458555077054394,0.003288128153507097,0.001126270284733888,-0.001126270284733888,0.006340920925140381,0.006340920925140381
98000344_2022-04-25,98000344,2022-04-25,56,M,98000605.0,0.7827727272727274,-5.5555555555586444e-05,5.5555555555586444e-05,-0.050638993664847476,0.050638993664847476,0.0221477800929639,0.0221477800929639,0.0,0.0,0.0,0.0,0.0,0.0,-0.3350447621708512,0.0,0.004493945100240926,-0.004493945100240926,0.0022483607293480867,-0.0022483607293480867,0.009039819240570068,-0.009039819240570068
98000345_2022-04-25,98000345,2022-04-25,42,M,98000605.0,0.8137142857142856,0.0013999999999998458,0.0013999999999998458,-0.018233720793397995,0.018233720793397995,0.1100999118424914,0.1100999118424914,0.0,0.0,0.0,0.0,0.0,0.0,-0.2879297397296633,0.0,0.0010147526464011625,0.0010147526464011625,0.01422137504213572,-0.01422137504213572,0.010169446468353271,-0.010169446468353271
98000346_2022-04-25,98000346,2022-04-25,28,F,98000605.0,0.5080952380952382,-0.022222222222222254,0.022222222222222254,0.043262639754171106,0.043262639754171106,-0.0163131154174727,0.0163131154174727,0.0,0.0,0.0,0.0,0.0,0.0,-0.17289673612625497,0.0,0.012244877671699239,-0.012244877671699239,0.005595698733250054,0.005595698733250054,0.036314308643341064,-0.036314308643341064
98000347_2022-04-25,98000347,2022-04-25,32,F,98000017.0,0.5580909090909091,-0.005149999999999877,0.005149999999999877,0.03256696252725039,0.03256696252725039,0.004863481228669003,0.004863481228669003,0.0,0.0,-1.0,1.0,0.0,0.0,-0.14107298781672784,1.0,0.0024880890025854585,-0.0024880890025854585,0.028714011143966878,-0.028714011143966878,0.012154161930084229,-0.012154161930084229
98000348_2022-04-25,98000348,2022-04-25,30,M,98000017.0,0.8925454545454545,0.006550000000000056,0.006550000000000056,-0.0432872363216619,0.0432872363216619,0.1159768058088709,0.1159768058088709,0.0,0.0,0.0,0.0,0.0,0.0,-0.04449476343090653,0.0,0.0009051671213246015,0.0009051671213246015,0.007063379398406289,0.007063379398406289,0.03691297769546509,-0.0025615238276395225
98000349_2022-04-25,98000349,2022-04-25,55,F,98000017.0,0.6942272727272727,0.024550000000000072,0.024550000000000072,0.010889373110426148,0.010889373110426148,0.1043031390134528,0.1043031390134528,0.0,0.0,0.0,0.0,0.0,0.0,-0.11524450215343911,0.0,0.0166941906008512,0.0166941906008512,0.03532941322219896,0.03532941322219896,0.03242427110671997,0.03242427110671997
98000351_2022-04-25,98000351,2022-04-25,54,F,98000252.0,0.6836363636363636,-0.0029047619047618545,0.0029047619047618545,0.010306066527435515,0.010306066527435515,0.124343640420784,0.124343640420784,0.0,0.0,0.0,0.0,0.0,0.0,-0.28542728867974415,0.0,0.006034228504777639,-0.006034228504777639,0.046085815959769905,0.046085815959769905,0.010303676128387451,-0.010303676128387451
98000355_2022-04-25,98000355,2022-04-25,55,F,98000017.0,0.7228636363636363,-0.021714285714285797,0.021714285714285797,0.04191842536973439,0.04191842536973439,-0.1579805546700666,0.1579805546700666,0.0,0.0,0.0,0.0,0.0,0.0,0.22604714083723643,0.0,0.01646310941871143,-0.01646310941871143,0.04347908649639931,-0.04347908649639931,0.039411962032318115,-0.012274042866446955
98000356_2022-04-25,98000356,2022-04-25,24,F,98000017.0,0.7232272727272727,-0.013761904761904864,0.013761904761904864,0.05725002149944333,0.05725002149944333,-0.0364341727765383,0.0364341727765383,0.0,0.0,-1.0,1.0,0.0,0.0,0.21073002337160238,1.0,0.01010594465591308,0.01010594465591308,0.0812613448596563,0.07092174834149667,0.029183506965637207,0.029183506965637207
98000357_2022-04-25,98000357,2022-04-25,49,M,98000017.0,0.6536666666666667,0.01857894736842114,0.01857894736842114,0.011559454575959499,0.011559454575959499,-0.044967211879098704,0.044967211879098704,0.0,0.0,0.0,0.0,0.0,0.0,-0.34577974467308886,0.0,0.02161128459359507,-0.02161128459359507,0.0037161296042694802,0.0037161296042694802,0.018018484115600586,-0.010710580190022911
98000358_2022-04-25,98000358,2022-04-25,57,M,98000017.0,0.8015,-0.0022380952380952612,0.0022380952380952612,0.06294530886918526,0.06294530886918526,0.08971405801721441,0.08971405801721441,0.0,0.0,-1.0,1.0,0.0,0.0,0.2859249789400975,1.0,0.005748356323013182,0.005748356323013182,0.008622443134839841,-0.008622443134839841,0.03237825632095337,0.03237825632095337
98000359_2022-04-25,98000359,2022-04-25,27,M,98000017.0,0.6924090909090909,0.023400000000000087,0.023400000000000087,0.027193483768851667,0.027193483768851667,0.05908123540098592,0.05908123540098592,0.0,0.0,0.0,0.0,0.0,0.0,-0.1466970175769845,0.0,0.018061051194499633,0.018061051194499633,0.033366821180689565,-0.033366821180689565,0.009161412715911865,-0.009161412715911865
98000360_2022-04-25,98000360,2022-04-25,63,M,98000017.0,0.4268636363636363,-0.022523809523809613,0.022523809523809613,-0.019507797994620324,0.019507797994620324,-0.025673573477845102,0.025673573477845102,0.0,0.0,-1.0,1.0,0.0,0.0,0.00989697912056787,1.0,0.013918143387992021,-0.013918143387992021,0.007062551250818894,0.007062551250818894,0.025969982147216797,-0.025969982147216797
98000362_2022-04-25,98000362,2022-04-25,58,M,98000017.0,0.5459499999999999,0.0393,0.0393,0.08207718723617619,0.08207718723617619,-0.1041763375477362,0.1041763375477362,0.0,0.0,0.0,0.0,0.0,0.0,0.5285602042337941,0.0,0.03323779284736372,0.03323779284736372,0.07183931558317713,0.07183931558317713,0.030037999153137207,0.030037999153137207
98000363_2022-04-25,98000363,2022-04-25,39,M,98000017.0,0.6812857142857143,0.011600000000000055,0.011600000000000055,0.024124740990371124,0.024124740990371124,-0.0295648190563446,0.0295648190563446,0.0,0.0,0.0,0.0,0.0,0.0,-0.37648690679218705,0.0,0.016353781916887966,-0.008523669776373977,0.012416020226667102,-0.011555521055649831,0.025764822959899902,0.025764822959899902
98000365_2022-04-25,98000365,2022-04-25,45,F,98000017.0,0.8110454545454544,0.004750000000000032,0.004750000000000032,0.04850449247289301,0.04850449247289301,-0.15433721973094158,0.15433721973094158,0.0,0.0,-1.0,1.0,0.0,0.0,0.4009933152878406,1.0,0.00944986123717173,-0.00944986123717173,0.017660122440533943,-0.017660122440533943,0.015154719352722168,-0.015154719352722168
98000367_2022-04-25,98000367,2022-04-25,42,F,98000017.0,0.7325499999999999,0.04552380952380963,0.04552380952380963,0.026103947966871377,0.026103947966871377,0.0576254383168634,0.0576254383168634,0.0,0.0,0.0,0.0,0.0,0.0,0.07115639385715508,0.0,0.03768127774547014,0.03768127774547014,0.005392309607017753,0.005392309607017753,0.09365564584732056,0.09365564584732056
98000368_2022-04-25,98000368,2022-04-25,41,F,98000018.0,0.7088181818181819,0.013809523809523716,0.013809523809523716,0.04543924362524199,0.04543924362524199,-0.0539435766656041,0.0539435766656041,0.0,0.0,0.0,0.0,0.0,0.0,-0.13536214037845432,0.0,0.0061579492043309925,0.0035556427623361087,0.0009385415707945377,0.0009385415707945377,0.006927311420440674,0.006927311420440674
98000370_2022-04-25,98000370,2022-04-25,33,F,98000018.0,0.5108499999999999,-0.0433809523809523,0.0433809523809523,-0.07584718531022089,0.07584718531022089,0.26866687918393317,0.26866687918393317,0.0,0.0,0.0,0.0,0.0,0.0,1.008041176716686,0.0,0.04946650292269272,-0.04946650292269272,0.00033396272278185535,0.00033396272278185535,0.04962879419326782,-0.04962879419326782
98000373_2022-04-25,98000373,2022-04-25,38,F,98000018.0,0.4826818181818182,0.0013999999999999568,0.0013999999999999568,0.030479654587638988,0.030479654587638988,-0.03300796076718979,0.03300796076718979,0.0,0.0,0.0,0.0,0.0,0.0,-0.4284618633303538,0.0,0.004935821753570879,0.004935821753570879,0.030495978475181706,0.030495978475181706,0.017167210578918457,0.017167210578918457
98000375_2022-04-25,98000375,2022-04-25,41,M,98000018.0,0.4449999999999999,-0.008949999999999902,0.008949999999999902,0.007606402251805394,0.007606402251805394,-0.031265661213932996,0.031265661213932996,0.0,0.0,0.0,0.0,0.0,0.0,-0.5129778120785503,0.0,0.004139878473127467,-0.004139878473127467,0.004813387451232443,0.004813387451232443,0.0007361769676208496,-0.0007361769676208496
98000376_2022-04-25,98000376,2022-04-25,19,F,98000018.0,0.2818571428571428,0.0012000000000000899,0.0012000000000000899,-0.0200136994773355,0.0200136994773355,0.1218154372547045,0.1218154372547045,0.0,0.0,0.0,0.0,0.0,0.0,-0.2435319296319617,0.0,0.0003483909667414409,-0.0003483909667414409,0.012850643856672617,-0.012850643856672617,0.012567281723022461,-0.012567281723022461
98000377_2022-04-25,98000377,2022-04-25,46,M,98000018.0,0.5944285714285714,0.0004761904761904079,0.0004761904761904079,0.022491442154517483,0.022491442154517483,-0.0513796620975455,0.0513796620975455,0.0,0.0,0.0,0.0,0.0,0.0,-0.4395344033528543,0.0,0.001813481157685315,0.001813481157685315,0.013192116286350641,-0.013192116286350641,0.006354868412017822,0.006354868412017822
98000378_2022-04-25,98000378,2022-04-25,36,M,98000018.0,0.7448499999999999,0.010099999999999998,0.010099999999999998,0.03608138221036239,0.03608138221036239,2.0339672528041364e-06,2.0339672528041364e-06,0.0,0.0,0.0,0.0,0.0,0.0,-0.39585821664140863,0.0,0.007071388963412639,-0.007071388963412639,0.029694704478945178,-0.029694704478945178,0.04751265048980713,-0.04751265048980713
98000379_2022-04-25,98000379,2022-04-25,47,F,98000018.0,0.4925454545454546,-0.013699999999999934,0.013699999999999934,0.006033182874204679,0.006033182874204679,-0.016834027323720496,0.016834027323720496,0.0,0.0,0.0,0.0,0.0,0.0,-0.5166533328267895,0.0,0.012226188787864745,-0.012226188787864745,0.022610782362559978,0.022610782362559978,0.009493470191955566,0.009493470191955566
98000381_2022-04-25,98000381,2022-04-25,34,M,98000018.0,0.7120909090909091,0.002190476190476076,0.002190476190476076,0.07277808943880026,0.07277808943880026,-0.030585272553395104,0.030585272553395104,0.0,0.0,0.0,0.0,0.0,0.0,-0.13553406298877826,0.0,0.004123789851642745,-0.004123789851642745,0.09552514914304022,-0.09552514914304022,0.006675124168395996,-0.006675124168395996
98000383_2022-04-25,98000383,2022-04-25,37,F,98000018.0,0.4943333333333332,0.027899999999999925,0.027899999999999925,0.040962028874247824,0.040962028874247824,-0.15171685192195217,0.15171685192195217,0.0,0.0,0.0,0.0,0.0,0.0,0.26536771878599846,0.0,0.020329847465192064,0.020329847465192064,0.061647795804560035,0.061647795804560035,0.07126456499099731,0.07126456499099731
98000384_2022-04-25,98000384,2022-04-25,64,F,98000018.0,0.7101904761904763,-0.03980952380952385,0.03980952380952385,-0.03753819436600092,0.03753819436600092,-0.04233375836786739,0.04233375836786739,0.0,0.0,-2.0,2.0,-1.0,1.0,1.3632956849870155,3.0,0.03277944438650293,0.03277944438650293,0.02500566750345401,0.02500566750345401,0.03268253803253174,0.03268253803253174
98000385_2022-04-25,98000385,2022-04-25,42,M,98000018.0,0.7279047619047619,-0.02685000000000015,0.02685000000000015,0.017778442929713978,0.017778442929713978,-0.2386190625983009,0.2386190625983009,0.0,0.0,-1.0,1.0,0.0,0.0,0.6643976351201636,1.0,0.019045130091134177,0.019045130091134177,0.007181158676857757,-0.007181158676857757,0.01116931438446045,0.01116931438446045
98000387_2022-04-25,98000387,2022-04-25,31,M,98000018.0,0.2767727272727272,-0.027523809523809617,0.027523809523809617,-0.02627208915840984,0.02627208915840984,0.0441546063117625,0.0441546063117625,0.0,0.0,0.0,0.0,0.0,0.0,-0.15381980304587972,0.0,0.018025671880467553,-0.018025671880467553,0.05991144774774759,-0.05991144774774759,0.04646873474121094,-0.04646873474121094
98000389_2022-04-25,98000389,2022-04-25,43,M,98000019.0,0.5371904761904761,0.006380952380952376,0.006380952380952376,0.043705972808168875,0.043705972808168875,-0.07494740197641,0.07494740197641,0.0,0.0,0.0,0.0,0.0,0.0,-0.16311428911964432,0.0,0.004066954335825268,0.004066954335825268,0.010752194884315558,0.010752194884315558,0.005381226539611816,0.005381226539611816
98000390_2022-04-25,98000390,2022-04-25,19,M,98000019.0,0.5230476190476191,0.03442105263157902,0.03442105263157902,0.043226536462177945,0.043226536462177945,-0.0269448060400937,0.0269448060400937,0.0,0.0,0.0,0.0,0.0,0.0,-0.015505546256593996,0.0,0.032324832350233035,-0.032324832350233035,0.07278246635020147,0.06230315554674082,0.05823564529418945,0.03671671354202988
98000391_2022-04-25,98000391,2022-04-25,51,F,98000019.0,0.7212857142857143,-0.02055555555555566,0.02055555555555566,0.030756334206777203,0.030756334206777203,0.09582222589031483,0.09582222589031483,0.0,0.0,0.0,0.0,-1.0,1.0,0.6403659458240639,1.0,0.021389893193919596,-0.021389893193919596,0.05624175389885211,-0.05624175389885211,0.033941566944122314,-0.033941566944122314
98000393_2022-04-25,98000393,2022-04-25,53,M,98000019.0,0.4822727272727272,-0.010857142857142787,0.010857142857142787,0.0021898314251848072,0.0021898314251848072,0.052442142174051604,0.052442142174051604,0.0,0.0,-1.0,1.0,0.0,0.0,-0.15252646428285557,1.0,0.01778330245379145,0.01778330245379145,0.001645484737732128,-0.001645484737732128,0.021922826766967773,-0.021922826766967773
98000394_2022-04-25,98000394,2022-04-25,29,F,98000019.0,0.5501904761904761,0.028899999999999926,0.028899999999999926,0.037794732733014785,0.037794732733014785,-0.017856957472840995,0.017856957472840995,0.0,0.0,0.0,0.0,0.0,0.0,-0.1368035823302999,0.0,0.024014909319469813,0.024014909319469813,0.030373916698498427,-0.01529807562308294,0.016063332557678223,0.016063332557678223
98000395_2022-04-25,98000395,2022-04-25,36,F,98000019.0,0.8728999999999999,-0.024650000000000172,0.024650000000000172,-0.0523346666654802,0.0523346666654802,-0.09705260064648849,0.09705260064648849,0.0,0.0,0.0,0.0,0.0,0.0,0.15054042748422902,0.0,0.016734799280173407,0.016734799280173407,0.011812496185839128,0.011812496185839128,0.019319474697113037,0.019319474697113037
98000397_2022-04-25,98000397,2022-04-25,37,F,98000019.0,0.6250476190476191,-0.012285714285714233,0.012285714285714233,0.001233918719065391,0.001233918719065391,0.020914886834554558,0.020914886834554558,0.0,0.0,0.0,0.0,0.0,0.0,-0.5525286180796818,0.0,0.010089755964987623,-0.010089755964987623,0.007623930597147166,0.007623930597147166,0.015052199363708496,-0.015052199363708496
98000398_2022-04-25,98000398,2022-04-25,24,F,98000019.0,0.7711,0.03828571428571437,0.03828571428571437,0.04248586352171829,0.04248586352171829,0.026139305068536928,0.026139305068536928,0.0,0.0,0.0,0.0,0.0,0.0,0.01714445622801024,0.0,0.025072337059062755,0.025072337059062755,0.08519778586690763,0.08519778586690763,0.059295594692230225,0.059295594692230225
98000400_2022-04-25,98000400,2022-04-25,53,M,98000019.0,0.6337142857142858,0.02290000000000003,0.02290000000000003,0.060542514867340524,0.060542514867340524,-0.09501132560262338,0.09501132560262338,0.0,0.0,0.0,0.0,0.0,0.0,0.1830412496173064,0.0,0.023407008564142462,0.010397989986607126,0.03794931120497602,-0.03794931120497602,0.05609846115112305,0.05609846115112305
98000401_2022-04-25,98000401,2022-04-25,63,M,98000019.0,0.6731818181818182,-0.005619047619047524,0.005619047619047524,0.06786155024256069,0.06786155024256069,-0.06892253745616811,0.06892253745616811,0.0,0.0,0.0,0.0,0.0,0.0,-0.021970195397974134,0.0,0.0028615896191909185,0.0028615896191909185,0.015248778519742046,-0.015248778519742046,0.0015921592712402344,0.0015921592712402344
98000402_2022-04-25,98000402,2022-04-25,41,F,98000019.0,0.5820476190476189,-0.011904761904761862,0.011904761904761862,0.008988941668772288,0.008988941668772288,0.0393729678036345,0.0393729678036345,0.0,0.0,0.0,0.0,0.0,0.0,-0.4491104886962321,0.0,0.008740044862530105,-0.008740044862530105,0.05194274250303621,-0.05194274250303621,0.0005518794059753418,-0.0005518794059753418
98000404_2022-04-25,98000404,2022-04-25,44,M,98000019.0,0.4308095238095238,0.008523809523809711,0.008523809523809711,0.03110702969678325,0.03110702969678325,0.015672298374243096,0.015672298374243096,0.0,0.0,-1.0,1.0,0.0,0.0,-0.0845802076171253,1.0,0.010073867533218595,0.010073867533218595,0.013500345553953408,0.013500345553953408,0.005602627992630005,-0.005602627992630005
98000408_2022-04-25,98000408,2022-04-25,41,F,98000593.0,0.7957,0.06209523809523809,0.06209523809523809,0.08207831623750778,0.08207831623750778,-0.10295441504622227,0.10295441504622227,0.0,0.0,-1.0,1.0,0.0,0.0,1.0778039789025555,1.0,0.050114639613349055,0.02105591627878567,0.04257554695183252,0.04257554695183252,0.00042003393173217773,-0.00042003393173217773
98000409_2022-04-25,98000409,2022-04-25,18,M,98000593.0,0.6110952380952381,-0.004095238095238152,0.004095238095238152,0.024946018007223486,0.024946018007223486,-0.1245043034746573,0.1245043034746573,0.0,0.0,0.0,0.0,0.0,0.0,-0.17160927519206512,0.0,0.002438993726051053,-0.002438993726051053,0.022564911471274263,0.007856419278815974,0.007555902004241943,-0.004288160074324754
98000410_2022-04-25,98000410,2022-04-25,41,F,98000593.0,0.8142173913043479,0.03036842105263171,0.03036842105263171,0.0032442036424746024,0.0032442036424746024,0.19639997119400837,0.19639997119400837,0.0,0.0,0.0,0.0,0.0,0.0,0.16120928607870857,0.0,0.018888257114366147,-0.018888257114366147,0.01780525589590365,-0.01780525589590365,0.007051289081573486,0.007051289081573486
98000411_2022-04-25,98000411,2022-04-25,51,F,98000593.0,0.80205,-0.015523809523809606,0.015523809523809606,0.02129770158208741,0.02129770158208741,0.1007280841568376,0.1007280841568376,0.0,0.0,-1.0,1.0,0.0,0.0,0.16865665829490198,1.0,0.016215292267278136,0.016215292267278136,0.021783335732883713,0.021783335732883713,0.031529128551483154,0.031529128551483154
98000412_2022-04-25,98000412,2022-04-25,42,M,98000593.0,0.6971363636363637,-0.0387142857142857,0.0387142857142857,0.02938924880607449,0.02938924880607449,-0.1140191265540324,0.1140191265540324,0.0,0.0,0.0,0.0,0.0,0.0,0.18774309125670552,0.0,0.022104076019083152,0.022104076019083152,0.010521732529060412,0.010521732529060412,0.02479618787765503,0.02479618787765503
98000413_2022-04-25,98000413,2022-04-25,23,F,98000593.0,0.6234761904761905,0.027349999999999985,0.027349999999999985,0.05342779059005809,0.05342779059005809,0.0244504848662946,0.0244504848662946,0.0,0.0,0.0,0.0,0.0,0.0,-0.025801726097266803,0.0,0.024214173079743384,-0.023043914583957825,0.02511943054493826,0.023711491887730363,0.0023017525672912598,0.0023017525672912598
98000418_2022-04-25,98000418,2022-04-25,22,M,98000593.0,0.6220909090909092,-0.008238095238095267,0.008238095238095267,0.027571236209314093,0.027571236209314093,-0.1502362129423011,0.1502362129423011,0.0,0.0,-2.0,2.0,0.0,0.0,0.5970334550453146,2.0,0.001500682386875618,-0.001500682386875618,0.006802402914349637,0.006802402914349637,0.010417401790618896,0.010417401790618896
98000419_2022-04-25,98000419,2022-04-25,41,F,98000593.0,0.7505454545454545,0.006190476190476302,0.006190476190476302,0.0039093550166898194,0.0039093550166898194,-0.07107236212942278,0.07107236212942278,0.0,0.0,0.0,0.0,0.0,0.0,-0.4509374350776907,0.0,0.007086305873801657,0.007086305873801657,0.025767087187754,0.025767087187754,0.01972508430480957,0.01972508430480957
98000420_2022-04-25,98000420,2022-04-25,25,M,98000593.0,0.4956363636363635,0.022285714285714242,0.022285714285714242,0.037850275729024996,0.037850275729024996,-0.0665231112527892,0.0665231112527892,0.0,0.0,0.0,0.0,0.0,0.0,-0.06302552609597784,0.0,0.013988896747891388,0.013988896747891388,0.015740054861193786,0.015740054861193786,0.021001040935516357,-0.021001040935516357
98000421_2022-04-25,98000421,2022-04-25,55,F,98000593.0,0.5951363636363636,0.0028000000000000247,0.0028000000000000247,-0.007655395269759835,0.007655395269759835,-0.00032770940107040847,0.00032770940107040847,0.0,0.0,0.0,0.0,-1.0,1.0,0.018000778481377527,1.0,0.0009805548784258544,-0.0009805548784258544,0.023531244682622243,0.023531244682622243,0.057644009590148926,0.057644009590148926
98000423_2022-04-25,98000423,2022-04-25,63,M,98000593.0,0.3992380952380953,0.0379000000000001,0.0379000000000001,0.03179973376073497,0.03179973376073497,-0.035489147530669896,0.035489147530669896,0.0,0.0,0.0,0.0,0.0,0.0,-0.03328716984336761,0.0,0.028135524205786633,0.028135524205786633,0.02121470188602964,0.02121470188602964,0.051953524351119995,0.051953524351119995
98000425_2022-04-25,98000425,2022-04-25,34,F,98000593.0,0.8515454545454545,-0.02276190476190476,0.02276190476190476,0.0037653427108834125,0.0037653427108834125,-0.016833280204016796,0.016833280204016796,0.0,0.0,-1.0,1.0,0.0,0.0,-0.1220332494785692,1.0,0.018698672760925072,-0.008880976770567761,0.006373558214748054,0.006373558214748054,0.006347060203552246,0.006347060203552246
98000426_2022-04-25,98000426,2022-04-25,38,M,98000593.0,0.8650454545454545,0.012294117647058789,0.012294117647058789,0.019356918369779513,0.019356918369779513,-0.14835995254175421,0.14835995254175421,0.0,0.0,-1.0,1.0,-1.0,1.0,0.9455420331022816,2.0,0.01775179073787636,-0.01775179073787636,0.01650202331293238,-0.01650202331293238,0.04982316493988037,-0.04982316493988037
98000427_2022-04-25,98000427,2022-04-25,49,M,98000593.0,0.9344090909090907,0.008899999999999908,0.008899999999999908,0.03972340142773745,0.03972340142773745,0.008632781582298632,0.008632781582298632,0.0,0.0,0.0,0.0,0.0,0.0,-0.35799759088581,0.0,0.004649295160541134,0.004649295160541134,0.024290568991816253,0.024290568991816253,0.01537477970123291,0.01537477970123291
98000428_2022-04-25,98000428,2022-04-25,37,F,98000021.0,0.4674761904761905,0.003699999999999981,0.003699999999999981,0.008842884046178806,0.008842884046178806,0.055907302142544996,0.055907302142544996,0.0,0.0,0.0,0.0,0.0,0.0,-0.4870144379340475,0.0,0.006711882563818161,0.006711882563818161,0.028737709634836184,-0.028737709634836184,0.018564224243164062,-0.018564224243164062
98000429_2022-04-25,98000429,2022-04-25,21,M,98000021.0,0.4767619047619047,-0.0042499999999998095,0.0042499999999998095,0.012674811781352296,0.012674811781352296,0.0911346742457368,0.0911346742457368,0.0,0.0,0.0,0.0,0.0,0.0,-0.35205252536349735,0.0,0.005518097846601622,-0.005518097846601622,0.006143622537176985,0.006143622537176985,0.006343036890029907,-0.006343036890029907
98000430_2022-04-25,98000430,2022-04-25,41,F,98000021.0,0.7436666666666667,0.06264999999999976,0.06264999999999976,-0.00036729568494708875,0.00036729568494708875,-0.3120657663387076,0.3120657663387076,0.0,0.0,0.0,0.0,0.0,0.0,0.8140040600834014,0.0,0.05022002665351777,0.05022002665351777,0.10972399124991361,0.10972399124991361,0.09791457653045654,0.09791457653045654
98000431_2022-04-25,98000431,2022-04-25,48,M,98000021.0,0.684,0.029200000000000115,0.029200000000000115,0.07237435167305978,0.07237435167305978,-0.13495342486251938,0.13495342486251938,0.0,0.0,0.0,0.0,0.0,0.0,0.4466294620302316,0.0,0.023415365060153737,-0.023243358708199602,0.04080821250198441,-0.011752011978904964,0.004470765590667725,0.004470765590667725
98000432_2022-04-25,98000432,2022-04-25,34,M,98000021.0,0.6641818181818182,-0.0205238095238095,0.0205238095238095,-0.029770469132744393,0.029770469132744393,0.05102295186483863,0.05102295186483863,0.0,0.0,-2.0,2.0,0.0,0.0,0.45013930590876156,2.0,0.01360534062080826,0.01360534062080826,0.023647915872861525,0.023647915872861525,0.03589421510696411,0.03589421510696411
98000433_2022-04-25,98000433,2022-04-25,64,F,98000021.0,0.4122272727272726,-0.015600000000000003,0.015600000000000003,0.018315461684199896,0.018315461684199896,-0.06964256811437819,0.06964256811437819,0.0,0.0,-1.0,1.0,0.0,0.0,0.05814435419637223,1.0,0.006233316782020437,-0.006233316782020437,0.00891429493972079,-0.00891429493972079,0.013418614864349365,-0.013418614864349365
98000436_2022-04-25,98000436,2022-04-25,61,M,98000021.0,0.5262777777777778,0.018899999999999972,0.018899999999999972,0.02355291641539678,0.02355291641539678,0.040501157290932885,0.040501157290932885,0.0,0.0,-1.0,1.0,0.0,0.0,0.043469015361454116,1.0,0.01392694353623175,-0.01392694353623175,0.02394863189279689,-0.02394863189279689,0.009447723627090454,-0.009447723627090454
98000437_2022-04-25,98000437,2022-04-25,28,M,98000021.0,0.5023636363636362,0.014904761904762087,0.014904761904762087,0.03343555453451602,0.03343555453451602,-0.05447529486770808,0.05447529486770808,0.0,0.0,0.0,0.0,0.0,0.0,-0.20525011201366508,0.0,0.014913463494738877,0.014913463494738877,0.10516912272993684,0.10516912272993684,0.02552354335784912,0.02552354335784912
98000439_2022-04-25,98000439,2022-04-25,46,F,98000021.0,0.5615294117647058,0.011149999999999882,0.011149999999999882,0.06856540604598302,0.06856540604598302,-0.1676354846343693,0.1676354846343693,0.0,0.0,0.0,0.0,0.0,0.0,0.32840620806465043,0.0,0.01407327249404533,0.01407327249404533,0.004918271270357821,0.004918271270357821,0.028636693954467773,0.028636693954467773
98000441_2022-04-25,98000441,2022-04-25,65,F,98000021.0,0.57035,0.05238095238095242,0.05238095238095242,0.06750511919115704,0.06750511919115704,0.10660184890022328,0.10660184890022328,0.0,0.0,0.0,0.0,0.0,0.0,0.5708791441079186,0.0,0.038390259213642586,0.038390259213642586,0.07001661045071772,0.07001661045071772,0.10264855623245239,0.10264855623245239
98000443_2022-04-25,98000443,2022-04-25,23,M,98000252.0,0.5252727272727273,-0.04847619047619056,0.04847619047619056,-0.06332859788598227,0.06332859788598227,0.03525310806503035,0.03525310806503035,0.0,0.0,-1.0,1.0,0.0,0.0,0.6095084108574922,1.0,0.042405038432397846,-0.042405038432397846,0.10882717408551479,-0.10882717408551479,0.04538518190383911,-0.04538518190383911
98000444_2022-04-25,98000444,2022-04-25,47,M,98000021.0,0.576047619047619,0.041714285714285815,0.041714285714285815,0.04075212514466359,0.04075212514466359,-0.0883560726809056,0.0883560726809056,0.0,0.0,0.0,0.0,0.0,0.0,0.22236256779230557,0.0,0.04000256601005625,0.04000256601005625,0.06697742751122515,0.06697742751122515,0.05642670392990112,0.05642670392990112
98000445_2022-04-25,98000445,2022-04-25,57,F,98000021.0,0.3611428571428572,-0.015631578947368385,0.015631578947368385,-0.012612478400928884,0.012612478400928884,-0.0141693608555086,0.0141693608555086,0.0,0.0,-1.0,1.0,0.0,0.0,-0.14278097945392346,1.0,0.01941664184009706,-0.01941664184009706,0.08466826055888865,-0.08466826055888865,0.040045738220214844,-0.040045738220214844
98000447_2022-04-25,98000447,2022-04-25,43,M,98000021.0,0.6721818181818181,0.016099999999999892,0.016099999999999892,0.03020663128613843,0.03020663128613843,-0.03157361151924831,0.03157361151924831,0.0,0.0,0.0,0.0,0.0,0.0,-0.28196340327006025,0.0,0.009784332346805313,0.009784332346805313,0.017618133660995183,-0.017618133660995183,0.04028671979904175,-0.04028671979904175
98000448_2022-04-25,98000448,2022-04-25,19,F,98000021.0,0.5735,-0.03257894736842093,0.03257894736842093,0.0352323563604974,0.0352323563604974,0.0279515129420342,0.0279515129420342,0.0,0.0,0.0,0.0,0.0,0.0,-0.08683375362186478,0.0,0.026510814727027432,0.026510814727027432,0.02242133331504581,0.02242133331504581,0.02626115083694458,0.02626115083694458
98000449_2022-04-25,98000449,2022-04-25,64,M,98000022.0,0.6889545454545455,-0.012750000000000039,0.012750000000000039,0.021082122528094827,0.021082122528094827,0.1153718426084334,0.1153718426084334,0.0,0.0,0.0,0.0,0.0,0.0,-0.13509338062907392,0.0,0.016899691287302843,-0.016899691287302843,0.029344885151351807,0.029344885151351807,0.035121262073516846,-0.02933517417040732
98000451_2022-04-25,98000451,2022-04-25,65,M,98000022.0,0.46725,-0.04080000000000006,0.04080000000000006,0.02787092389365073,0.02787092389365073,0.04196976637654609,0.04196976637654609,0.0,0.0,-1.0,1.0,0.0,0.0,0.3048389094916925,1.0,0.029541053612225476,-0.029541053612225476,0.009492404631199713,0.009492404631199713,0.0548250675201416,-0.0548250675201416
98000452_2022-04-25,98000452,2022-04-25,42,F,98000022.0,1.0247727272727272,0.015315789473684394,0.015315789473684394,0.044430885831856504,0.044430885831856504,0.09358331555365879,0.09358331555365879,0.0,0.0,0.0,0.0,0.0,0.0,-0.010987436735168693,0.0,0.0004378373752524922,-0.0004378373752524922,0.007053833310651458,-0.007053833310651458,0.04489338397979736,0.04489338397979736
98000456_2022-04-25,98000456,2022-04-25,20,M,98000022.0,0.4596666666666666,0.004428571428571393,0.004428571428571393,0.050574598178879576,0.050574598178879576,-0.0184389544150461,0.0184389544150461,0.0,0.0,-1.0,1.0,0.0,0.0,0.015287815215534692,1.0,0.002350867100093079,-0.0008836099295297939,0.019696175050612275,-0.019696175050612275,0.02383461594581604,-0.02383461594581604
98000457_2022-04-25,98000457,2022-04-25,46,M,98000022.0,0.8093636363636364,-0.00044999999999995044,0.00044999999999995044,0.10333252990657427,0.10333252990657427,-0.1565632586997573,0.1565632586997573,0.0,0.0,-1.0,1.0,0.0,0.0,0.7410916162562419,1.0,0.004378805573305944,0.004378805573305944,0.04201620309479026,-0.04201620309479026,0.05454820394515991,0.05454820394515991
98000458_2022-04-25,98000458,2022-04-25,44,F,98000022.0,0.9645238095238096,-0.009300000000000086,0.009300000000000086,0.05540614383960224,0.05540614383960224,0.2258992065824274,0.2258992065824274,0.0,0.0,0.0,0.0,0.0,0.0,0.3884825001634559,0.0,0.02361621158246785,0.02361621158246785,0.06315098848484801,-0.06315098848484801,0.05732351541519165,-0.0069003356070744815
98000460_2022-04-25,98000460,2022-04-25,60,F,98000022.0,0.6975909090909092,-0.0029523809523810396,0.0029523809523810396,0.02519861180280042,0.02519861180280042,-0.1033312081606628,0.1033312081606628,0.0,0.0,-1.0,1.0,0.0,0.0,0.07268844733130189,1.0,0.002007053453421781,-0.002007053453421781,0.0236663590206434,0.017713489490312817,0.010949134826660156,0.005877332513982481
98000461_2022-04-25,98000461,2022-04-25,53,F,98000022.0,0.63505,-0.007449999999999957,0.007449999999999957,0.005572191082366562,0.005572191082366562,0.041976512530145296,0.041976512530145296,0.0,0.0,0.0,0.0,-1.0,1.0,0.17345278484469198,1.0,0.0028161498130520046,-0.0028161498130520046,0.02605252251308554,0.02605252251308554,0.018856406211853027,0.018856406211853027
98000463_2022-04-25,98000463,2022-04-25,55,F,98000022.0,1.1605909090909092,-0.0023999999999998467,0.0023999999999998467,-0.04321346360567402,0.04321346360567402,0.056987727779844205,0.056987727779844205,0.0,0.0,0.0,0.0,0.0,0.0,-0.2602487651665861,0.0,0.006025947770718076,0.006025947770718076,0.06789131517755376,-0.06789131517755376,0.02734607458114624,-0.02734607458114624
98000465_2022-04-25,98000465,2022-04-25,47,M,98000022.0,0.9398095238095237,-0.0046000000000001595,0.0046000000000001595,0.023276556835815587,0.023276556835815587,0.0990013185029915,0.0990013185029915,0.0,0.0,0.0,0.0,0.0,0.0,-0.25232345981796306,0.0,0.007926120712449913,0.007926120712449913,0.08457818772891079,0.08457818772891079,0.04206430912017822,0.04206430912017822
98000467_2022-04-25,98000467,2022-04-25,58,F,98000022.0,0.7216666666666667,-0.02245000000000008,0.02245000000000008,0.0018615490512022825,0.0018615490512022825,-0.04201899583605739,0.04201899583605739,0.0,0.0,-1.0,1.0,0.0,0.0,-0.06489347730475302,1.0,0.01894336928184348,-0.01894336928184348,0.04046474664652522,0.04046474664652522,0.0316811203956604,-0.0316811203956604
98000468_2022-04-25,98000468,2022-04-25,33,F,98000022.0,0.491090909090909,0.01684210526315799,0.01684210526315799,0.05598806328091138,0.05598806328091138,-0.04687852002503129,0.04687852002503129,0.0,0.0,0.0,0.0,0.0,0.0,-0.05173776865067514,0.0,0.01599479389227576,0.01599479389227576,0.030843229169806363,0.030843229169806363,0.00638270378112793,-0.00638270378112793
98000469_2022-04-25,98000469,2022-04-25,36,F,98000674.0,0.6807894736842105,0.006857142857142784,0.006857142857142784,0.025195587018449983,0.025195587018449983,-0.0729869301880777,0.0729869301880777,0.0,0.0,0.0,0.0,0.0,0.0,-0.29158755334227404,0.0,0.012542313768288627,0.012542313768288627,0.04581767050923802,0.04581767050923802,0.019062340259552002,0.019062340259552002
98000472_2022-04-25,98000472,2022-04-25,23,F,98000674.0,0.5128571428571428,0.0012857142857143344,0.0012857142857143344,0.023160671703815278,0.023160671703815278,0.03955467006694302,0.03955467006694302,0.0,0.0,-1.0,1.0,0.0,0.0,-0.14481458656437804,1.0,0.004731582579321936,0.004731582579321936,0.004099270777982111,0.004099270777982111,0.006093621253967285,0.006093621253967285
98000473_2022-04-25,98000473,2022-04-25,24,M,98000674.0,0.4195238095238095,0.05595238095238103,0.05595238095238103,0.06877141021701805,0.06877141021701805,0.07955307618744034,0.07955307618744034,0.0,0.0,0.0,0.0,0.0,0.0,0.5377337685844695,0.0,0.046971790929244917,0.046971790929244917,0.01925417574967636,-0.01925417574967636,0.019558966159820557,-0.019558966159820557
98000474_2022-04-25,98000474,2022-04-25,54,M,98000674.0,0.5100999999999999,-0.047142857142857264,0.047142857142857264,-0.017014527473120405,0.017014527473120405,-0.11487982148549539,0.11487982148549539,0.0,0.0,0.0,0.0,0.0,0.0,0.1923669657116969,0.0,0.02961407483614964,-0.02961407483614964,0.04352036908539714,-0.04352036908539714,0.056570231914520264,-0.056570231914520264
98000475_2022-04-25,98000475,2022-04-25,49,F,98000674.0,0.6263333333333334,-0.010571428571428565,0.010571428571428565,0.013777412166592923,0.013777412166592923,-0.0721606630538733,0.0721606630538733,0.0,0.0,0.0,0.0,0.0,0.0,-0.3342173830387158,0.0,0.01097480092087666,-0.01097480092087666,0.05887971339007725,-0.046183148961888576,0.005974948406219482,0.005974948406219482
98000476_2022-04-25,98000476,2022-04-25,29,F,98000674.0,0.6012727272727273,0.009095238095238045,0.009095238095238045,0.035441219236335975,0.035441219236335975,-0.040255658272233985,0.040255658272233985,0.0,0.0,0.0,0.0,0.0,0.0,-0.29321322152156,0.0,0.0060568801431645225,0.0060568801431645225,0.016041135818327,-0.016041135818327,0.04603588581085205,0.04603588581085205
98000477_2022-04-25,98000477,2022-04-25,45,F,98000674.0,0.7560952380952382,-0.014904761904761865,0.014904761904761865,0.03039941422405068,0.03039941422405068,-0.1761364360854321,0.1761364360854321,0.0,0.0,0.0,0.0,-1.0,1.0,0.8136705877855941,1.0,0.010057427080891967,-0.010057427080891967,0.039272340677455886,-0.039272340677455886,0.044496893882751465,-0.044496893882751465
98000478_2022-04-25,98000478,2022-04-25,39,F,98000674.0,0.9348571428571428,0.019809523809523832,0.019809523809523832,0.05269013787763116,0.05269013787763116,-0.11148103283391729,0.11148103283391729,0.0,0.0,0.0,0.0,0.0,0.0,0.1448669614375333,0.0,0.016847390388267436,-0.016847390388267436,0.0006398279928780948,0.0006398279928780948,0.023711085319519043,0.0033415299824306466
98000479_2022-04-25,98000479,2022-04-25,23,M,98000674.0,0.3257727272727273,-0.01425000000000004,0.01425000000000004,0.018830825201947482,0.018830825201947482,-0.079624505928854,0.079624505928854,0.0,0.0,0.0,0.0,0.0,0.0,-0.23939244321350317,0.0,0.0048605997270485535,-0.0048605997270485535,0.016494145577279518,0.016494145577279518,0.026701629161834717,0.026701629161834717
98000480_2022-04-25,98000480,2022-04-25,30,F,98000674.0,0.6120000000000001,-0.026666666666666616,0.026666666666666616,0.057656919214373686,0.057656919214373686,-0.1093646796302199,0.1093646796302199,0.0,0.0,0.0,0.0,0.0,0.0,0.24412205215660307,0.0,0.018788514930399902,-0.018788514930399902,0.008938673055189583,-0.008938673055189583,0.012378215789794922,-0.012378215789794922
98000485_2022-04-25,98000485,2022-04-25,47,M,98000674.0,0.6286818181818181,0.024523809523809392,0.024523809523809392,0.03796388006468698,0.03796388006468698,-0.0854048453936883,0.0854048453936883,0.0,0.0,-1.0,1.0,0.0,0.0,0.3323127547358642,1.0,0.022287301186558084,-0.022287301186558084,0.02387993094966856,0.02387993094966856,0.021850287914276123,-0.021850287914276123
98000486_2022-04-25,98000486,2022-04-25,20,F,98000674.0,0.4128571428571428,0.0235000000000003,0.0235000000000003,0.0274519834046289,0.0274519834046289,-0.004582153717101897,0.004582153717101897,0.0,0.0,0.0,0.0,0.0,0.0,-0.3029438636911934,0.0,0.026104127541028643,0.026104127541028643,0.054059124589399654,0.054059124589399654,0.044122159481048584,0.044122159481048584
98000488_2022-04-25,98000488,2022-04-25,59,M,98000674.0,0.8198181818181819,0.06269999999999998,0.06269999999999998,0.1328606342687061,0.1328606342687061,0.010909090909090702,0.010909090909090702,0.0,0.0,0.0,0.0,0.0,0.0,0.8495308905165269,0.0,0.0405097321310971,0.0405097321310971,0.04441796935045883,0.04441796935045883,0.0006887316703796387,-0.0006887316703796387
98000489_2022-04-25,98000489,2022-04-25,62,M,98000024.0,0.6689999999999999,-0.013666666666666605,0.013666666666666605,0.028543208031966277,0.028543208031966277,-0.012946764424609597,0.012946764424609597,0.0,0.0,0.0,0.0,0.0,0.0,-0.37306026811963905,0.0,0.011312763312378182,-0.011312763312378182,0.015356868886478026,-0.015356868886478026,0.006039857864379883,-0.006039857864379883
98000490_2022-04-25,98000490,2022-04-25,60,F,98000024.0,0.8106363636363636,-0.01629999999999998,0.01629999999999998,0.0896012429713623,0.0896012429713623,-0.07038168971229579,0.07038168971229579,0.0,0.0,0.0,0.0,0.0,0.0,0.2431149220381108,0.0,0.012842325496856488,0.012842325496856488,0.04428519798357977,0.04428519798357977,0.014111697673797607,-0.014111697673797607
98000491_2022-04-25,98000491,2022-04-25,38,M,98000024.0,0.83445,0.014900000000000024,0.014900000000000024,0.046915962290954794,0.046915962290954794,-0.0211944523068206,0.0211944523068206,0.0,0.0,0.0,0.0,0.0,0.0,-0.20944297195032813,0.0,0.006293897227876322,-0.006293897227876322,0.024547022144882025,-0.024547022144882025,0.004324018955230713,-0.004324018955230713
98000492_2022-04-25,98000492,2022-04-25,29,M,98000024.0,0.5269999999999999,0.02729999999999999,0.02729999999999999,0.0074849780883976536,0.0074849780883976536,-0.0490970846306254,0.0490970846306254,0.0,0.0,0.0,0.0,0.0,0.0,-0.27131937937268585,0.0,0.0223930120039747,0.0223930120039747,0.07905172849420028,0.07905172849420028,0.03774970769882202,0.03774970769882202
98000493_2022-04-25,98000493,2022-04-25,52,F,98000024.0,0.753,-0.016222222222222138,0.016222222222222138,0.02812310534029866,0.02812310534029866,-0.14592947322594618,0.14592947322594618,0.0,0.0,0.0,0.0,0.0,0.0,0.038705584063145476,0.0,0.02493048574768475,-0.02493048574768475,0.00628508004577677,0.00628508004577677,0.01718801259994507,-0.01718801259994507
98000494_2022-04-25,98000494,2022-04-25,45,M,98000024.0,0.620090909090909,-0.047599999999999865,0.047599999999999865,0.02486890643207529,0.02486890643207529,-0.05722770263398762,0.05722770263398762,0.0,0.0,0.0,0.0,0.0,0.0,0.08302397482305783,0.0,0.035351503842662835,-0.035351503842662835,0.013624653656350572,-0.013624653656350572,0.024696648120880127,-0.024696648120880127
98000496_2022-04-25,98000496,2022-04-25,65,F,98000024.0,0.4678571428571429,0.02270000000000011,0.02270000000000011,0.0391177254041743,0.0391177254041743,-0.03878006121556621,0.03878006121556621,0.0,0.0,-2.0,2.0,0.0,0.0,0.5014737210419148,2.0,0.017205203457178908,0.017205203457178908,0.023383238264825024,0.023383238264825024,0.015202343463897705,0.015202343463897705
98000497_2022-04-25,98000497,2022-04-25,21,F,98000024.0,0.4133181818181819,-0.0006666666666667043,0.0006666666666667043,0.019345238149559407,0.019345238149559407,0.005449155243863718,0.005449155243863718,0.0,0.0,0.0,0.0,0.0,0.0,-0.5933201473832588,0.0,0.006462669783094344,0.006462669783094344,0.0020797956939577755,-0.0020797956939577755,0.005959898233413696,0.005959898233413696
98000500_2022-04-25,98000500,2022-04-25,59,F,98000024.0,0.5771428571428571,0.03100000000000014,0.03100000000000014,0.044357017306694,0.044357017306694,0.0792068855594513,0.0792068855594513,0.0,0.0,0.0,0.0,0.0,0.0,0.10932540374770923,0.0,0.017437113434555784,0.017437113434555784,0.004590781697747737,0.004590781697747737,0.023045480251312256,0.011385693890707982
98000501_2022-04-25,98000501,2022-04-25,22,F,98000024.0,0.4561818181818181,0.018714285714285794,0.018714285714285794,0.03648344539353349,0.03648344539353349,0.07294963340771411,0.07294963340771411,0.0,0.0,0.0,0.0,0.0,0.0,-0.09076445285801726,0.0,0.021820655428519076,0.021820655428519076,0.03781773497834384,0.03674184519378543,0.03449013829231262,0.03449013829231262
98000503_2022-04-25,98000503,2022-04-25,32,F,98000024.0,0.5883181818181819,0.0353,0.0353,0.013735630008875399,0.013735630008875399,-0.028040264234036,0.028040264234036,0.0,0.0,-1.0,1.0,0.0,0.0,0.10958708097152108,1.0,0.03252405613003839,0.03252405613003839,0.07271364858970775,0.07271364858970775,0.03753054141998291,0.03753054141998291
98000505_2022-04-25,98000505,2022-04-25,24,M,98000024.0,0.4713181818181819,0.015105263157894844,0.015105263157894844,0.04052294744299728,0.04052294744299728,-0.20240352220520658,0.20240352220520658,0.0,0.0,0.0,0.0,0.0,0.0,0.2774852828650691,0.0,0.01712718362668586,0.01712718362668586,0.00848615026697197,-0.00848615026697197,0.030709683895111084,0.030709683895111084
98000506_2022-04-25,98000506,2022-04-25,59,F,98000024.0,0.7466363636363638,0.010200000000000098,0.010200000000000098,0.05652308503075021,0.05652308503075021,-0.00030198175526918725,0.00030198175526918725,0.0,0.0,0.0,0.0,0.0,0.0,-0.25292825757949716,0.0,0.00870430571117986,0.00870430571117986,0.004073396813353614,-0.004073396813353614,0.006689250469207764,0.006689250469207764
98000508_2022-04-25,98000508,2022-04-25,44,F,98000024.0,0.5282857142857141,-0.005095238095238264,0.005095238095238264,-0.003052175507015198,0.003052175507015198,0.042926681542875406,0.042926681542875406,0.0,0.0,-2.0,2.0,-1.0,1.0,0.7668325891745984,3.0,0.0015927281970982143,-0.0015927281970982143,0.013682689361172451,0.013682689361172451,0.009873628616333008,0.009873628616333008
98000509_2022-04-25,98000509,2022-04-25,36,F,98000006.0,0.6189545454545455,0.01144444444444448,0.01144444444444448,0.0628954436218451,0.0628954436218451,0.0769237025364712,0.0769237025364712,0.0,0.0,0.0,0.0,0.0,0.0,0.027585091904913473,0.0,0.005154889022208287,0.005154889022208287,0.027727029294224437,0.027727029294224437,0.007679581642150879,0.007679581642150879
98000511_2022-04-25,98000511,2022-04-25,50,M,98000010.0,0.5329545454545455,-0.01100000000000012,0.01100000000000012,0.02483662039689219,0.02483662039689219,-0.06972531320519793,0.06972531320519793,0.0,0.0,0.0,0.0,0.0,0.0,-0.260585756817707,0.0,0.006792183932829543,-0.006792183932829543,0.0035243175600429,-0.0035243175600429,0.008538544178009033,0.008538544178009033
98000512_2022-04-25,98000512,2022-04-25,60,M,98000010.0,0.7394285714285715,0.021666666666666723,0.021666666666666723,0.03739902678328372,0.03739902678328372,-0.0053487408351929056,0.0053487408351929056,0.0,0.0,0.0,0.0,-1.0,1.0,0.4336549400281286,1.0,0.016618950692735335,-0.016618950692735335,0.0036581974821214835,0.0036581974821214835,0.00886315107345581,0.00886315107345581
98000513_2022-04-25,98000513,2022-04-25,46,M,98000680.0,0.6415714285714286,0.018000000000000016,0.018000000000000016,0.03709437746821681,0.03709437746821681,0.09669671916501452,0.09669671916501452,0.0,0.0,0.0,0.0,0.0,0.0,-0.024652104360120764,0.0,0.00801971879183927,0.00801971879183927,0.003851427075024949,-0.003851427075024949,0.001451253890991211,-0.001451253890991211
98000514_2022-04-25,98000514,2022-04-25,44,M,98000009.0,0.5848095238095239,-0.01419999999999999,0.01419999999999999,-0.025113688492110597,0.025113688492110597,0.12266605588639459,0.12266605588639459,0.0,0.0,0.0,0.0,0.0,0.0,-0.07094263189755404,0.0,0.011801466937894078,-0.011801466937894078,0.037438360229817724,-0.037438360229817724,0.005527973175048828,0.005527973175048828
98000515_2022-04-25,98000515,2022-04-25,49,M,98000011.0,0.9773181818181818,-0.04104761904761911,0.04104761904761911,-0.009540807978265398,0.009540807978265398,0.07065635957921623,0.07065635957921623,0.0,0.0,0.0,0.0,0.0,0.0,-0.051527824134137847,0.0,0.034030563047007356,0.034030563047007356,0.02471930225725505,0.02471930225725505,0.016789913177490234,0.016789913177490234
98000517_2022-04-25,98000517,2022-04-25,43,M,98000018.0,0.7948999999999999,0.036666666666666625,0.036666666666666625,0.044228539053315585,0.044228539053315585,-0.01535001593879498,0.01535001593879498,0.0,0.0,0.0,0.0,0.0,0.0,-0.019128507812059593,0.0,0.02739637535819106,-0.02739637535819106,0.0792430002429454,-0.0792430002429454,0.024273693561553955,-0.024273693561553955
98000518_2022-04-25,98000518,2022-04-25,44,F,98000022.0,0.7996818181818182,-0.008476190476190859,0.008476190476190859,-0.017862518754414025,0.017862518754414025,-0.3276646477526295,0.3276646477526295,0.0,0.0,0.0,0.0,0.0,0.0,0.4179641307652653,0.0,0.013253121421889946,-0.013253121421889946,0.04536555170483891,-0.04536555170483891,0.0359339714050293,-0.0359339714050293
98000519_2022-04-25,98000519,2022-04-25,63,M,98000001.0,0.6562272727272729,-0.028526315789473622,0.028526315789473622,-0.03578167946582439,0.03578167946582439,-0.1831628603519282,0.1831628603519282,0.0,0.0,-1.0,1.0,0.0,0.0,0.64412913927345,1.0,0.010248105324368928,0.010248105324368928,0.02213815768622518,-0.02213815768622518,0.02338230609893799,-0.02338230609893799
98000520_2022-04-25,98000520,2022-04-25,39,M,98000002.0,0.4504999999999999,0.012599999999999945,0.012599999999999945,0.0397316666152982,0.0397316666152982,-0.0540265689418231,0.0540265689418231,0.0,0.0,0.0,0.0,0.0,0.0,-0.18704690355568732,0.0,0.014940796692860192,0.014940796692860192,0.05893935053653898,0.05893935053653898,0.007963240146636963,0.007963240146636963
98000521_2022-04-25,98000521,2022-04-25,52,F,98000002.0,0.8994500000000001,-0.03133333333333321,0.03133333333333321,0.027680114106994724,0.027680114106994724,-0.05591743704175961,0.05591743704175961,0.0,0.0,0.0,0.0,0.0,0.0,-0.07023578469123411,0.0,0.026188361336404564,-0.026188361336404564,0.011087577548912875,-0.011087577548912875,0.03974592685699463,-0.03974592685699463
98000522_2022-04-25,98000522,2022-04-25,46,F,98000004.0,0.6207727272727273,0.013666666666666716,0.013666666666666716,0.07116658728487091,0.07116658728487091,0.11040898948039513,0.11040898948039513,0.0,0.0,0.0,0.0,0.0,0.0,0.20544182266897584,0.0,0.009604310101340774,0.009604310101340774,0.027629369098297052,-0.027629369098297052,0.0026894807815551758,0.0026894807815551758
98000523_2022-04-25,98000523,2022-04-25,35,F,98000005.0,0.542,0.00666666666666671,0.00666666666666671,0.027264899726377023,0.027264899726377023,0.007885878227606002,0.007885878227606002,0.0,0.0,0.0,0.0,0.0,0.0,-0.469301606585852,0.0,0.006440894654904272,0.006440894654904272,0.021494633406083374,0.021494633406083374,0.00630497932434082,-0.00630497932434082
98000524_2022-04-25,98000524,2022-04-25,38,F,98000013.0,0.593,0.016857142857142682,0.016857142857142682,0.04528955795648182,0.04528955795648182,-0.06491361173095309,0.06491361173095309,0.0,0.0,0.0,0.0,0.0,0.0,-0.0727455654545077,0.0,0.009869930507297453,0.009869930507297453,0.057461175168418976,0.0012197344200658433,0.01653355360031128,0.01653355360031128
98000527_2022-04-25,98000527,2022-04-25,57,F,98000593.0,0.3656666666666667,0.019142857142857128,0.019142857142857128,0.040705656649538985,0.040705656649538985,0.005066624163212893,0.005066624163212893,0.0,0.0,0.0,0.0,0.0,0.0,-0.2553215889316003,0.0,0.023655633721088754,0.023655633721088754,0.035377088489034925,0.035377088489034925,0.024412691593170166,0.024412691593170166
98000529_2022-04-25,98000529,2022-04-25,56,F,98000004.0,0.28755,-0.009700000000000042,0.009700000000000042,-0.01748809581969535,0.01748809581969535,0.013175729975890615,0.013175729975890615,0.0,0.0,-1.0,1.0,-1.0,1.0,0.5111602356830207,2.0,0.006120448057845174,-0.006120448057845174,0.03690067577815659,0.03690067577815659,0.015315234661102295,0.015315234661102295
98000530_2022-04-25,98000530,2022-04-25,31,M,98000004.0,0.3721363636363636,-0.030333333333333212,0.030333333333333212,-0.02243845066163136,0.02243845066163136,0.08010392094357699,0.08010392094357699,0.0,0.0,0.0,0.0,0.0,0.0,-0.046180318981253715,0.0,0.023346439179342315,-0.023346439179342315,0.06634490302220053,-0.06634490302220053,0.008230417966842651,-0.008230417966842651
98000532_2022-04-25,98000532,2022-04-25,25,F,98000006.0,0.6998095238095238,-0.017095238095238385,0.017095238095238385,-0.020315562240882906,0.020315562240882906,0.05590022314312987,0.05590022314312987,0.0,0.0,-1.0,1.0,0.0,0.0,0.04735061758608458,1.0,0.019735985356834407,-0.019735985356834407,0.028807180800875742,-0.028807180800875742,0.027657747268676758,-0.027657747268676758
98000533_2022-04-25,98000533,2022-04-25,53,F,98000007.0,1.1195789473684212,0.03257894736842115,0.03257894736842115,0.05095620986395999,0.05095620986395999,0.0159279221301582,0.0159279221301582,0.0,0.0,0.0,0.0,0.0,0.0,-0.013456702456351435,0.0,0.02607820534506633,-0.02607820534506633,0.046251893912909625,0.046251893912909625,0.002310037612915039,-0.002310037612915039
98000535_2022-04-25,98000535,2022-04-25,18,M,98000010.0,0.5721904761904761,0.04147619047619033,0.04147619047619033,0.06923500021779339,0.06923500021779339,-0.042944851769206316,0.042944851769206316,0.0,0.0,0.0,0.0,0.0,0.0,0.2838368890709604,0.0,0.02666413801424139,0.02666413801424139,0.10942698798131012,0.10942698798131012,0.09966051578521729,0.09966051578521729
98000536_2022-04-25,98000536,2022-04-25,29,F,98000015.0,0.3601428571428571,-0.03123809523809523,0.03123809523809523,-0.017803904549231003,0.017803904549231003,0.0226372330251835,0.0226372330251835,0.0,0.0,0.0,0.0,0.0,0.0,-0.23649089836360612,0.0,0.019004798796133537,-0.019004798796133537,0.02575129939600962,-0.02575129939600962,0.024923235177993774,-0.024923235177993774
98000537_2022-04-25,98000537,2022-04-25,51,F,98000021.0,0.590590909090909,0.012157894736842256,0.012157894736842256,0.07385975385446719,0.07385975385446719,0.062478705281089786,0.062478705281089786,0.0,0.0,-1.0,1.0,0.0,0.0,0.3846810743112241,1.0,0.0011089858995066981,-0.0011089858995066981,0.003260619920041452,-0.003260619920041452,0.00937575101852417,-0.00937575101852417
98000539_2022-04-25,98000539,2022-04-25,29,F,98000007.0,0.41875,0.012142857142857455,0.012142857142857455,0.001728887296337689,0.001728887296337689,-0.0790806503028369,0.0790806503028369,0.0,0.0,0.0,0.0,0.0,0.0,-0.3808267490021322,0.0,0.0026874153111327015,0.0026874153111327015,0.020806181557573855,0.020806181557573855,0.002244293689727783,0.002244293689727783
98000541_2022-04-25,98000541,2022-04-25,28,M,98000019.0,0.8905714285714285,0.011047619047619084,0.011047619047619084,0.0039682049874979475,0.0039682049874979475,-0.0188023589416641,0.0188023589416641,0.0,0.0,0.0,0.0,0.0,0.0,-0.5526820458805952,0.0,0.013122203802902965,-0.013122203802902965,0.1300705547760519,-0.1300705547760519,0.04635888338088989,-0.04635888338088989
98000543_2022-04-25,98000543,2022-04-25,41,F,98000003.0,0.5868636363636365,-0.00968421052631574,0.00968421052631574,0.004795059513443695,0.004795059513443695,0.12011812013068571,0.12011812013068571,0.0,0.0,0.0,0.0,0.0,0.0,-0.2654154354531101,0.0,0.011753080771992663,0.011753080771992663,0.0006776539163205753,0.0006776539163205753,0.0030117034912109375,0.0030117034912109375
98000544_2022-04-25,98000544,2022-04-25,42,M,98000005.0,0.9565,0.03670000000000029,0.03670000000000029,0.05980429207587601,0.05980429207587601,-0.0451924119241193,0.0451924119241193,0.0,0.0,0.0,0.0,0.0,0.0,0.1757682515232737,0.0,0.027031967117276623,-0.027031967117276623,0.005585205492259493,-0.005585205492259493,0.05467700958251953,0.05467700958251953
98000547_2022-04-25,98000547,2022-04-25,63,M,98000006.0,0.592952380952381,-0.020952380952381056,0.020952380952381056,-0.012204286178634338,0.012204286178634338,-0.036897035384125254,0.036897035384125254,0.0,0.0,0.0,0.0,0.0,0.0,-0.3402526408983246,0.0,0.009499702781258446,-0.009499702781258446,0.014321552150886374,-0.014321552150886374,0.008931338787078857,-0.008931338787078857
98000550_2022-04-25,98000550,2022-04-25,65,F,98000012.0,0.5917272727272727,0.0042631578947367466,0.0042631578947367466,0.014128277757324698,0.014128277757324698,-0.07483131787722369,0.07483131787722369,0.0,0.0,0.0,0.0,0.0,0.0,-0.38947431888112577,0.0,0.004154261159392991,0.004154261159392991,0.005946103294650729,0.005946103294650729,0.010650813579559326,0.010650813579559326
98000555_2022-04-25,98000555,2022-04-25,31,F,98000015.0,0.37725,0.00500000000000006,0.00500000000000006,0.006248021454756919,0.006248021454756919,-0.030524537173082705,0.030524537173082705,0.0,0.0,0.0,0.0,0.0,0.0,-0.5655079751322667,0.0,0.013181474056251863,0.013181474056251863,0.030348517499747873,0.030348517499747873,0.02017614245414734,0.02017614245414734
98000560_2022-04-25,98000560,2022-04-25,58,M,98000004.0,0.4544761904761903,0.019809523809523777,0.019809523809523777,0.0339890106845715,0.0339890106845715,0.0777800446286262,0.0777800446286262,0.0,0.0,-1.0,1.0,0.0,0.0,0.23370885822924348,1.0,0.013114868110785938,0.013114868110785938,0.006211531598388276,0.006211531598388276,0.009445726871490479,-0.009445726871490479
98000561_2022-04-25,98000561,2022-04-25,35,M,98000680.0,0.6251818181818182,-0.017550000000000177,0.017550000000000177,-0.017938847475879094,0.017938847475879094,0.04890602887064821,0.04890602887064821,0.0,0.0,0.0,0.0,0.0,0.0,-0.3009545566791814,0.0,0.014634871679064076,0.014634871679064076,0.029503174100567464,0.006848318361725725,0.02536255121231079,-0.02536255121231079
98000562_2022-04-25,98000562,2022-04-25,28,M,98000726.0,0.5990952380952381,-0.00828571428571423,0.00828571428571423,0.008556069150423118,0.008556069150423118,0.041660503665923,0.041660503665923,0.0,0.0,0.0,0.0,-1.0,1.0,0.20178836725103588,1.0,0.004977401754043709,-0.004977401754043709,0.000990939059915319,-0.000990939059915319,0.021370410919189453,-0.021370410919189453
98000563_2022-04-25,98000563,2022-04-25,60,M,98000003.0,0.3864761904761905,-0.04599999999999993,0.04599999999999993,-0.0841495477083084,0.0841495477083084,0.014680586547656693,0.014680586547656693,0.0,0.0,0.0,0.0,0.0,0.0,0.3511805754079165,0.0,0.04242515718615525,-0.04242515718615525,0.08124443826869165,-0.08124443826869165,0.11540424823760986,-0.11540424823760986
98000565_2022-04-25,98000565,2022-04-25,29,M,98000726.0,0.7924545454545456,-0.029400000000000093,0.029400000000000093,-0.008955265110996313,0.008955265110996313,0.011429380130200895,0.011429380130200895,0.0,0.0,0.0,0.0,0.0,0.0,-0.349322928569803,0.0,0.020481815286973737,0.020481815286973737,0.0112039210046736,0.0112039210046736,0.007577776908874512,0.007577776908874512
98000567_2022-04-25,98000567,2022-04-25,61,M,98000680.0,0.8565714285714288,0.0043999999999999595,0.0043999999999999595,0.09114473455659233,0.09114473455659233,0.1259288537549408,0.1259288537549408,0.0,0.0,0.0,0.0,0.0,0.0,0.2923819738858196,0.0,0.009683489026983017,-0.009683489026983017,0.00658234221994447,0.00658234221994447,0.000708162784576416,-0.000708162784576416
98000569_2022-04-25,98000569,2022-04-25,36,M,98000004.0,0.6434090909090909,-0.04360000000000008,0.04360000000000008,0.004409131609454997,0.004409131609454997,0.009050166473383001,0.009050166473383001,0.0,0.0,0.0,0.0,0.0,0.0,-0.2402496227711791,0.0,0.04757500831573158,-0.04757500831573158,0.0262218224832087,-0.0262218224832087,0.04671436548233032,-0.04671436548233032
98000570_2022-04-25,98000570,2022-04-25,57,F,98000005.0,0.8938,0.00550000000000006,0.00550000000000006,0.019036766438170427,0.019036766438170427,-0.05536698333277057,0.05536698333277057,0.0,0.0,0.0,0.0,0.0,0.0,-0.3995873776278506,0.0,0.004735215887210598,-0.004735215887210598,0.03006013173765376,0.03006013173765376,0.03239971399307251,-0.03239971399307251
98000571_2022-04-25,98000571,2022-04-25,31,F,98000011.0,0.7113809523809523,-0.03823809523809529,0.03823809523809529,-0.024173393200937587,0.024173393200937587,-0.1583296142811602,0.1583296142811602,0.0,0.0,0.0,0.0,0.0,0.0,0.27614959439117737,0.0,0.02787837886205624,-0.02787837886205624,0.03481763973575802,0.03481763973575802,0.004132628440856934,-0.004132628440856934
98000572_2022-04-25,98000572,2022-04-25,46,F,98000001.0,0.4857272727272727,-0.009666666666666601,0.009666666666666601,-0.018296533766678696,0.018296533766678696,-0.14199936244819839,0.14199936244819839,0.0,0.0,0.0,0.0,0.0,0.0,-0.10859252422962044,0.0,0.0018834112508662182,0.0018834112508662182,0.01146263417619664,0.01146263417619664,0.021788060665130615,-0.021788060665130615
98000574_2022-04-25,98000574,2022-04-25,60,F,98000011.0,0.5570454545454546,0.019238095238095276,0.019238095238095276,0.05163154299391279,0.05163154299391279,-0.021392094357666896,0.021392094357666896,0.0,0.0,0.0,0.0,-1.0,1.0,0.5534581432486357,1.0,0.018055320946371967,0.018055320946371967,0.0019270827265326362,-0.001140768081297261,0.003521561622619629,-0.003521561622619629
98000575_2022-04-25,98000575,2022-04-25,29,F,98000593.0,0.48505,-0.0163684210526317,0.0163684210526317,0.027336454355007617,0.027336454355007617,0.0324364118363544,0.0324364118363544,0.0,0.0,0.0,0.0,0.0,0.0,-0.2964590843105363,0.0,0.007869208969420338,-0.007869208969420338,0.015303962537028593,-0.015303962537028593,0.02307438850402832,-0.02307438850402832
98000582_2022-04-25,98000582,2022-04-25,61,F,98000010.0,0.4499047619047619,0.004190476190476078,0.004190476190476078,0.022330095495783492,0.022330095495783492,0.009560408033152501,0.009560408033152501,0.0,0.0,0.0,0.0,0.0,0.0,-0.5241566316808691,0.0,0.008314370500655754,0.008314370500655754,0.03462541336633268,-0.022256870637472115,0.0038659274578094482,-0.0038659274578094482
98000583_2022-04-25,98000583,2022-04-25,58,M,98000010.0,0.752,-0.006249999999999978,0.006249999999999978,0.032019465821799376,0.032019465821799376,0.18145136752425683,0.18145136752425683,0.0,0.0,-1.0,1.0,0.0,0.0,0.38197875769030754,1.0,0.019241470336280875,-0.019241470336280875,0.04811271586628951,0.016675596596033904,0.0465734601020813,0.0465734601020813
98000584_2022-04-25,98000584,2022-04-25,39,M,98000605.0,0.4834545454545454,0.0038000000000000256,0.0038000000000000256,0.022506441072376177,0.022506441072376177,-0.0835281787754824,0.0835281787754824,0.0,0.0,0.0,0.0,0.0,0.0,-0.31110100835572485,0.0,0.009384169060221992,0.009384169060221992,0.0189594756277619,-0.0189594756277619,0.010659575462341309,-0.010659575462341309
98000587_2022-04-25,98000587,2022-04-25,54,M,98000007.0,0.6244999999999999,0.012380952380952381,0.012380952380952381,0.045076616569808825,0.045076616569808825,-0.017731271915842783,0.017731271915842783,0.0,0.0,0.0,0.0,0.0,0.0,-0.2583844311795513,0.0,0.0078408912124176,0.0078408912124176,0.01583566823880922,0.01583566823880922,0.01526331901550293,0.01526331901550293
98000588_2022-04-25,98000588,2022-04-25,39,M,98000024.0,0.5970952380952381,-0.0751052631578949,0.0751052631578949,-0.06900873292838611,0.06900873292838611,-0.09989457831325319,0.09989457831325319,0.0,0.0,-1.0,1.0,0.0,0.0,1.1137413968806216,1.0,0.053580773915806734,-0.053580773915806734,0.03738049310673264,-0.03738049310673264,0.05188637971878052,-0.05188637971878052
98000589_2022-04-25,98000589,2022-04-25,62,M,98000012.0,0.7869545454545452,-0.024949999999999917,0.024949999999999917,0.05354537116907365,0.05354537116907365,-0.11903952569170007,0.11903952569170007,0.0,0.0,0.0,0.0,0.0,0.0,0.2261799322730944,0.0,0.019075164406968548,-0.019075164406968548,0.01509280382489031,0.01509280382489031,0.09108245372772217,0.08067197903719858
98000590_2022-04-25,98000590,2022-04-25,40,M,98000022.0,0.6357619047619048,0.015750000000000042,0.015750000000000042,0.05873978693792223,0.05873978693792223,0.014774978771582403,0.014774978771582403,0.0,0.0,-1.0,1.0,0.0,0.0,0.1784238914930593,1.0,0.011742893439990798,-0.011742893439990798,0.028473212178934282,-0.005488936368445052,0.022228360176086426,-0.022228360176086426
98000591_2022-04-25,98000591,2022-04-25,25,F,98000002.0,0.3159047619047619,0.0029000000000000137,0.0029000000000000137,0.03003492094912269,0.03003492094912269,-0.042084816434455385,0.042084816434455385,0.0,0.0,0.0,0.0,0.0,0.0,-0.38946877582266565,0.0,0.004717802661694415,-0.004717802661694415,0.04395523683988051,0.04395523683988051,0.060228824615478516,0.060228824615478516
98000592_2022-04-25,98000592,2022-04-25,62,F,98000012.0,0.6369545454545454,-0.02238095238095239,0.02238095238095239,-0.001339931937863248,0.001339931937863248,-0.082823716927,0.082823716927,0.0,0.0,0.0,0.0,0.0,0.0,-0.26632579954183333,0.0,0.018225054354148784,-0.018225054354148784,0.023821383639981653,-0.023821383639981653,0.015253901481628418,-0.015253901481628418
98000593_2022-04-25,98000593,2022-04-25,31,M,98000351.0,0.2978181818181818,0.016095238095238107,0.016095238095238107,0.01741447393036119,0.01741447393036119,-0.0405167357347784,0.0405167357347784,0.0,0.0,0.0,0.0,0.0,0.0,-0.34415668261088256,0.0,0.018694353455472768,0.018694353455472768,0.03108364667425828,0.03108364667425828,0.0311109721660614,0.0311109721660614
98000595_2022-04-25,98000595,2022-04-25,51,M,98000015.0,0.8279090909090908,-0.06305000000000027,0.06305000000000027,-0.048234038789996325,0.048234038789996325,-0.060057260650481704,0.060057260650481704,0.0,0.0,0.0,0.0,0.0,0.0,0.41281898900408653,0.0,0.05610002135084957,-0.05610002135084957,0.02603433750165418,0.02603433750165418,0.04619055986404419,-0.04619055986404419
98000597_2022-04-25,98000597,2022-04-25,29,M,98000018.0,0.5525999999999999,-0.04009523809523807,0.04009523809523807,-0.010916230069050903,0.010916230069050903,-0.14645489321007318,0.14645489321007318,0.0,0.0,0.0,0.0,0.0,0.0,0.16931120120035473,0.0,0.026390550095931387,-0.026390550095931387,0.002540506049313329,-0.002540506049313329,0.03284996747970581,-0.03284996747970581
98000599_2022-04-25,98000599,2022-04-25,33,F,98000011.0,0.6753636363636364,-0.02400000000000002,0.02400000000000002,0.02207190185625421,0.02207190185625421,-0.0616343640420783,0.0616343640420783,0.0,0.0,-1.0,1.0,0.0,0.0,0.14786623384484496,1.0,0.011836277856172917,0.011836277856172917,0.009053722290564892,-0.009053722290564892,0.019098997116088867,0.019098997116088867
98000600_2022-04-25,98000600,2022-04-25,30,F,98000002.0,0.4968095238095238,0.01063157894736827,0.01063157894736827,0.024599444946822507,0.024599444946822507,0.022726618705035798,0.022726618705035798,0.0,0.0,0.0,0.0,0.0,0.0,-0.40322206715024933,0.0,0.01300398469139663,-0.01300398469139663,0.015152074589419251,-0.015152074589419251,0.006896346807479858,0.006896346807479858
98000602_2022-04-25,98000602,2022-04-25,39,F,98000680.0,0.3617727272727272,0.02800000000000008,0.02800000000000008,0.023421857161345205,0.023421857161345205,0.04923529411764718,0.04923529411764718,0.0,0.0,-1.0,1.0,0.0,0.0,0.1625045656365669,1.0,0.028197192258187564,0.028197192258187564,0.006034782881576328,0.006034782881576328,0.027005940675735474,0.027005940675735474
98000603_2022-04-25,98000603,2022-04-25,51,F,98000002.0,0.891,-0.0408571428571427,0.0408571428571427,0.063069241077435,0.063069241077435,0.092909148868346,0.092909148868346,0.0,0.0,0.0,0.0,0.0,0.0,0.38070974887486836,0.0,0.03832851885711086,0.03832851885711086,0.05734762202218491,0.05734762202218491,0.04258453845977783,0.04258453845977783
98000604_2022-04-25,98000604,2022-04-25,22,F,98000017.0,0.5296190476190475,-0.008999999999999897,0.008999999999999897,0.013068273172754774,0.013068273172754774,-0.013375199234938018,0.013375199234938018,0.0,0.0,0.0,0.0,0.0,0.0,-0.5269976692456698,0.0,0.010895808736704593,-0.010895808736704593,0.022038220724164836,-0.022038220724164836,0.03209638595581055,0.03209638595581055
98000605_2022-04-25,98000605,2022-04-25,33,F,98000443.0,0.5802272727272727,0.03579999999999994,0.03579999999999994,0.002318416731381806,0.002318416731381806,-0.0005205591190538122,0.0005205591190538122,0.0,0.0,0.0,0.0,0.0,0.0,-0.3605226227926391,0.0,0.030074278879762883,0.030074278879762883,0.0444142084177358,0.0444142084177358,0.025156080722808838,0.025156080722808838
98000606_2022-04-25,98000606,2022-04-25,20,M,98000593.0,0.4572380952380953,-0.018722222222222085,0.018722222222222085,0.02584564438043732,0.02584564438043732,-0.13140105078809108,0.13140105078809108,0.0,0.0,0.0,0.0,0.0,0.0,0.0065370666278376415,0.0,0.0083727039878434,-0.0083727039878434,0.00019365943333671254,-0.00019365943333671254,0.004834949970245361,-0.004834949970245361
98000608_2022-04-25,98000608,2022-04-25,34,M,98000005.0,0.4829999999999999,0.013380952380952327,0.013380952380952327,0.03941656406398908,0.03941656406398908,-0.007529167994899305,0.007529167994899305,0.0,0.0,0.0,0.0,0.0,0.0,-0.31682853425733487,0.0,0.004153904275510434,0.004153904275510434,0.0580152518239605,0.0580152518239605,0.03397732973098755,0.03397732973098755
98000610_2022-04-25,98000610,2022-04-25,40,F,98000022.0,0.9845714285714288,-0.015263157894736645,0.015263157894736645,-0.00019334970463999457,0.00019334970463999457,-0.14076800606520087,0.14076800606520087,0.0,0.0,0.0,0.0,0.0,0.0,-0.17898604306871116,0.0,0.004695307629885903,0.004695307629885903,0.021070304071908574,-0.021070304071908574,0.012020409107208252,-0.012020409107208252
98000613_2022-04-25,98000613,2022-04-25,53,M,98000005.0,0.9505909090909088,0.01061904761904775,0.01061904761904775,0.033650218695818634,0.033650218695818634,0.10748167038571887,0.10748167038571887,0.0,0.0,-2.0,2.0,0.0,0.0,0.538891738412267,2.0,0.003202868980295648,0.003202868980295648,0.008309086698972346,-0.008309086698972346,0.001996457576751709,-0.0007838595563720574
98000614_2022-04-25,98000614,2022-04-25,57,F,98000012.0,0.9171363636363634,-0.0205238095238095,0.0205238095238095,0.059161330157885106,0.059161330157885106,-0.06318839655722021,0.06318839655722021,0.0,0.0,0.0,0.0,0.0,0.0,0.05596870510762091,0.0,0.020831091014953396,0.020831091014953396,0.07214318820324706,0.07214318820324706,0.05521595478057861,0.05521595478057861
98000615_2022-04-25,98000615,2022-04-25,58,F,98000003.0,0.5451363636363638,0.007809523809523933,0.007809523809523933,0.007782046236999907,0.007782046236999907,0.011747529486770714,0.011747529486770714,0.0,0.0,0.0,0.0,0.0,0.0,-0.5805710239065497,0.0,0.011924372596683941,-0.011924372596683941,0.00011222523176623866,-0.00011222523176623866,0.006530553102493286,0.006530553102493286
98000619_2022-04-25,98000619,2022-04-25,65,F,98000593.0,0.5152380952380952,-0.03280952380952373,0.03280952380952373,-0.0017641226104598007,0.0017641226104598007,-0.1303771118903409,0.1303771118903409,0.0,0.0,0.0,0.0,0.0,0.0,-0.016368047094974147,0.0,0.019128256927395282,-0.019128256927395282,0.02855944286477674,-0.02855944286477674,0.03806483745574951,-0.03806483745574951
98000620_2022-04-25,98000620,2022-04-25,49,F,98000005.0,0.8486666666666668,0.04357142857142848,0.04357142857142848,0.053713703081793907,0.053713703081793907,0.1557456168313678,0.1557456168313678,0.0,0.0,-1.0,1.0,0.0,0.0,0.8439595568998449,1.0,0.031695988953975296,0.031695988953975296,0.005357285629864927,0.005357285629864927,0.0017820000648498535,-0.0017820000648498535
98000621_2022-04-25,98000621,2022-04-25,39,F,98000012.0,0.636095238095238,-0.000600000000000156,0.000600000000000156,-0.009468174592072803,0.009468174592072803,-0.033776793800945615,0.033776793800945615,0.0,0.0,0.0,0.0,0.0,0.0,-0.5794680977698371,0.0,0.004217473701786045,-0.004217473701786045,0.053715962327418265,-0.03603308079604706,0.0035986900329589844,-0.0035986900329589844
98000622_2022-04-25,98000622,2022-04-25,19,F,98000003.0,0.4604736842105263,-0.005476190476190468,0.005476190476190468,0.03897913304725201,0.03897913304725201,0.0024577621931779065,0.0024577621931779065,0.0,0.0,0.0,0.0,0.0,0.0,-0.4166901481827187,0.0,0.003517728162178546,0.003517728162178546,0.03140608274038542,0.03140608274038542,0.02714020013809204,0.02714020013809204
98000624_2022-04-25,98000624,2022-04-25,29,F,98000022.0,0.5057,-0.004450000000000065,0.004450000000000065,0.028238185441598007,0.028238185441598007,0.06959051417177069,0.06959051417177069,0.0,0.0,0.0,0.0,0.0,0.0,-0.3054947297456983,0.0,0.009116989244428608,-0.009116989244428608,0.034710822576599965,-0.034710822576599965,0.02897411584854126,-0.02897411584854126
98000625_2022-04-25,98000625,2022-04-25,59,F,98000006.0,0.71415,-0.011210526315789338,0.011210526315789338,0.006268570493129788,0.006268570493129788,-0.10533546734955221,0.10533546734955221,0.0,0.0,0.0,0.0,0.0,0.0,-0.28255566407122923,0.0,0.004542166849315188,0.004542166849315188,0.010051067625921561,-0.010051067625921561,0.020802021026611328,0.020802021026611328
98000626_2022-04-25,98000626,2022-04-25,24,M,98000005.0,0.3671904761904762,-0.03321052631578941,0.03321052631578941,-0.03477970231268512,0.03477970231268512,0.0668654212387772,0.0668654212387772,0.0,0.0,0.0,0.0,0.0,0.0,0.030177757887361517,0.0,0.01946256718476913,0.01946256718476913,0.014099763969366297,0.014099763969366297,0.009941935539245605,0.009941935539245605
98000627_2022-04-25,98000627,2022-04-25,30,F,98000011.0,0.3869090909090909,0.002761904761904743,0.002761904761904743,0.006461424213594802,0.006461424213594802,0.015146318138348599,0.015146318138348599,0.0,0.0,-2.0,2.0,0.0,0.0,0.0002809936769986772,2.0,0.0012991707243424355,0.0012991707243424355,0.03650297595531565,-0.03650297595531565,0.0130118727684021,0.0130118727684021
98000628_2022-04-25,98000628,2022-04-25,62,F,98000019.0,0.5589545454545455,-0.001000000000000112,0.001000000000000112,0.007075583544367325,0.007075583544367325,0.1517185124763637,0.1517185124763637,0.0,0.0,0.0,0.0,0.0,0.0,-0.24758204839503595,0.0,0.008806082252625247,-0.008806082252625247,0.045688045738132566,0.045688045738132566,0.009087979793548584,0.009087979793548584
98000629_2022-04-25,98000629,2022-04-25,29,F,98000013.0,0.7165909090909092,-0.03926315789473678,0.03926315789473678,0.010770590427206572,0.010770590427206572,-0.001481447549243592,0.001481447549243592,0.0,0.0,0.0,0.0,0.0,0.0,-0.26346749896943256,0.0,0.02987270581242485,0.02987270581242485,0.03572936705586971,0.03572936705586971,0.021615266799926758,0.021615266799926758
98000630_2022-04-25,98000630,2022-04-25,51,F,98000002.0,0.91215,0.004142857142856782,0.004142857142856782,0.0591642611358435,0.0591642611358435,0.1799282754223778,0.1799282754223778,0.0,0.0,0.0,0.0,0.0,0.0,0.2267061932213649,0.0,0.0010012218384399807,0.0010012218384399807,0.06674031865202579,0.06674031865202579,0.007386267185211182,0.007386267185211182
98000631_2022-04-25,98000631,2022-04-25,48,F,98000605.0,0.6632272727272728,0.03490476190476188,0.03490476190476188,0.07301470253219008,0.07301470253219008,0.09345521198597409,0.09345521198597409,0.0,0.0,0.0,0.0,0.0,0.0,0.38913351423202425,0.0,0.021250810451033386,0.021250810451033386,0.004153475654405603,-0.004153475654405603,0.022155582904815674,0.022155582904815674
98000634_2022-04-25,98000634,2022-04-25,63,F,98000005.0,0.6783636363636363,-0.0038999999999999035,0.0038999999999999035,-0.01915629900735999,0.01915629900735999,0.0219716046075544,0.0219716046075544,0.0,0.0,-1.0,1.0,0.0,0.0,-0.19662568709105158,1.0,0.00228913729308422,-0.00228913729308422,0.02059516182437493,-0.02059516182437493,0.015100657939910889,0.015100657939910889
98000635_2022-04-25,98000635,2022-04-25,54,M,98000010.0,0.5857142857142859,0.037285714285714255,0.037285714285714255,0.02788353182691239,0.02788353182691239,0.0007545425565830821,0.0007545425565830821,0.0,0.0,0.0,0.0,0.0,0.0,-0.16805940160259084,0.0,0.03102223081563238,0.03102223081563238,0.05389091561462789,0.05389091561462789,0.022405266761779785,0.022405266761779785
98000637_2022-04-25,98000637,2022-04-25,50,M,98000006.0,0.5563636363636364,0.006761904761904747,0.006761904761904747,0.041288394456081595,0.041288394456081595,0.031072043353522205,0.031072043353522205,0.0,0.0,0.0,0.0,0.0,0.0,-0.3038982933385687,0.0,0.008918822580948449,-0.008918822580948449,0.031615783876641435,-0.031615783876641435,0.01683032512664795,-0.01683032512664795
98000639_2022-04-25,98000639,2022-04-25,57,F,98000018.0,0.6730909090909092,0.02842857142857147,0.02842857142857147,0.030442951311895533,0.030442951311895533,0.015822441823398495,0.015822441823398495,0.0,0.0,0.0,0.0,0.0,0.0,-0.19835073672848555,0.0,0.020693774449931257,-0.020693774449931257,0.006723713941101939,-0.006723713941101939,0.04182988405227661,-0.035418637925928476
98000640_2022-04-25,98000640,2022-04-25,47,F,98000010.0,0.6344761904761904,-0.025105263157894853,0.025105263157894853,0.032543508596340504,0.032543508596340504,0.01685320705983681,0.01685320705983681,0.0,0.0,0.0,0.0,0.0,0.0,-0.21534352431173479,0.0,0.019386938395977826,-0.019386938395977826,0.008564237638810313,0.008564237638810313,0.03952842950820923,-0.03952842950820923
98000642_2022-04-25,98000642,2022-04-25,62,M,98000022.0,0.5496363636363636,-0.022619047619047594,0.022619047619047594,-0.024698090279455714,0.024698090279455714,-0.03737233025183291,0.03737233025183291,0.0,0.0,0.0,0.0,0.0,0.0,-0.235379164397974,0.0,0.008641388663134686,0.008641388663134686,0.016432607552359313,0.016432607552359313,0.014228105545043945,-0.014228105545043945
98000645_2022-04-25,98000645,2022-04-25,61,F,98000011.0,0.544090909090909,0.00038095238095259276,0.00038095238095259276,0.015526935735412278,0.015526935735412278,0.0716978004462864,0.0716978004462864,0.0,0.0,-2.0,2.0,0.0,0.0,0.20316616152532732,2.0,0.004924934001785619,0.004924934001785619,0.016345936373763803,0.016345936373763803,0.0067615509033203125,0.0067615509033203125
98000646_2022-04-25,98000646,2022-04-25,55,M,98000680.0,1.1399523809523808,-0.0766,0.0766,-0.01014387765267638,0.01014387765267638,0.0012205095942122018,0.0012205095942122018,0.0,0.0,0.0,0.0,0.0,0.0,0.11895919796703906,0.0,0.06013623609950003,0.06013623609950003,0.09842947486546438,0.09842947486546438,0.06572556495666504,0.06572556495666504
98000647_2022-04-25,98000647,2022-04-25,47,M,98000021.0,0.5536,-0.009571428571428453,0.009571428571428453,0.020746447583610717,0.020746447583610717,-0.1865125916480712,0.1865125916480712,0.0,0.0,0.0,0.0,0.0,0.0,0.03724168778853925,0.0,0.0015110899002174216,-0.0015110899002174216,0.1301261295489714,0.12312090686698351,0.020528137683868408,0.020528137683868408
98000648_2022-04-25,98000648,2022-04-25,49,F,98000024.0,0.934095238095238,-0.10577777777777764,0.10577777777777764,-0.02151161902249521,0.02151161902249521,-0.24345531379248392,0.24345531379248392,0.0,0.0,-1.0,1.0,0.0,0.0,1.5234422909462955,1.0,0.08268231892511413,0.01718580208665521,0.020215724027715654,0.020215724027715654,0.029482364654541016,-0.018905809629531367
98000649_2022-04-25,98000649,2022-04-25,29,M,98000004.0,0.6537727272727273,0.04366666666666663,0.04366666666666663,0.049286408996462805,0.049286408996462805,0.0211204972904045,0.0211204972904045,0.0,0.0,0.0,0.0,0.0,0.0,0.1052571640312326,0.0,0.03690432446971048,0.03690432446971048,0.013562690375786612,0.013562690375786612,0.04398989677429199,0.04398989677429199
98000650_2022-04-25,98000650,2022-04-25,35,M,98000006.0,0.7255,-0.012249999999999983,0.012249999999999983,0.04308048028881492,0.04308048028881492,0.11746505505913718,0.11746505505913718,0.0,0.0,-2.0,2.0,0.0,0.0,0.6500122916726886,2.0,0.011491239734396363,0.011491239734396363,0.04530882841330497,0.04530882841330497,0.012995481491088867,0.0027664651870726864
98000652_2022-04-25,98000652,2022-04-25,65,F,98000006.0,0.4167272727272728,0.01275000000000015,0.01275000000000015,0.0071689984302135135,0.0071689984302135135,0.0625778588389139,0.0625778588389139,0.0,0.0,0.0,0.0,0.0,0.0,-0.38516400812934354,0.0,0.009163576827531328,0.009163576827531328,0.06121400545171657,0.06121400545171657,0.01657181978225708,0.01657181978225708
98000655_2022-04-25,98000655,2022-04-25,27,M,98000006.0,0.5057142857142858,0.006950000000000012,0.006950000000000012,0.0624989110613316,0.0624989110613316,-0.09334812286689419,0.09334812286689419,0.0,0.0,0.0,0.0,0.0,0.0,0.026141085925741925,0.0,0.004782150625412873,0.004782150625412873,0.042798337485958515,-0.042798337485958515,0.01532214879989624,0.01532214879989624
98000656_2022-04-25,98000656,2022-04-25,44,M,98000012.0,0.8690952380952381,-0.01995238095238072,0.01995238095238072,0.02109156793781719,0.02109156793781719,0.003529805546701126,0.003529805546701126,0.0,0.0,0.0,0.0,0.0,0.0,-0.38671259347089487,0.0,0.03014517867933164,-0.03014517867933164,0.06315559632006795,-0.06315559632006795,0.06775236129760742,-0.06775236129760742
98000659_2022-04-25,98000659,2022-04-25,29,F,98000012.0,0.4780454545454546,0.013947368421052708,0.013947368421052708,0.03684524119847102,0.03684524119847102,-0.1240355791067372,0.1240355791067372,0.0,0.0,-1.0,1.0,0.0,0.0,0.32757766226018686,1.0,0.008924933485860875,0.008924933485860875,0.014794129725816174,0.014794129725816174,0.009932875633239746,0.009932875633239746
98000660_2022-04-25,98000660,2022-04-25,64,M,98000009.0,0.4282380952380953,0.017857142857142905,0.017857142857142905,0.035245685114822484,0.035245685114822484,0.07833758367867409,0.07833758367867409,0.0,0.0,-1.0,1.0,0.0,0.0,0.22374192826047787,1.0,0.016735230836119164,0.016735230836119164,0.025443389628402313,0.025443389628402313,0.022654801607131958,0.022654801607131958
98000661_2022-04-25,98000661,2022-04-25,20,F,98000019.0,0.7271818181818183,0.016285714285714237,0.016285714285714237,-0.0045492918844584895,0.0045492918844584895,0.2065036659228558,0.2065036659228558,0.0,0.0,0.0,0.0,-1.0,1.0,0.738310423814638,1.0,0.006548317878639742,0.006548317878639742,0.011263481544198206,-0.011263481544198206,0.043671250343322754,-0.043671250343322754
98000663_2022-04-25,98000663,2022-04-25,21,M,98000593.0,0.7,0.012850000000000028,0.012850000000000028,0.05218316359591091,0.05218316359591091,-0.06603071672354999,0.06603071672354999,0.0,0.0,0.0,0.0,0.0,0.0,-0.0635190011699571,0.0,0.004993759140251797,0.004993759140251797,0.026902454396404818,0.026902454396404818,0.01664644479751587,0.01664644479751587
98000666_2022-04-25,98000666,2022-04-25,31,M,98000674.0,0.4615454545454545,-0.029761904761904656,0.029761904761904656,-0.019025218463162186,0.019025218463162186,0.11778227605993011,0.11778227605993011,0.0,0.0,-1.0,1.0,0.0,0.0,0.3505308908044498,1.0,0.023389674772405278,-0.023389674772405278,0.008397730165240369,-0.008397730165240369,0.03966790437698364,-0.03966790437698364
98000667_2022-04-25,98000667,2022-04-25,63,M,98000017.0,0.6320952380952382,-0.00814285714285734,0.00814285714285734,0.0346971793290792,0.0346971793290792,-0.0270372967803634,0.0270372967803634,0.0,0.0,0.0,0.0,0.0,0.0,-0.3468113342835882,0.0,0.00785235101743531,0.00785235101743531,0.011627803578918128,0.0003376340547400769,0.008468210697174072,0.008468210697174072
98000669_2022-04-25,98000669,2022-04-25,50,F,98000674.0,0.760047619047619,-0.028200000000000003,0.028200000000000003,0.0030839296335977706,0.0030839296335977706,-0.04707443946188361,0.04707443946188361,0.0,0.0,0.0,0.0,0.0,0.0,-0.2982425393973332,0.0,0.025518985311831832,-0.003190213208952297,0.07803477774746115,-0.044322659429191336,0.006464123725891113,0.006464123725891113
98000670_2022-04-25,98000670,2022-04-25,62,F,98000674.0,0.6981904761904761,-0.0418421052631579,0.0418421052631579,0.05090878695089179,0.05090878695089179,-0.008255281242046386,0.008255281242046386,0.0,0.0,0.0,0.0,0.0,0.0,0.05996227777427315,0.0,0.041242222641095116,-0.041242222641095116,0.09407211060733345,-0.09407211060733345,0.06285953521728516,-0.06285953521728516
98000671_2022-04-25,98000671,2022-04-25,30,M,98000017.0,0.8262500000000002,-0.03521052631578947,0.03521052631578947,0.06325125109552149,0.06325125109552149,-0.015407043219757527,0.015407043219757527,0.0,0.0,0.0,0.0,0.0,0.0,0.09715268586966463,0.0,0.03310310720363274,-0.020585845921923696,0.06325788287766676,-0.06325788287766676,0.07978665828704834,-0.07978665828704834
98000672_2022-04-25,98000672,2022-04-25,52,F,98000674.0,0.5792272727272727,-0.04219047619047622,0.04219047619047622,-0.03656854367226081,0.03656854367226081,0.08633535224736999,0.08633535224736999,0.0,0.0,-1.0,1.0,0.0,0.0,0.5087617790069895,1.0,0.03177386814868344,-0.03177386814868344,0.07310724742877084,-0.03242646948448824,0.05450844764709473,0.0038207850022748957
98000673_2022-04-25,98000673,2022-04-25,31,F,98000024.0,0.5791999999999999,0.00011111111111117289,0.00011111111111117289,0.015676944029469703,0.015676944029469703,-0.11106060606060592,0.11106060606060592,0.0,0.0,0.0,0.0,0.0,0.0,-0.3161407218671391,0.0,0.009596393518668922,0.009596393518668922,0.05833248804778901,-0.05833248804778901,0.008868157863616943,-0.008868157863616943
98000674_2022-04-25,98000674,2022-04-25,44,F,98000351.0,0.7984285714285714,-0.006842105263157761,0.006842105263157761,0.0427180442613298,0.0427180442613298,-0.008367935409457683,0.008367935409457683,0.0,0.0,0.0,0.0,0.0,0.0,-0.3594706112643966,0.0,0.010240121476877695,-0.010240121476877695,0.07250327213994734,0.07250327213994734,0.033255577087402344,0.033255577087402344
98000675_2022-04-25,98000675,2022-04-25,27,M,98000009.0,0.6670499999999999,0.0018999999999999018,0.0018999999999999018,0.008581161125972514,0.008581161125972514,-0.0589742899448108,0.0589742899448108,0.0,0.0,-2.0,2.0,0.0,0.0,0.13388032719297197,2.0,0.003420780566624426,-0.003420780566624426,0.0121665695889705,-0.0121665695889705,0.019017815589904785,-0.019017815589904785
98000676_2022-04-25,98000676,2022-04-25,35,F,98000001.0,0.8702727272727273,-0.012142857142857011,0.012142857142857011,0.0475639275841408,0.0475639275841408,0.0604839018170228,0.0604839018170228,0.0,0.0,0.0,0.0,0.0,0.0,-0.11891363133251835,0.0,0.009933015671490963,0.009933015671490963,0.021521798725845476,0.021521798725845476,0.013954520225524902,0.013954520225524902
98000677_2022-04-25,98000677,2022-04-25,60,M,98000605.0,0.6262727272727273,0.02138095238095228,0.02138095238095228,0.05216502882739371,0.05216502882739371,0.20129263627669772,0.20129263627669772,0.0,0.0,-1.0,1.0,0.0,0.0,0.7359048670287794,1.0,0.016786495053986217,0.016786495053986217,0.04949223892987353,0.04949223892987353,0.01919025182723999,0.01919025182723999
98000679_2022-04-25,98000679,2022-04-25,27,F,98000015.0,0.3107727272727273,0.008449999999999902,0.008449999999999902,0.015554577354620236,0.015554577354620236,-0.0328287791088974,0.0328287791088974,0.0,0.0,-1.0,1.0,0.0,0.0,-0.1425593981698192,1.0,0.012567085449403825,0.012567085449403825,0.01799434455665183,-0.01799434455665183,0.01041904091835022,-0.01041904091835022
98000680_2022-04-25,98000680,2022-04-25,59,M,98000216.0,0.4631363636363635,-0.004649999999999932,0.004649999999999932,0.0013870968878744172,0.0013870968878744172,-0.03185714285714242,0.03185714285714242,0.0,0.0,0.0,0.0,0.0,0.0,-0.5987840178997658,0.0,0.003888829369764868,-0.003888829369764868,0.011076067318721572,-0.011076067318721572,0.0572437047958374,-0.0572437047958374
98000682_2022-04-25,98000682,2022-04-25,33,F,98000674.0,0.3879999999999999,0.011800000000000033,0.011800000000000033,0.011078191624834588,0.011078191624834588,0.05613438735177878,0.05613438735177878,0.0,0.0,0.0,0.0,0.0,0.0,-0.3868631295792078,0.0,0.01288590038392401,0.01288590038392401,0.02567378137226639,-0.02567378137226639,0.0220797061920166,-0.0220797061920166
98000683_2022-04-25,98000683,2022-04-25,28,M,98000002.0,0.6275000000000001,0.01760000000000006,0.01760000000000006,0.032255854977219944,0.032255854977219944,-0.029510204081632685,0.029510204081632685,0.0,0.0,0.0,0.0,0.0,0.0,-0.25828120358580287,0.0,0.010310105752500576,0.010310105752500576,0.009850210407105875,-0.009850210407105875,0.006103456020355225,-0.006103456020355225
98000684_2022-04-25,98000684,2022-04-25,43,M,98000010.0,0.799090909090909,-0.025666666666666837,0.025666666666666837,0.06671086865550802,0.06671086865550802,0.11813420465412855,0.11813420465412855,0.0,0.0,0.0,0.0,0.0,0.0,0.3217975668352839,0.0,0.023027267034144483,-0.005981585025336189,0.09126932984954228,0.02861566730160303,0.0312383770942688,-0.020608271902258002
98000685_2022-04-25,98000685,2022-04-25,26,M,98000726.0,0.3748095238095237,-0.0018421052631579227,0.0018421052631579227,-0.0047026822425081105,0.0047026822425081105,-0.01218612978661221,0.01218612978661221,0.0,0.0,0.0,0.0,0.0,0.0,-0.6624684418610599,0.0,0.002948668952877931,0.002948668952877931,0.035472317550522936,0.035472317550522936,0.008745700120925903,0.008745700120925903
98000686_2022-04-25,98000686,2022-04-25,39,F,98000015.0,0.6054545454545454,-0.033952380952380956,0.033952380952380956,-0.00901009558442431,0.00901009558442431,-0.009805227924768595,0.009805227924768595,0.0,0.0,0.0,0.0,0.0,0.0,-0.3064368822870747,0.0,0.030714743405412914,-0.02317463591128388,0.06684667823740498,-0.007106900258663562,0.04747563600540161,-0.001366592970761582
98000688_2022-04-25,98000688,2022-04-25,43,F,98000680.0,1.0055454545454547,-0.0014500000000001734,0.0014500000000001734,0.043669145184159874,0.043669145184159874,0.02760192395785671,0.02760192395785671,0.0,0.0,0.0,0.0,-1.0,1.0,0.3320354213847186,1.0,0.012660160614069382,0.012660160614069382,0.11640710046158131,0.11640710046158131,0.0811275839805603,0.0811275839805603
98000689_2022-04-25,98000689,2022-04-25,19,F,98000022.0,0.3414090909090909,0.013052631578947371,0.013052631578947371,0.02048524710447619,0.02048524710447619,0.06276526946107819,0.06276526946107819,0.0,0.0,0.0,0.0,0.0,0.0,-0.2896142217438626,0.0,0.011934488111715547,0.011934488111715547,0.03277572863681216,-0.03277572863681216,0.014725804328918457,0.014725804328918457
98000690_2022-04-25,98000690,2022-04-25,35,F,98000019.0,0.7011363636363636,-0.005238095238095153,0.005238095238095153,-0.0288207340262501,0.0288207340262501,0.019102645839974397,0.019102645839974397,0.0,0.0,0.0,0.0,0.0,0.0,-0.44065688834123345,0.0,0.00247189838012174,-0.00247189838012174,0.031303186640078695,-0.031303186640078695,0.009759008884429932,0.009759008884429932
98000693_2022-04-25,98000693,2022-04-25,21,F,98000007.0,0.3363809523809524,0.011263157894736808,0.011263157894736808,0.005949885869023591,0.005949885869023591,0.07380071456927378,0.07380071456927378,0.0,0.0,0.0,0.0,0.0,0.0,-0.3762492066934025,0.0,0.0006221634890186678,-0.0006221634890186678,0.037755228354341086,0.037755228354341086,0.04316818714141846,0.04316818714141846
98000694_2022-04-25,98000694,2022-04-25,35,M,98000007.0,0.4222631578947368,-0.003210526315789497,0.003210526315789497,-0.003270620654746925,0.003270620654746925,0.03539262062440848,0.03539262062440848,0.0,0.0,0.0,0.0,0.0,0.0,-0.590411487344923,0.0,0.003993877662595513,-0.003993877662595513,0.03204021920727246,-0.03204021920727246,0.012134134769439697,-0.012134134769439697
98000695_2022-04-25,98000695,2022-04-25,31,F,98000017.0,0.6726666666666666,0.011399999999999966,0.011399999999999966,0.04494609235449032,0.04494609235449032,-0.2355714285714285,0.2355714285714285,0.0,0.0,0.0,0.0,0.0,0.0,0.3663501426852256,0.0,0.015690537841617447,-0.015690537841617447,0.029078874105238905,-0.010533515159516393,0.01751774549484253,-0.01751774549484253
98000696_2022-04-25,98000696,2022-04-25,42,M,98000017.0,0.7068095238095238,-0.02795238095238095,0.02795238095238095,0.0029891995368840907,0.0029891995368840907,0.08484539368823701,0.08484539368823701,0.0,0.0,0.0,0.0,0.0,0.0,-0.19122289086719244,0.0,0.028873994586267937,-0.020370490684900266,0.027338752202034966,-0.007000294524913686,0.014215946197509766,-0.014215946197509766
98000697_2022-04-25,98000697,2022-04-25,21,F,98000013.0,0.4321818181818182,-0.011526315789473607,0.011526315789473607,-0.002441987635031284,0.002441987635031284,-0.0418734132889784,0.0418734132889784,0.0,0.0,-1.0,1.0,0.0,0.0,-0.1746889994585464,1.0,0.012011470353921805,-0.012011470353921805,0.00904733376626532,-0.00904733376626532,0.002142488956451416,-0.002142488956451416
98000698_2022-04-25,98000698,2022-04-25,26,F,98000006.0,0.8215909090909089,-0.007571428571428673,0.007571428571428673,-0.020252260109274556,0.020252260109274556,0.1227838699394328,0.1227838699394328,0.0,0.0,0.0,0.0,0.0,0.0,-0.1729318418573255,0.0,0.004956239287698505,0.004956239287698505,0.009642091507372608,-0.009642091507372608,0.0051184892654418945,-0.0051184892654418945
98000699_2022-04-25,98000699,2022-04-25,29,F,98000011.0,0.6472727272727273,-0.011050000000000115,0.011050000000000115,-0.013089699277128608,0.013089699277128608,0.0893900306077832,0.0893900306077832,0.0,0.0,-1.0,1.0,0.0,0.0,0.03250847325136302,1.0,0.0055139945438197335,0.0055139945438197335,0.04807948431801423,0.04807948431801423,0.02777993679046631,0.02777993679046631
98000700_2022-04-25,98000700,2022-04-25,46,F,98000019.0,0.7548571428571429,0.03200000000000003,0.03200000000000003,0.04790676428002871,0.04790676428002871,0.016327382849856603,0.016327382849856603,0.0,0.0,0.0,0.0,0.0,0.0,-0.03933609477933874,0.0,0.025413679062234795,-0.025413679062234795,0.044470761417769955,-0.044470761417769955,0.02513986825942993,-0.02513986825942993
98000702_2022-04-25,98000702,2022-04-25,39,M,98000012.0,0.723047619047619,-0.019850000000000145,0.019850000000000145,0.0528272709017239,0.0528272709017239,-0.006393776060205192,0.006393776060205192,0.0,0.0,0.0,0.0,0.0,0.0,-0.1604880237670633,0.0,0.014974368864085097,0.014974368864085097,0.026995231171174305,0.018076008599833493,0.04300057888031006,0.033332000142052065
98000703_2022-04-25,98000703,2022-04-25,25,F,98000007.0,0.4242380952380952,0.016714285714285737,0.016714285714285737,0.037297408659008296,0.037297408659008296,-0.047447242588460295,0.047447242588460295,0.0,0.0,0.0,0.0,0.0,0.0,-0.18034148365397482,0.0,0.013679661280249555,0.013679661280249555,0.009726098323447174,0.009726098323447174,0.014722704887390137,0.014722704887390137
98000704_2022-04-25,98000704,2022-04-25,38,F,98000022.0,0.5484761904761905,0.004428571428571559,0.004428571428571559,0.04001476955824451,0.04001476955824451,-0.08473254701944472,0.08473254701944472,0.0,0.0,0.0,0.0,0.0,0.0,-0.1802811692303101,0.0,0.0043928351006742306,0.0043928351006742306,0.0006068039814806081,0.0006068039814806081,0.00029593706130981445,-0.00029593706130981445
98000707_2022-04-25,98000707,2022-04-25,54,M,98000003.0,0.3855238095238095,-0.0009047619047619082,0.0009047619047619082,0.009272007889668393,0.009272007889668393,-0.0706812240994579,0.0706812240994579,0.0,0.0,0.0,0.0,0.0,0.0,-0.46994430253841085,0.0,0.009819301335874442,0.009819301335874442,0.009614486747553608,-0.009614486747553608,0.02034848928451538,0.02034848928451538
98000708_2022-04-25,98000708,2022-04-25,52,M,98000605.0,0.6516190476190475,0.03359999999999996,0.03359999999999996,0.044619490478336576,0.044619490478336576,0.07431371815495114,0.07431371815495114,0.0,0.0,0.0,0.0,0.0,0.0,0.12383912904926457,0.0,0.027519804063258824,-0.027519804063258824,0.027528101453151432,-0.027528101453151432,0.028752386569976807,0.028752386569976807
98000709_2022-04-25,98000709,2022-04-25,55,F,98000006.0,0.7646,0.0267142857142858,0.0267142857142858,0.04751969967922087,0.04751969967922087,-0.07716990755498887,0.07716990755498887,0.0,0.0,0.0,0.0,0.0,0.0,0.080717133400439,0.0,0.017924890996482534,-0.017924890996482534,0.005168700169407292,-0.005168700169407292,0.0401686429977417,-0.0401686429977417
98000711_2022-04-25,98000711,2022-04-25,25,M,98000018.0,0.7283809523809525,-0.00019047619047618536,0.00019047619047618536,-0.009894336134133375,0.009894336134133375,0.0057427478482624805,0.0057427478482624805,0.0,0.0,0.0,0.0,0.0,0.0,-0.6626023453236334,0.0,0.0012495139260462196,0.0012495139260462196,0.029751883368847487,-0.029751883368847487,0.0407562255859375,-0.0407562255859375
98000712_2022-04-25,98000712,2022-04-25,63,M,98000002.0,0.8297777777777778,0.062333333333333574,0.062333333333333574,0.10132397943628829,0.10132397943628829,-0.08233312081606592,0.08233312081606592,0.0,0.0,0.0,0.0,0.0,0.0,0.8366377431732405,0.0,0.043375985041843146,0.043375985041843146,0.08171882949546216,0.08171882949546216,0.03525376319885254,0.03525376319885254
98000716_2022-04-25,98000716,2022-04-25,47,M,98000002.0,0.831714285714286,-0.0009047619047616307,0.0009047619047616307,0.001181400886867301,0.001181400886867301,0.034251832961427975,0.034251832961427975,0.0,0.0,-1.0,1.0,0.0,0.0,-0.31586944344783435,1.0,0.00703267620619763,0.00703267620619763,0.0002635523131104822,0.0002635523131104822,0.024532556533813477,-0.006052825246537941
98000717_2022-04-25,98000717,2022-04-25,60,M,98000015.0,0.9251363636363636,-0.06459999999999999,0.06459999999999999,-0.007614455792376074,0.007614455792376074,0.3083489674094397,0.3083489674094397,0.0,0.0,0.0,0.0,0.0,0.0,0.8733887646746717,0.0,0.06389594640542651,-0.06389594640542651,0.01621801815454904,0.01621801815454904,0.030618906021118164,0.030618906021118164
98000718_2022-04-25,98000718,2022-04-25,29,M,98000005.0,0.2790454545454546,0.0006999999999999784,0.0006999999999999784,0.045803245284804284,0.045803245284804284,-0.009636856368563804,0.009636856368563804,0.0,0.0,0.0,0.0,0.0,0.0,-0.3982314791701278,0.0,0.002464472311506871,0.002464472311506871,0.029834830030083193,0.029834830030083193,0.0013882219791412354,0.0013882219791412354
98000722_2022-04-25,98000722,2022-04-25,27,F,98000726.0,0.4883181818181819,0.021052631578947323,0.021052631578947323,0.035765709026427395,0.035765709026427395,0.018915699991145098,0.018915699991145098,0.0,0.0,0.0,0.0,0.0,0.0,-0.22915685218148155,0.0,0.014668575200205702,0.014668575200205702,0.025423158148882963,0.025423158148882963,0.021059930324554443,0.021059930324554443
98000723_2022-04-25,98000723,2022-04-25,28,M,98000001.0,0.4325909090909091,-0.0009500000000000064,0.0009500000000000064,-0.00227925007232771,0.00227925007232771,0.09060408827417901,0.09060408827417901,0.0,0.0,0.0,0.0,0.0,0.0,-0.45956474725304153,0.0,0.00011215090556110363,-0.00011215090556110363,0.01920405611434184,-0.01920405611434184,0.018425703048706055,-0.018425703048706055
98000724_2022-04-25,98000724,2022-04-25,63,F,98000726.0,0.7282857142857142,-0.027368421052631597,0.027368421052631597,-0.007495655481533997,0.007495655481533997,0.0703139013452914,0.0703139013452914,0.0,0.0,0.0,0.0,0.0,0.0,-0.2086094822027532,0.0,0.022962473311762377,-0.022962473311762377,0.03877542724927374,-0.03877542724927374,0.03459334373474121,-0.03459334373474121
98000725_2022-04-25,98000725,2022-04-25,48,F,98000018.0,0.6895238095238096,-0.027599999999999847,0.027599999999999847,-0.03828951210072429,0.03828951210072429,0.061290102389078206,0.061290102389078206,0.0,0.0,0.0,0.0,-2.0,2.0,1.3494261215754106,2.0,0.02005649297450318,0.02005649297450318,0.06255612906244223,0.041135231586133636,0.04940390586853027,0.016232477369762854
98000726_2022-04-25,98000726,2022-04-25,46,M,98000443.0,0.4745999999999999,-0.005299999999999916,0.005299999999999916,-0.013522942180084596,0.013522942180084596,0.0358163265306122,0.0358163265306122,0.0,0.0,-1.0,1.0,0.0,0.0,-0.18054797312986404,1.0,0.00020050596637077867,0.00020050596637077867,0.021059465575008263,0.021059465575008263,0.007953613996505737,0.007953613996505737
98000727_2022-04-25,98000727,2022-04-25,54,M,98000680.0,1.0856363636363635,-0.006650000000000267,0.006650000000000267,-0.002127264316717614,0.002127264316717614,0.010707792450713002,0.010707792450713002,0.0,0.0,-1.0,1.0,0.0,0.0,-0.31843438508746685,1.0,0.013441851212357081,0.013441851212357081,0.03440677522372959,-0.03440677522372959,0.04511040449142456,-0.04511040449142456
98000728_2022-04-25,98000728,2022-04-25,31,M,98000680.0,0.3561904761904761,-0.006999999999999951,0.006999999999999951,0.038008437820022306,0.038008437820022306,-0.0376955690149825,0.0376955690149825,0.0,0.0,0.0,0.0,0.0,0.0,-0.3047215870741834,0.0,0.0012301966599206904,0.0012301966599206904,0.01681073309124398,0.01681073309124398,0.00298956036567688,-0.00298956036567688
98000729_2022-04-25,98000729,2022-04-25,52,F,98000015.0,0.7799999999999998,0.004428571428571337,0.004428571428571337,0.01661270976315521,0.01661270976315521,-0.042699075549888804,0.042699075549888804,0.0,0.0,-1.0,1.0,0.0,0.0,-0.148188796825704,1.0,0.009719517049437743,-0.009719517049437743,0.06385865408237856,-0.06385865408237856,0.02771449089050293,-0.02771449089050293
98000731_2022-04-25,98000731,2022-04-25,50,M,98000726.0,0.785818181818182,0.026000000000000134,0.026000000000000134,0.023592501566827906,0.023592501566827906,-0.00729008606949319,0.00729008606949319,0.0,0.0,-1.0,1.0,0.0,0.0,0.020497508288277427,1.0,0.012746857436233716,-0.0044114563567541065,0.017924932305111274,-0.017924932305111274,0.020571887493133545,0.0053964701999320575
98000732_2022-04-25,98000732,2022-04-25,43,F,98000001.0,0.7354285714285714,0.01709523809523794,0.01709523809523794,0.004893711512683696,0.004893711512683696,0.1936496652853043,0.1936496652853043,0.0,0.0,0.0,0.0,0.0,0.0,0.02680125458424029,0.0,0.0010757896238585696,0.0010757896238585696,0.020070388914972703,-0.020070388914972703,0.014780402183532715,-0.014780402183532715
98000733_2022-04-25,98000733,2022-04-25,30,M,98000015.0,0.5771,-0.01178947368421046,0.01178947368421046,0.029825288805755523,0.029825288805755523,-0.004840355927767992,0.004840355927767992,0.0,0.0,0.0,0.0,0.0,0.0,-0.40735927581376047,0.0,0.01678470759231132,-0.01678470759231132,0.016597321917642183,0.016597321917642183,0.007355749607086182,-0.007355749607086182
98000734_2022-04-25,98000734,2022-04-25,25,F,98000015.0,0.33,-0.00566666666666682,0.00566666666666682,0.006592393695193183,0.006592393695193183,-0.06243098501753269,0.06243098501753269,0.0,0.0,0.0,0.0,0.0,0.0,-0.4630868967960144,0.0,0.006218936932312902,0.006218936932312902,0.037492524853041886,0.037492524853041886,0.05620366334915161,0.05620366334915161
98000735_2022-04-25,98000735,2022-04-25,40,M,98000019.0,0.5587142857142856,0.021250000000000102,0.021250000000000102,0.05981901435211423,0.05981901435211423,-0.0015990353360594844,0.0015990353360594844,0.0,0.0,0.0,0.0,0.0,0.0,-0.11171986439538979,0.0,0.011243936121771991,0.011243936121771991,0.013430437548702878,0.013430437548702878,0.013176143169403076,0.013176143169403076
98000737_2022-04-25,98000737,2022-04-25,57,F,98000017.0,0.6463333333333333,-0.0022999999999998577,0.0022999999999998577,0.027983011840441496,0.027983011840441496,0.0392935479276464,0.0392935479276464,0.0,0.0,0.0,0.0,0.0,0.0,-0.41799805679333546,0.0,0.0014345303329047487,-0.0014345303329047487,0.01405418075250664,-0.01405418075250664,0.009559273719787598,-0.009559273719787598
98000739_2022-04-25,98000739,2022-04-25,32,M,98000024.0,0.4356190476190476,0.011142857142857177,0.011142857142857177,0.0562267091479621,0.0562267091479621,0.0442684093082562,0.0442684093082562,0.0,0.0,0.0,0.0,0.0,0.0,-0.11686104224660747,0.0,0.009513108857363506,0.009513108857363506,0.008097521422453235,-0.008097521422453235,0.007978558540344238,0.007978558540344238
98000741_2022-04-25,98000741,2022-04-25,56,F,98000680.0,0.9479090909090908,0.0742105263157895,0.0742105263157895,0.11188806022646841,0.11188806022646841,0.1252682926829266,0.1252682926829266,0.0,0.0,0.0,0.0,0.0,0.0,1.1581009121325325,0.0,0.045257123195182825,0.045257123195182825,0.07273079309301855,0.07273079309301855,0.06456959247589111,0.06456959247589111
98000742_2022-04-25,98000742,2022-04-25,36,M,98000021.0,0.4861818181818182,-0.0039047619047618,0.0039047619047618,-0.011846550434573805,0.011846550434573805,0.0181654446923813,0.0181654446923813,0.0,0.0,0.0,0.0,0.0,0.0,-0.5743267370992431,0.0,0.0005768032535322654,0.0005768032535322654,0.01848211986898457,0.014985356103678182,0.009203791618347168,-0.003955974708903853
98000743_2022-04-25,98000743,2022-04-25,55,F,98000004.0,0.4402727272727272,-0.04790000000000011,0.04790000000000011,-0.05298296063909258,0.05298296063909258,0.00932426975366818,0.00932426975366818,0.0,0.0,0.0,0.0,0.0,0.0,0.1402646893546922,0.0,0.04187604347624996,-0.04187604347624996,0.03932153247224274,-0.03932153247224274,0.009433507919311523,0.009433507919311523
98000744_2022-04-25,98000744,2022-04-25,41,F,98000726.0,0.7268571428571429,0.021500000000000186,0.021500000000000186,0.054048976623656375,0.054048976623656375,-0.06465203930542482,0.06465203930542482,0.0,0.0,0.0,0.0,0.0,0.0,0.03510491445555128,0.0,0.017826418030417512,-0.01186866032753664,0.027456764131942313,-0.0014347450664571326,0.028746962547302246,0.00434335626874649
98000745_2022-04-25,98000745,2022-04-25,27,M,98000017.0,0.4903181818181819,-0.0029523809523809286,0.0029523809523809286,0.039124197922976306,0.039124197922976306,-0.06915014344915499,0.06915014344915499,0.0,0.0,0.0,0.0,0.0,0.0,-0.24722663784172383,0.0,0.0004092277200434813,0.0004092277200434813,0.000714530147762571,-0.000714530147762571,0.001825094223022461,-0.001825094223022461
98000746_2022-04-25,98000746,2022-04-25,27,M,98000674.0,0.5254545454545455,-0.03152380952380951,0.03152380952380951,-0.03274929176396629,0.03274929176396629,0.03646286260758688,0.03646286260758688,0.0,0.0,0.0,0.0,0.0,0.0,-0.09007187112818353,0.0,0.01685136065240922,0.01685136065240922,0.041979920251375924,0.041979920251375924,0.034913480281829834,-0.034913480281829834
98000747_2022-04-25,98000747,2022-04-25,50,M,98000001.0,0.8867368421052633,-0.025157894736841935,0.025157894736841935,0.04520014093276489,0.04520014093276489,-0.057892903787549105,0.057892903787549105,0.0,0.0,0.0,0.0,0.0,0.0,-0.007702086720582341,0.0,0.016884330171741624,0.001251553143534645,0.015308832559557395,-0.015308832559557395,0.019650638103485107,-0.019650638103485107
98000748_2022-04-25,98000748,2022-04-25,64,F,98000019.0,0.4095714285714285,0.03285714285714281,0.03285714285714281,0.0498649368207863,0.0498649368207863,0.0696818616512588,0.0696818616512588,0.0,0.0,-1.0,1.0,0.0,0.0,0.45501082176642044,1.0,0.021832474590257167,0.021832474590257167,0.05249371768276867,0.05249371768276867,0.04622584581375122,0.04622584581375122
98000749_2022-04-25,98000749,2022-04-25,46,F,98000009.0,0.6444545454545455,-0.019952380952381055,0.019952380952381055,0.03305834784882822,0.03305834784882822,0.036465731590692,0.036465731590692,0.0,0.0,0.0,0.0,0.0,0.0,-0.20802903961328476,0.0,0.015458970142276596,0.015458970142276596,0.06484903705641454,0.06484903705641454,0.03126978874206543,0.03126978874206543
98000752_2022-04-25,98000752,2022-04-25,38,M,98000003.0,0.8364285714285715,0.039999999999999925,0.039999999999999925,0.026571891334261633,0.026571891334261633,-0.0421539687599618,0.0421539687599618,0.0,0.0,0.0,0.0,0.0,0.0,-0.02810303836780199,0.0,0.026993892254859375,-0.026993892254859375,0.11862464695122588,-0.11862464695122588,0.08910512924194336,-0.08910512924194336
98000753_2022-04-25,98000753,2022-04-25,27,F,98000024.0,0.5252380952380952,0.01376190476190492,0.01376190476190492,0.035472193500037885,0.035472193500037885,0.0006464775262990002,0.0006464775262990002,0.0,0.0,0.0,0.0,0.0,0.0,-0.3601735534681783,0.0,0.014330690608467145,-0.014330690608467145,0.0631833546103347,-0.039355639553719624,0.016745537519454956,-0.016745537519454956
98000754_2022-04-25,98000754,2022-04-25,32,F,98000004.0,0.5119090909090908,0.029000000000000026,0.029000000000000026,0.026499113541621794,0.026499113541621794,0.0596609651802075,0.0596609651802075,0.0,0.0,0.0,0.0,0.0,0.0,-0.09167375354836786,0.0,0.023083597486218244,0.023083597486218244,0.01784839336359434,-0.01784839336359434,0.013224959373474121,0.013224959373474121
98000756_2022-04-25,98000756,2022-04-25,63,M,98000018.0,0.997904761904762,-0.03338095238095229,0.03338095238095229,0.016370130314855735,0.016370130314855735,0.30308893847625096,0.30308893847625096,0.0,0.0,0.0,0.0,0.0,0.0,0.5944206965332555,0.0,0.03571789895187116,-0.03571789895187116,0.01206545287452876,-0.01206545287452876,0.01730656623840332,-0.01730656623840332
98000757_2022-04-25,98000757,2022-04-25,32,M,98000680.0,0.70335,-0.0026999999999999247,0.0026999999999999247,0.03363153717519499,0.03363153717519499,0.075765244312828,0.075765244312828,0.0,0.0,0.0,0.0,0.0,0.0,-0.26842936423447394,0.0,0.007867458201512245,0.007867458201512245,0.006824253390765311,0.006824253390765311,0.015424907207489014,-0.015424907207489014
98000758_2022-04-25,98000758,2022-04-25,27,M,98000019.0,0.9119090909090908,0.011333333333333195,0.011333333333333195,0.012873396857671415,0.012873396857671415,-0.1190245457443419,0.1190245457443419,0.0,0.0,0.0,0.0,0.0,0.0,-0.19576314041186751,0.0,0.013814614321836949,-0.013814614321836949,0.014708311275734798,0.014708311275734798,0.000554203987121582,-0.000554203987121582
98000760_2022-04-25,98000760,2022-04-25,38,F,98000674.0,0.4708571428571428,0.009315789473684388,0.009315789473684388,0.0437894892424143,0.0437894892424143,0.0164674595862302,0.0164674595862302,0.0,0.0,0.0,0.0,0.0,0.0,-0.3027650902035464,0.0,0.006955224421456685,0.006955224421456685,0.0015558796971703037,-0.0015558796971703037,0.013597846031188965,-0.013597846031188965
98000761_2022-04-25,98000761,2022-04-25,45,F,98000605.0,0.8706666666666666,-0.008473684210526189,0.008473684210526189,0.02258114104655551,0.02258114104655551,0.011489361702127998,0.011489361702127998,0.0,0.0,0.0,0.0,0.0,0.0,-0.47234014405034025,0.0,0.012031073690077276,0.012031073690077276,0.007140523571071755,0.007140523571071755,0.012255370616912842,-0.012255370616912842
98000762_2022-04-25,98000762,2022-04-25,39,F,98000011.0,0.62315,0.011523809523809492,0.011523809523809492,0.03075281228823032,0.03075281228823032,-0.0053745616831367,0.0053745616831367,0.0,0.0,-1.0,1.0,0.0,0.0,-0.08594365359418088,1.0,0.008268709727291434,0.008268709727291434,0.008077439785182938,-0.008077439785182938,0.00845271348953247,0.00845271348953247
98000763_2022-04-25,98000763,2022-04-25,27,F,98000021.0,0.7895909090909092,-0.003761904761904633,0.003761904761904633,0.0325443043692443,0.0325443043692443,0.035261715014344996,0.035261715014344996,0.0,0.0,0.0,0.0,0.0,0.0,-0.3831270893631602,0.0,0.0003400401529251029,-0.0003400401529251029,0.0013479273087010357,-0.0013479273087010357,0.00514531135559082,0.00514531135559082
98000764_2022-04-25,98000764,2022-04-25,50,F,98000021.0,0.5579545454545455,0.0387142857142857,0.0387142857142857,0.056269910026924885,0.056269910026924885,0.089337264902773,0.089337264902773,0.0,0.0,-1.0,1.0,0.0,0.0,0.6173542733094469,1.0,0.030569473553022197,0.030569473553022197,0.03491954430778399,0.03491954430778399,0.03289133310317993,0.03289133310317993
98000766_2022-04-25,98000766,2022-04-25,46,F,98000004.0,0.5637142857142857,0.015649999999999942,0.015649999999999942,0.08279741711906718,0.08279741711906718,0.0547938616582685,0.0547938616582685,0.0,0.0,0.0,0.0,0.0,0.0,0.14393604053806175,0.0,0.006843849177014971,0.006843849177014971,0.02386748476655287,-0.02386748476655287,0.019527912139892578,-0.019527912139892578
98000001_2022-05-25,98000001,2022-05-25,40,F,98000216.0,0.8323636363636365,0.016761904761904756,0.016761904761904756,0.05267662420508609,0.05267662420508609,-0.01793172119487929,0.01793172119487929,0.0,0.0,0.0,0.0,0.0,0.0,-0.15990186333863177,0.0,0.01521610290940889,-0.01521610290940889,0.060922362613649805,-0.060922362613649805,0.0024209022521972656,-0.0024209022521972656
98000002_2022-05-25,98000002,2022-05-25,61,F,98000216.0,0.4302105263157895,-0.004409090909090807,0.004409090909090807,0.005947183356529384,0.005947183356529384,-0.16518632815538997,0.16518632815538997,0.0,0.0,0.0,0.0,0.0,0.0,-0.1806751267509512,0.0,0.008731640502725346,0.008731640502725346,0.043027597580906685,0.043027597580906685,0.0436612069606781,0.0436612069606781
98000003_2022-05-25,98000003,2022-05-25,20,F,98000216.0,0.5911428571428572,0.031849999999999934,0.031849999999999934,0.07000428494099598,0.07000428494099598,-0.051691738159596295,0.051691738159596295,0.0,0.0,-1.0,1.0,0.0,0.0,0.5309804402560032,1.0,0.024219103514168894,0.024219103514168894,0.035830448840574736,0.035830448840574736,0.03773903846740723,0.03773903846740723
98000004_2022-05-25,98000004,2022-05-25,18,F,98000216.0,0.4272857142857142,0.017571428571428682,0.017571428571428682,-0.028060041433386806,0.028060041433386806,0.08899251827920401,0.08899251827920401,0.0,0.0,-1.0,1.0,0.0,0.0,0.20230541298332252,1.0,0.016561904101147995,0.016561904101147995,0.05983928878264211,0.05983928878264211,0.008893311023712158,0.008893311023712158
98000005_2022-05-25,98000005,2022-05-25,59,F,98000216.0,0.4535909090909091,-0.00038095238095242623,0.00038095238095242623,-0.01384007446307478,0.01384007446307478,0.006110910730387803,0.006110910730387803,0.0,0.0,0.0,0.0,-1.0,1.0,0.05243841980203726,1.0,0.0002023429518055453,-0.0002023429518055453,0.05023565626279053,0.05023565626279053,0.0027810335159301758,0.0027810335159301758
98000006_2022-05-25,98000006,2022-05-25,28,F,98000216.0,0.5738095238095238,-0.014818181818181952,0.014818181818181952,0.07113178846268181,0.07113178846268181,-0.2073618422758747,0.2073618422758747,0.0,0.0,0.0,0.0,0.0,0.0,0.500132089032293,0.0,0.007181319322622892,-0.007181319322622892,0.024966061822186192,-0.024966061822186192,0.010709047317504883,-0.010709047317504883
98000007_2022-05-25,98000007,2022-05-25,50,M,98000216.0,0.3643333333333333,0.0042380952380953185,0.0042380952380953185,0.0281265837947601,0.0281265837947601,-0.0371930539703246,0.0371930539703246,0.0,0.0,0.0,0.0,0.0,0.0,-0.403023293439684,0.0,0.006652021772939165,0.006652021772939165,0.025970615985074108,-0.02324167535357602,0.003917038440704346,-0.003917038440704346
98000009_2022-05-25,98000009,2022-05-25,28,M,98000443.0,0.6274545454545455,-0.008100000000000218,0.008100000000000218,-0.02328763513301091,0.02328763513301091,-0.05381845018450171,0.05381845018450171,0.0,0.0,-2.0,2.0,0.0,0.0,0.28463267318490976,2.0,0.00828720253205839,0.00828720253205839,0.06741212503508653,-0.06741212503508653,0.0036316514015197754,0.0036316514015197754
98000010_2022-05-25,98000010,2022-05-25,29,M,98000443.0,0.4874761904761905,0.019047619047619146,0.019047619047619146,0.019988687425132684,0.019988687425132684,-0.02641541755888621,0.02641541755888621,0.0,0.0,0.0,0.0,0.0,0.0,-0.33691426321191503,0.0,0.023197255604993527,0.023197255604993527,0.012862145080619336,0.012862145080619336,0.02592015266418457,0.02592015266418457
98000011_2022-05-25,98000011,2022-05-25,46,M,98000443.0,0.5498181818181818,-0.0193181818181819,0.0193181818181819,-0.001177627398084996,0.001177627398084996,-0.0524558491740362,0.0524558491740362,0.0,0.0,0.0,0.0,0.0,0.0,-0.3878688780721993,0.0,0.011162335417591374,-0.011162335417591374,0.0031836159999343305,-0.0031836159999343305,0.009770214557647705,-0.009770214557647705
98000012_2022-05-25,98000012,2022-05-25,53,F,98000443.0,0.5293181818181818,-0.02672727272727271,0.02672727272727271,-0.019714660631167502,0.019714660631167502,-0.0744005601514483,0.0744005601514483,0.0,0.0,-1.0,1.0,0.0,0.0,0.19717173213314418,1.0,0.027348621915255777,-0.027348621915255777,0.01594913006539822,-0.01594913006539822,0.028442800045013428,-0.028442800045013428
98000013_2022-05-25,98000013,2022-05-25,38,M,98000443.0,0.7819999999999999,-0.03650000000000042,0.03650000000000042,-0.024146660848811896,0.024146660848811896,-0.13440133813957134,0.13440133813957134,0.0,0.0,0.0,0.0,0.0,0.0,0.1880857139957519,0.0,0.03687475322969025,0.00365242813872646,0.014602482056981891,0.014602482056981891,0.009309530258178711,0.009309530258178711
98000015_2022-05-25,98000015,2022-05-25,62,M,98000443.0,0.7562380952380953,0.02915789473684205,0.02915789473684205,0.04840629367641791,0.04840629367641791,-0.124609541894137,0.124609541894137,0.0,0.0,0.0,0.0,0.0,0.0,0.25065838956023995,0.0,0.02589297937094559,-0.02589297937094559,0.010069125220146913,-0.010069125220146913,0.007510125637054443,0.007510125637054443
98000017_2022-05-25,98000017,2022-05-25,31,F,98000351.0,0.455095238095238,-0.0058571428571427275,0.0058571428571427275,0.003301775411903296,0.003301775411903296,0.04069504403384561,0.04069504403384561,0.0,0.0,-1.0,1.0,0.0,0.0,-0.2310363321073301,1.0,0.0025393632317722847,-0.0025393632317722847,0.011149815016767373,-0.011149815016767373,0.017657995223999023,0.017657995223999023
98000018_2022-05-25,98000018,2022-05-25,62,M,98000351.0,0.765142857142857,0.022049999999999903,0.022049999999999903,0.015956402000410597,0.015956402000410597,0.05831824907945826,0.05831824907945826,0.0,0.0,-1.0,1.0,0.0,0.0,0.07576110059084205,1.0,0.01188219420583525,0.01188219420583525,0.11705300203303537,0.11705300203303537,0.06728696823120117,0.06728696823120117
98000019_2022-05-25,98000019,2022-05-25,25,F,98000351.0,0.2642727272727272,-0.003272727272727316,0.003272727272727316,0.014089127141242774,0.014089127141242774,0.037909805243639905,0.037909805243639905,0.0,0.0,0.0,0.0,-1.0,1.0,0.1769819757146683,1.0,0.002913912805246832,-0.002913912805246832,0.011374990929985507,-0.011374990929985507,0.012116104364395142,-0.012116104364395142
98000021_2022-05-25,98000021,2022-05-25,25,M,98000351.0,0.4776363636363637,0.011894736842105291,0.011894736842105291,0.016376227577998892,0.016376227577998892,0.1000106134578647,0.1000106134578647,0.0,0.0,0.0,0.0,0.0,0.0,-0.22126873947834488,0.0,0.004963270535578268,-0.004963270535578268,0.041653167156850024,0.01410136797098821,0.009030252695083618,-0.009030252695083618
98000022_2022-05-25,98000022,2022-05-25,47,F,98000351.0,0.6781904761904762,-0.008714285714285785,0.008714285714285785,0.0136396077485188,0.0136396077485188,-0.045329104105490806,0.045329104105490806,0.0,0.0,0.0,0.0,0.0,0.0,-0.43275695507984246,0.0,0.0033318911765153336,-0.0033318911765153336,0.03103152568776668,0.03103152568776668,0.012855291366577148,-0.012855291366577148
98000024_2022-05-25,98000024,2022-05-25,45,F,98000351.0,0.91005,-0.011428571428571566,0.011428571428571566,0.06974161762805259,0.06974161762805259,-0.051857529305680695,0.051857529305680695,0.0,0.0,0.0,0.0,0.0,0.0,0.0014871872483431154,0.0,0.011506023496180462,0.011506023496180462,0.012468307141761947,0.012468307141761947,8.374452590942383e-05,8.374452590942383e-05
98000025_2022-05-25,98000025,2022-05-25,20,F,98000001.0,0.5289545454545453,0.0014499999999999513,0.0014499999999999513,0.0223408285004415,0.0223408285004415,0.026899594414687505,0.026899594414687505,0.0,0.0,0.0,0.0,0.0,0.0,-0.5019170844911832,0.0,0.0026755004156634454,0.0026755004156634454,0.008950924196117205,0.008950924196117205,0.023523271083831787,0.023523271083831787
98000026_2022-05-25,98000026,2022-05-25,34,M,98000001.0,0.9148095238095236,0.0008095238095240376,0.0008095238095240376,2.6615294542620127e-05,2.6615294542620127e-05,0.06478729037952308,0.06478729037952308,0.0,0.0,0.0,0.0,0.0,0.0,-0.5519146739727806,0.0,0.0061992007265941895,0.0061992007265941895,0.028785493356141667,-0.028785493356141667,0.019585013389587402,0.019585013389587402
98000028_2022-05-25,98000028,2022-05-25,40,F,98000001.0,0.7807142857142857,0.017818181818181622,0.017818181818181622,0.015528515990526681,0.015528515990526681,-0.025497782733850588,0.025497782733850588,0.0,0.0,0.0,0.0,0.0,0.0,-0.3831210634257541,0.0,0.016574708627036805,0.016574708627036805,0.03678418839404329,0.03678418839404329,0.011343121528625488,0.011343121528625488
98000030_2022-05-25,98000030,2022-05-25,39,M,98000001.0,0.8040476190476191,-0.04486363636363655,0.04486363636363655,-0.04820684509012896,0.04820684509012896,-0.05052488265345767,0.05052488265345767,0.0,0.0,0.0,0.0,-1.0,1.0,0.8808260215640432,1.0,0.03327712161332563,0.03327712161332563,0.042612175805691876,0.042612175805691876,0.045799970626831055,0.045799970626831055
98000032_2022-05-25,98000032,2022-05-25,28,M,98000001.0,0.598047619047619,0.02623809523809517,0.02623809523809517,0.04704001219901188,0.04704001219901188,0.14319571951562937,0.14319571951562937,0.0,0.0,0.0,0.0,0.0,0.0,0.2651771011632482,0.0,0.01036588711555797,0.01036588711555797,0.08384356869038234,0.08384356869038234,0.17465800046920776,0.17465800046920776
98000033_2022-05-25,98000033,2022-05-25,36,M,98000001.0,0.8446363636363636,-0.047454545454545305,0.047454545454545305,0.033328056586843596,0.033328056586843596,-0.014750654806669816,0.014750654806669816,0.0,0.0,0.0,0.0,0.0,0.0,0.015890645602676823,0.0,0.0399820043575424,0.0399820043575424,0.03672057889233782,0.03672057889233782,0.03964179754257202,0.03868177106163717
98000034_2022-05-25,98000034,2022-05-25,33,M,98000001.0,0.4722380952380952,-0.015772727272727327,0.015772727272727327,-0.01309639607511609,0.01309639607511609,-0.0384862944425714,0.0384862944425714,0.0,0.0,0.0,0.0,0.0,0.0,-0.3832184236171731,0.0,0.0073870336081448,0.006833028588219492,0.029890815722250497,0.029890815722250497,0.004583150148391724,-0.004583150148391724
98000036_2022-05-25,98000036,2022-05-25,24,M,98000001.0,0.7939999999999999,0.047499999999999876,0.047499999999999876,0.04423769713804826,0.04423769713804826,-0.07146676694069176,0.07146676694069176,0.0,0.0,0.0,0.0,0.0,0.0,0.25716119993173003,0.0,0.037278516640385506,0.004395266990556479,0.018212131093779838,0.018212131093779838,0.04475724697113037,0.04475724697113037
98000037_2022-05-25,98000037,2022-05-25,62,M,98000001.0,0.7927272727272728,-0.0033333333333332993,0.0033333333333332993,0.06193936629336394,0.06193936629336394,0.005086267893104096,0.005086267893104096,0.0,0.0,0.0,0.0,0.0,0.0,-0.2728679076061659,0.0,0.004379654581260217,0.004379654581260217,0.008693687405445183,0.008693687405445183,0.00856482982635498,0.00856482982635498
98000041_2022-05-25,98000041,2022-05-25,40,F,98000001.0,0.9167272727272724,0.034727272727272385,0.034727272727272385,0.08701504185140108,0.08701504185140108,0.016788983688182796,0.016788983688182796,0.0,0.0,0.0,0.0,0.0,0.0,0.26010456042597146,0.0,0.02571083039804878,-0.02571083039804878,0.013802368456932723,-0.005190138853948034,0.010559797286987305,-0.010559797286987305
98000043_2022-05-25,98000043,2022-05-25,37,F,98000001.0,0.7080476190476193,0.009545454545454524,0.009545454545454524,0.03226050937783101,0.03226050937783101,0.075055626150774,0.075055626150774,0.0,0.0,-2.0,2.0,0.0,0.0,0.42351945775419125,2.0,0.00540503009404647,-0.00540503009404647,0.045355710057054965,0.045355710057054965,0.00037932395935058594,0.00037932395935058594
98000044_2022-05-25,98000044,2022-05-25,35,F,98000001.0,0.4575454545454545,0.021499999999999853,0.021499999999999853,0.025719739280603504,0.025719739280603504,-0.049575737143746204,0.049575737143746204,0.0,0.0,0.0,0.0,0.0,0.0,-0.20432729351275847,0.0,0.020899328609017997,0.020899328609017997,0.004506351002885767,-0.004506351002885767,0.0076138973236083984,0.0076138973236083984
98000045_2022-05-25,98000045,2022-05-25,57,M,98000002.0,0.8397272727272728,-0.0012380952380952603,0.0012380952380952603,0.04046477821560643,0.04046477821560643,0.08215520628683701,0.08215520628683701,0.0,0.0,-1.0,1.0,0.0,0.0,0.09840252802436744,1.0,0.013785932803451417,0.013785932803451417,0.03654516363353488,-0.03654516363353488,0.018338263034820557,0.018338263034820557
98000046_2022-05-25,98000046,2022-05-25,38,M,98000002.0,0.5774999999999999,-0.01880952380952372,0.01880952380952372,0.030790077307972424,0.030790077307972424,-0.10265500190186372,0.10265500190186372,0.0,0.0,0.0,0.0,0.0,0.0,-0.04234968111344781,0.0,0.010266784612760982,0.010266784612760982,0.020768520183274353,-0.020768520183274353,0.032582998275756836,0.032582998275756836
98000047_2022-05-25,98000047,2022-05-25,30,M,98000002.0,0.5335789473684209,0.012904761904761974,0.012904761904761974,0.0034641182825849715,0.0034641182825849715,-0.0734743667234461,0.0734743667234461,0.0,0.0,0.0,0.0,-1.0,1.0,0.30745784364437084,1.0,0.011835317949707158,0.011835317949707158,0.07595515001166031,-0.07595515001166031,0.01785099506378174,-0.01785099506378174
98000049_2022-05-25,98000049,2022-05-25,50,F,98000002.0,0.49145,0.016476190476190422,0.016476190476190422,0.018173720047498898,0.018173720047498898,0.002435037952240999,0.002435037952240999,0.0,0.0,0.0,0.0,-1.0,1.0,0.23865438055966384,1.0,0.010846662798228213,0.010846662798228213,0.02471279482315214,-0.02471279482315214,0.006511092185974121,-0.006511092185974121
98000050_2022-05-25,98000050,2022-05-25,51,F,98000002.0,0.5633809523809523,0.03225,0.03225,0.05883270978180344,0.05883270978180344,0.048321799307958546,0.048321799307958546,0.0,0.0,0.0,0.0,0.0,0.0,0.1320139772543366,0.0,0.027164170959634804,-0.027164170959634804,0.04725938363510718,-0.04725938363510718,0.03484374284744263,0.03484374284744263
98000053_2022-05-25,98000053,2022-05-25,47,M,98000002.0,0.6311904761904762,0.016136363636363726,0.016136363636363726,0.0419052959360145,0.0419052959360145,0.0952327481133787,0.0952327481133787,0.0,0.0,0.0,0.0,0.0,0.0,-0.015079339330448574,0.0,0.010481156519031587,-0.010481156519031587,0.028632123397686948,0.0232035383701783,0.013266265392303467,0.013266265392303467
98000055_2022-05-25,98000055,2022-05-25,37,M,98000002.0,0.81045,-0.02281818181818196,0.02281818181818196,-0.03680581298432062,0.03680581298432062,-0.0825881071548974,0.0825881071548974,0.0,0.0,0.0,0.0,0.0,0.0,-0.0178150046465687,0.0,0.012450368090208608,0.012450368090208608,0.04264166136755976,-0.04264166136755976,0.03136575222015381,0.03136575222015381
98000056_2022-05-25,98000056,2022-05-25,34,F,98000002.0,0.3831428571428571,-0.0024090909090909163,0.0024090909090909163,-0.02402336670022419,0.02402336670022419,-0.0007896579445553012,0.0007896579445553012,0.0,0.0,-1.0,1.0,0.0,0.0,-0.24034851745497546,1.0,0.005285466866852884,-0.005285466866852884,0.014189684424155469,-0.014189684424155469,0.0010528564453125,0.0010528564453125
98000058_2022-05-25,98000058,2022-05-25,26,F,98000002.0,0.4282272727272728,-0.0036363636363637153,0.0036363636363637153,-0.019990932337502598,0.019990932337502598,0.0711579056559738,0.0711579056559738,0.0,0.0,0.0,0.0,0.0,0.0,-0.3662579953182516,0.0,0.007034914119230462,-0.007034914119230462,0.023212354139477753,-0.023212354139477753,0.006115823984146118,0.0019844414754348616
98000060_2022-05-25,98000060,2022-05-25,46,F,98000002.0,0.5942777777777777,0.012761904761904863,0.012761904761904863,0.00349339344023758,0.00349339344023758,0.16242522756827027,0.16242522756827027,0.0,0.0,0.0,0.0,0.0,0.0,-0.11896924469275576,0.0,0.0010635369751329504,-0.0010635369751329504,0.014196015556947938,-0.014196015556947938,0.05825132131576538,0.05825132131576538
98000064_2022-05-25,98000064,2022-05-25,57,F,98000002.0,0.9208636363636362,-0.0050476190476191896,0.0050476190476191896,-0.05304154102803804,0.05304154102803804,0.17544539614560994,0.17544539614560994,0.0,0.0,0.0,0.0,0.0,0.0,0.18077479060631055,0.0,0.01155141635698631,0.01155141635698631,0.022213441371381593,-0.022213441371381593,0.004485964775085449,0.004485964775085449
98000066_2022-05-25,98000066,2022-05-25,30,M,98000003.0,0.6370952380952379,-0.03677272727272718,0.03677272727272718,-0.03212923630942449,0.03212923630942449,-0.0076779647830717,0.0076779647830717,0.0,0.0,0.0,0.0,0.0,0.0,-0.12388711364735583,0.0,0.032095909627102626,-0.032095909627102626,0.049114225530931255,-0.049114225530931255,0.033538758754730225,-0.033538758754730225
98000068_2022-05-25,98000068,2022-05-25,56,M,98000003.0,0.3162727272727272,-0.006590909090909092,0.006590909090909092,0.01665149151585521,0.01665149151585521,-0.06871735691501771,0.06871735691501771,0.0,0.0,-1.0,1.0,0.0,0.0,-0.04953850990908259,1.0,0.0015355156769569778,0.0015355156769569778,0.012322486583784764,-0.012322486583784764,0.004632771015167236,-0.004632771015167236
98000069_2022-05-25,98000069,2022-05-25,23,F,98000003.0,0.5609999999999999,0.01009090909090904,0.01009090909090904,0.036658487102180004,0.036658487102180004,0.1386950545888333,0.1386950545888333,0.0,0.0,-2.0,2.0,0.0,0.0,0.6452661328644688,2.0,0.007565668777473,0.007565668777473,0.010331140616223755,-0.010331140616223755,0.009218454360961914,0.009218454360961914
98000070_2022-05-25,98000070,2022-05-25,34,M,98000003.0,0.4527272727272727,0.030727272727272825,0.030727272727272825,0.04182606054076671,0.04182606054076671,-0.04212338891626219,0.04212338891626219,0.0,0.0,0.0,0.0,0.0,0.0,-0.01920155432723176,0.0,0.0324629303284768,0.0324629303284768,0.024091427762094164,0.024091427762094164,0.029563546180725098,0.029563546180725098
98000071_2022-05-25,98000071,2022-05-25,44,F,98000003.0,0.4581,0.007380952380952266,0.007380952380952266,0.0009104700321089232,0.0009104700321089232,0.0893222003929271,0.0893222003929271,0.0,0.0,0.0,0.0,-1.0,1.0,0.2787665499433228,1.0,0.0031425393162758386,0.0031425393162758386,0.009858327890648444,-0.009858327890648444,0.008674860000610352,0.008674860000610352
98000072_2022-05-25,98000072,2022-05-25,54,F,98000003.0,0.7225454545454544,-0.022095238095238,0.022095238095238,-0.014129705414786198,0.014129705414786198,-0.09438886525253748,0.09438886525253748,0.0,0.0,0.0,0.0,0.0,0.0,-0.14730569661983473,0.0,0.011744324943916307,0.011744324943916307,0.054327048248128895,0.054327048248128895,0.026549577713012695,0.026549577713012695
98000073_2022-05-25,98000073,2022-05-25,59,F,98000003.0,0.3329,0.013681818181818184,0.013681818181818184,0.03338537838697758,0.03338537838697758,0.07305386271102929,0.07305386271102929,0.0,0.0,0.0,0.0,0.0,0.0,-0.1640631601542,0.0,0.0019425386843456849,-0.0019425386843456849,0.05982891827747805,0.05982891827747805,0.015630066394805908,0.015630066394805908
98000074_2022-05-25,98000074,2022-05-25,19,M,98000003.0,0.9505238095238094,-0.011772727272727268,0.011772727272727268,-0.031346238267795146,0.031346238267795146,0.00954046834885,0.00954046834885,0.0,0.0,0.0,0.0,0.0,0.0,-0.383322500514921,0.0,0.008548843820087026,0.008548843820087026,0.11035652529056661,0.11035652529056661,0.04807180166244507,0.04807180166244507
98000075_2022-05-25,98000075,2022-05-25,58,M,98000003.0,0.4308571428571429,0.015363636363636413,0.015363636363636413,0.021929880872949226,0.021929880872949226,0.1434547859236013,0.1434547859236013,0.0,0.0,-2.0,2.0,0.0,0.0,0.6122781329419642,2.0,0.01536931121883195,0.01536931121883195,0.015283143761789908,-0.015283143761789908,0.02623087167739868,0.02623087167739868
98000078_2022-05-25,98000078,2022-05-25,31,F,98000003.0,0.55845,0.0014999999999999458,0.0014999999999999458,-0.0030567003330757014,0.0030567003330757014,0.0184020190206517,0.0184020190206517,0.0,0.0,0.0,0.0,0.0,0.0,-0.6592313643095683,0.0,0.003962015116232287,0.003962015116232287,0.001672081625860078,-0.001672081625860078,0.016431808471679688,-0.016431808471679688
98000079_2022-05-25,98000079,2022-05-25,59,M,98000003.0,0.7334545454545456,-0.013523809523809494,0.013523809523809494,-0.019121995780670975,0.019121995780670975,0.0509540126239856,0.0509540126239856,0.0,0.0,0.0,0.0,0.0,0.0,-0.3286021597506312,0.0,0.007296901613349227,0.007296901613349227,0.09414002253550124,0.09414002253550124,0.037852078676223755,0.037852078676223755
98000082_2022-05-25,98000082,2022-05-25,46,M,98000003.0,0.6638571428571427,-0.028238095238095173,0.028238095238095173,0.019087555582833482,0.019087555582833482,-0.03415367059718499,0.03415367059718499,0.0,0.0,-1.0,1.0,0.0,0.0,0.09105647734611488,1.0,0.01933564584512537,0.01933564584512537,0.0032810593433724167,-0.0032810593433724167,0.04888182878494263,0.04888182878494263
98000089_2022-05-25,98000089,2022-05-25,22,F,98000004.0,0.6235,0.003409090909090917,0.003409090909090917,0.04416389039683344,0.04416389039683344,0.013112989808355957,0.013112989808355957,0.0,0.0,0.0,0.0,0.0,0.0,-0.3712775274678662,0.0,0.006498849871358181,-0.006498849871358181,0.020874953872622726,0.020874953872622726,0.0008078217506408691,-0.0008078217506408691
98000090_2022-05-25,98000090,2022-05-25,30,F,98000004.0,0.6039047619047619,0.0030476190476190768,0.0030476190476190768,0.06926000860069542,0.06926000860069542,0.0149282939946222,0.0149282939946222,0.0,0.0,-1.0,1.0,0.0,0.0,0.11960939353048106,1.0,0.0009081807941696551,-0.0009081807941696551,0.03882668037728687,-0.03882668037728687,0.01059180498123169,-0.01059180498123169
98000091_2022-05-25,98000091,2022-05-25,30,F,98000004.0,0.5897894736842105,0.049899999999999944,0.049899999999999944,0.0501879443716908,0.0501879443716908,-0.10477452001785989,0.10477452001785989,0.0,0.0,0.0,0.0,0.0,0.0,0.42033422770675416,0.0,0.030598138999346713,0.030598138999346713,0.07321326171947573,0.06919110183182553,0.03412914276123047,0.03412914276123047
98000093_2022-05-25,98000093,2022-05-25,20,M,98000004.0,0.7157727272727272,-0.00554545454545452,0.00554545454545452,0.024230553081532658,0.024230553081532658,0.11073571743471419,0.11073571743471419,0.0,0.0,0.0,0.0,0.0,0.0,-0.2016801385720669,0.0,0.008901502884560597,-0.008901502884560597,0.03502554608489716,-0.03502554608489716,0.06407785415649414,-0.06407785415649414
98000094_2022-05-25,98000094,2022-05-25,37,M,98000004.0,0.7301363636363636,0.008636363636363775,0.008636363636363775,0.00804222538409538,0.00804222538409538,-0.20111770960296668,0.20111770960296668,0.0,0.0,0.0,0.0,0.0,0.0,-0.017474585231381557,0.0,0.01346579497540945,-0.01346579497540945,0.05556020525005223,0.015858928602159872,0.002292335033416748,-0.002292335033416748
98000095_2022-05-25,98000095,2022-05-25,48,M,98000004.0,0.8932727272727273,0.007105263157894726,0.007105263157894726,0.06967524247238233,0.06967524247238233,0.006912941635760297,0.006912941635760297,0.0,0.0,0.0,0.0,0.0,0.0,-0.1750224714897464,0.0,0.0041213277144346305,-0.0041213277144346305,0.05087057545748597,-0.05087057545748597,0.012197315692901611,-0.012197315692901611
98000096_2022-05-25,98000096,2022-05-25,63,M,98000004.0,0.3032727272727272,0.033904761904761715,0.033904761904761715,0.0694979725330847,0.0694979725330847,-0.0606775556181359,0.0606775556181359,0.0,0.0,0.0,0.0,0.0,0.0,0.25882557853158855,0.0,0.031038372013757143,0.031038372013757143,0.07973464982352169,0.07973464982352169,0.08146950602531433,0.08146950602531433
98000098_2022-05-25,98000098,2022-05-25,46,M,98000004.0,0.5468571428571428,0.004863636363636292,0.004863636363636292,0.06404799034719183,0.06404799034719183,0.08756334119965767,0.08756334119965767,0.0,0.0,0.0,0.0,-1.0,1.0,0.683058916164223,1.0,0.0013502967543840283,0.0013502967543840283,0.03387929438401205,-0.03387929438401205,0.009768545627593994,-0.009768545627593994
98000099_2022-05-25,98000099,2022-05-25,22,F,98000004.0,0.4384545454545455,0.004818181818181999,0.004818181818181999,0.011031106230221507,0.011031106230221507,0.022409169886673394,0.022409169886673394,0.0,0.0,0.0,0.0,0.0,0.0,-0.5580855778790482,0.0,0.0067839354056116186,0.0067839354056116186,0.023249694900661644,0.023249694900661644,0.011649250984191895,0.011649250984191895
98000100_2022-05-25,98000100,2022-05-25,33,F,98000004.0,0.6869500000000001,-0.009666666666666601,0.009666666666666601,0.0138269703578148,0.0138269703578148,-0.0032483003804651134,0.0032483003804651134,0.0,0.0,0.0,0.0,0.0,0.0,-0.5444022737261277,0.0,0.005610040603832522,-0.005610040603832522,0.0011713342211739919,0.0011713342211739919,0.03830444812774658,0.0068779624938966055
98000104_2022-05-25,98000104,2022-05-25,37,M,98000004.0,0.5641428571428572,-0.05230000000000001,0.05230000000000001,-0.02184871511111,0.02184871511111,0.1395190630451034,0.1395190630451034,0.0,0.0,0.0,0.0,0.0,0.0,0.3511556954643944,0.0,0.04516214162376675,-0.04516214162376675,0.07793466819519024,-0.07793466819519024,0.04513382911682129,-0.04513382911682129
98000106_2022-05-25,98000106,2022-05-25,39,M,98000005.0,0.6554545454545454,-0.035050000000000026,0.035050000000000026,-0.0397200591628758,0.0397200591628758,-0.005229079638862488,0.005229079638862488,0.0,0.0,0.0,0.0,0.0,0.0,-0.09654947125266118,0.0,0.029534263801636595,-0.029534263801636595,0.04785643173538057,-0.04785643173538057,0.03396761417388916,-0.03396761417388916
98000109_2022-05-25,98000109,2022-05-25,34,F,98000005.0,0.5580500000000002,0.007285714285714229,0.007285714285714229,0.022679750896831996,0.022679750896831996,-0.021611169593882984,0.021611169593882984,0.0,0.0,0.0,0.0,0.0,0.0,-0.4544467889560222,0.0,0.006433633204371736,0.006433633204371736,0.062150662258242395,0.062150662258242395,0.002699434757232666,-0.002699434757232666
98000110_2022-05-25,98000110,2022-05-25,58,F,98000005.0,0.6156818181818182,0.03200000000000003,0.03200000000000003,0.05936580011006942,0.05936580011006942,-0.14230025154949258,0.14230025154949258,0.0,0.0,-2.0,2.0,0.0,0.0,1.0398246958506725,2.0,0.024260688232078498,0.024260688232078498,0.06321553318152862,0.06321553318152862,0.01542055606842041,0.01542055606842041
98000111_2022-05-25,98000111,2022-05-25,18,F,98000005.0,0.2374761904761904,-0.012619047619047585,0.012619047619047585,-0.001960835326723892,0.001960835326723892,0.018234143853086193,0.018234143853086193,0.0,0.0,0.0,0.0,0.0,0.0,-0.5518787590921994,0.0,0.007081953774655758,-0.007081953774655758,0.034784126358225864,-0.034784126358225864,0.02249780297279358,-0.02249780297279358
98000113_2022-05-25,98000113,2022-05-25,29,F,98000005.0,0.48865,-0.012909090909090981,0.012909090909090981,-0.020928816758310098,0.020928816758310098,-0.0388122714659892,0.0388122714659892,0.0,0.0,0.0,0.0,0.0,0.0,-0.35795632590437826,0.0,0.01148829386321537,-0.01148829386321537,0.010353729984204807,0.010353729984204807,0.011083602905273438,0.011083602905273438
98000114_2022-05-25,98000114,2022-05-25,22,M,98000005.0,0.5912272727272727,-0.028285714285714192,0.028285714285714192,-0.023771379420235217,0.023771379420235217,-0.02620985010706639,0.02620985010706639,0.0,0.0,0.0,0.0,0.0,0.0,-0.21553909024892773,0.0,0.015170518216975237,0.015170518216975237,0.07101484343875442,-0.07101484343875442,0.011449038982391357,-0.011449038982391357
98000116_2022-05-25,98000116,2022-05-25,48,M,98000005.0,0.7873809523809524,-0.005227272727272858,0.005227272727272858,0.020929763692066006,0.020929763692066006,0.11988874769845179,0.11988874769845179,0.0,0.0,0.0,0.0,0.0,0.0,-0.20103770045737293,0.0,0.01178509452089127,-0.011120734200591675,0.0094813694590542,-0.0094813694590542,0.034275054931640625,-0.034275054931640625
98000118_2022-05-25,98000118,2022-05-25,29,M,98000005.0,0.2791818181818182,0.008363636363636406,0.008363636363636406,0.0038706752547078005,0.0038706752547078005,-0.018425870698373897,0.018425870698373897,0.0,0.0,0.0,0.0,0.0,0.0,-0.5823102422595451,0.0,0.012191960840114202,0.012191960840114202,0.009296138488157635,0.009296138488157635,0.00718313455581665,-0.00718313455581665
98000120_2022-05-25,98000120,2022-05-25,64,F,98000005.0,0.8555909090909091,-0.07509090909090899,0.07509090909090899,0.02477029397178429,0.02477029397178429,-0.09474183760794619,0.09474183760794619,0.0,0.0,0.0,0.0,0.0,0.0,0.47715992883681196,0.0,0.05696617237335544,0.05696617237335544,0.08884272747511712,0.08884272747511712,0.07831728458404541,0.07831728458404541
98000122_2022-05-25,98000122,2022-05-25,38,F,98000005.0,0.5408571428571429,-0.00827272727272721,0.00827272727272721,0.004312827375235612,0.004312827375235612,-0.021670081170094307,0.021670081170094307,0.0,0.0,0.0,0.0,0.0,0.0,-0.5707346264945033,0.0,0.0007401367564054961,0.0007401367564054961,0.003664307598290617,0.003664307598290617,0.011966466903686523,0.0031376944950647356
98000123_2022-05-25,98000123,2022-05-25,52,M,98000005.0,0.4663333333333332,-0.02181818181818196,0.02181818181818196,0.013953043270324927,0.013953043270324927,-0.1516158813308786,0.1516158813308786,0.0,0.0,0.0,0.0,0.0,0.0,0.015630169317137444,0.0,0.009389034338128766,-0.009389034338128766,0.032032197479702096,-0.032032197479702096,0.042990148067474365,-0.042990148067474365
98000125_2022-05-25,98000125,2022-05-25,20,M,98000006.0,0.52615,-0.013904761904761864,0.013904761904761864,-0.004016200379967805,0.004016200379967805,0.00511647678966165,0.00511647678966165,0.0,0.0,0.0,0.0,-2.0,2.0,0.806896801844577,2.0,0.0025691568838160928,0.0025691568838160928,0.04830643946503543,0.04830643946503543,0.009662926197052002,0.009662926197052002
98000127_2022-05-25,98000127,2022-05-25,55,F,98000006.0,0.4751818181818181,0.03352380952380962,0.03352380952380962,0.03536129022782722,0.03536129022782722,0.04485232526516181,0.04485232526516181,0.0,0.0,-2.0,2.0,0.0,0.0,0.6056214943400494,2.0,0.02651829152678875,0.02651829152678875,0.0634257408514235,0.0634257408514235,0.05411002039909363,0.05411002039909363
98000130_2022-05-25,98000130,2022-05-25,26,M,98000006.0,0.3573181818181818,0.03104761904761899,0.03104761904761899,0.06584251788069873,0.06584251788069873,0.018032166766451,0.018032166766451,0.0,0.0,0.0,0.0,0.0,0.0,0.07948451297385707,0.0,0.018383877919732283,0.018383877919732283,0.10723872055275474,-0.10723872055275474,0.020421087741851807,0.020421087741851807
98000131_2022-05-25,98000131,2022-05-25,57,M,98000006.0,0.580590909090909,-0.008571428571428674,0.008571428571428674,0.031737875154741246,0.031737875154741246,-0.0835053533190574,0.0835053533190574,0.0,0.0,0.0,0.0,0.0,0.0,-0.19796308633514,0.0,0.007311852757062476,-0.007311852757062476,0.03689210610505678,-0.03689210610505678,0.020551443099975586,-0.020551443099975586
98000133_2022-05-25,98000133,2022-05-25,26,F,98000006.0,0.6052105263157896,-0.002954545454545654,0.002954545454545654,-0.006453181442545697,0.006453181442545697,-0.03680428412126249,0.03680428412126249,0.0,0.0,-1.0,1.0,0.0,0.0,-0.2507779812885425,1.0,0.005874330001115036,-0.005874330001115036,0.005514876664316382,0.005514876664316382,0.008750617504119873,-0.008750617504119873
98000136_2022-05-25,98000136,2022-05-25,47,M,98000006.0,0.8258636363636364,0.009047619047619082,0.009047619047619082,0.022774884442682608,0.022774884442682608,0.014965939647445081,0.014965939647445081,0.0,0.0,0.0,0.0,-1.0,1.0,0.22987002931951772,1.0,0.004639386452489069,-0.004639386452489069,0.07257573439932041,0.07257573439932041,0.007248520851135254,-0.007248520851135254
98000137_2022-05-25,98000137,2022-05-25,34,F,98000006.0,0.6586190476190475,0.0055714285714286715,0.0055714285714286715,0.013367512105454393,0.013367512105454393,0.0498476104598738,0.0498476104598738,0.0,0.0,0.0,0.0,0.0,0.0,-0.4540648008152904,0.0,0.0003296950867466286,0.0003296950867466286,0.016242038288915683,-0.006352247938485878,0.011047601699829102,0.011047601699829102
98000139_2022-05-25,98000139,2022-05-25,54,M,98000006.0,0.4416666666666666,0.014190476190476198,0.014190476190476198,0.014028054310861682,0.014028054310861682,0.0401465416178192,0.0401465416178192,0.0,0.0,0.0,0.0,0.0,0.0,-0.38836746110897474,0.0,0.010216049267206984,0.010216049267206984,0.00017813229751612036,-0.00017813229751612036,0.00798046588897705,-0.00798046588897705
98000140_2022-05-25,98000140,2022-05-25,52,F,98000006.0,0.3739090909090908,-0.0018095238095238164,0.0018095238095238164,-0.006239117522165688,0.006239117522165688,0.06488397634469169,0.06488397634469169,0.0,0.0,0.0,0.0,0.0,0.0,-0.49839687002226296,0.0,0.0039241223874310616,-0.0039241223874310616,0.016522543771070375,0.016522543771070375,0.000973820686340332,0.000973820686340332
98000144_2022-05-25,98000144,2022-05-25,18,M,98000006.0,0.647090909090909,-0.0014210526315789895,0.0014210526315789895,-0.018530103210979365,0.018530103210979365,-0.01282502543235009,0.01282502543235009,0.0,0.0,0.0,0.0,0.0,0.0,-0.5695855580672697,0.0,0.0013435014669200829,0.0013435014669200829,0.0647111414872088,-0.0647111414872088,0.010371208190917969,0.010371208190917969
98000145_2022-05-25,98000145,2022-05-25,46,M,98000007.0,1.120684210526316,0.016727272727272702,0.016727272727272702,0.04718635149128392,0.04718635149128392,-0.043424185057441056,0.043424185057441056,0.0,0.0,-1.0,1.0,0.0,0.0,0.1924849367271191,1.0,0.01457782927872131,-0.01457782927872131,0.047174699665181064,-0.047174699665181064,0.01361536979675293,0.01361536979675293
98000146_2022-05-25,98000146,2022-05-25,43,F,98000007.0,0.6139545454545454,-0.018714285714285794,0.018714285714285794,0.051529597444412906,0.051529597444412906,0.09443738062755849,0.09443738062755849,0.0,0.0,0.0,0.0,0.0,0.0,0.07574796153030802,0.0,0.01843987662940516,-0.01843987662940516,0.022769679480899585,-0.022769679480899585,0.03514528274536133,-0.03514528274536133
98000147_2022-05-25,98000147,2022-05-25,51,F,98000007.0,0.7205714285714284,0.016380952380952385,0.016380952380952385,-0.004085873503822224,0.004085873503822224,0.084864812454984,0.084864812454984,0.0,0.0,0.0,0.0,0.0,0.0,-0.3036983913400239,0.0,0.008804109720525699,0.008804109720525699,0.003980458587307556,0.003980458587307556,0.008407175540924072,0.008407175540924072
98000148_2022-05-25,98000148,2022-05-25,26,F,98000007.0,0.2998095238095238,-0.0010952380952380936,0.0010952380952380936,0.00574514398339071,0.00574514398339071,-0.008919401462336399,0.008919401462336399,0.0,0.0,0.0,0.0,0.0,0.0,-0.6725633201691338,0.0,0.0006400068899529154,0.0006400068899529154,0.04180163806921533,0.04180163806921533,0.006862014532089233,-0.006862014532089233
98000149_2022-05-25,98000149,2022-05-25,57,M,98000007.0,0.7044285714285715,-0.012428571428571233,0.012428571428571233,0.024854819712828824,0.024854819712828824,-0.06773082809046083,0.06773082809046083,0.0,0.0,0.0,0.0,0.0,0.0,-0.2514547091600236,0.0,0.007564653940351995,-0.007564653940351995,0.028798974507087127,-0.028798974507087127,0.0032687783241271973,-0.0032687783241271973
98000150_2022-05-25,98000150,2022-05-25,19,M,98000007.0,0.5736363636363636,-0.03438095238095229,0.03438095238095229,-0.024494532862686214,0.024494532862686214,-0.12087924970691694,0.12087924970691694,0.0,0.0,-1.0,1.0,0.0,0.0,0.4452402298749982,1.0,0.01728913230228757,0.01728913230228757,0.06026756178633308,0.06026756178633308,0.019161880016326904,0.019161880016326904
98000151_2022-05-25,98000151,2022-05-25,64,M,98000007.0,0.6144736842105264,0.021666666666666723,0.021666666666666723,0.07112276425846831,0.07112276425846831,0.1186723602484473,0.1186723602484473,0.0,0.0,0.0,0.0,0.0,0.0,0.3122884506095542,0.0,0.01605981194499506,-0.01605981194499506,0.04128324700546193,-0.04128324700546193,0.07306885719299316,-0.07306885719299316
98000153_2022-05-25,98000153,2022-05-25,41,F,98000007.0,0.5547619047619047,-0.008095238095238155,0.008095238095238155,0.024257246973453522,0.024257246973453522,0.0140314500417478,0.0140314500417478,0.0,0.0,0.0,0.0,-1.0,1.0,0.22748397944733986,1.0,0.005198144967866858,-0.005198144967866858,0.00823381350195429,0.00823381350195429,0.030101895332336426,-0.028909170059930878
98000155_2022-05-25,98000155,2022-05-25,53,F,98000007.0,0.8339523809523809,-0.059545454545454346,0.059545454545454346,0.023180102024839888,0.023180102024839888,-0.02949352973211289,0.02949352973211289,0.0,0.0,-1.0,1.0,0.0,0.0,0.43061999492148645,1.0,0.04911950758808248,-0.040507231878077365,0.07417116615565089,-0.07417116615565089,0.06399661302566528,-0.06399661302566528
98000159_2022-05-25,98000159,2022-05-25,23,M,98000007.0,0.688818181818182,0.020952380952380945,0.020952380952380945,0.04676849255335791,0.04676849255335791,-0.02836779205258469,0.02836779205258469,0.0,0.0,0.0,0.0,0.0,0.0,-0.12670680340054852,0.0,0.018438697600987486,-0.018438697600987486,0.019885141026427244,-0.019885141026427244,0.032599449157714844,-0.031439116131176004
98000160_2022-05-25,98000160,2022-05-25,26,M,98000007.0,0.527,-0.04128571428571426,0.04128571428571426,-0.04757857505058399,0.04757857505058399,0.1070932368494292,0.1070932368494292,0.0,0.0,0.0,0.0,0.0,0.0,0.31969529679272074,0.0,0.035318436173741974,-0.035318436173741974,0.008805717382718958,0.008805717382718958,0.02485138177871704,-0.02485138177871704
98000161_2022-05-25,98000161,2022-05-25,54,M,98000007.0,0.541,-0.01361904761904753,0.01361904761904753,-0.03332861972272519,0.03332861972272519,0.1325361333106612,0.1325361333106612,0.0,0.0,0.0,0.0,0.0,0.0,0.008506359891513354,0.0,0.010182001842698796,-0.010182001842698796,0.057899261152156045,-0.057899261152156045,0.042622387409210205,-0.042622387409210205
98000162_2022-05-25,98000162,2022-05-25,27,M,98000007.0,0.3162727272727273,-0.0005909090909090864,0.0005909090909090864,0.013978001701784093,0.013978001701784093,-0.0154874095588807,0.0154874095588807,0.0,0.0,0.0,0.0,0.0,0.0,-0.6018332453688714,0.0,0.007716551966000351,0.007716551966000351,0.0009809233800495143,0.0009809233800495143,0.026208877563476562,-0.026208877563476562
98000164_2022-05-25,98000164,2022-05-25,27,M,98000007.0,0.4904545454545455,0.01709523809523822,0.01709523809523822,0.08638726554084,0.08638726554084,-0.04763698834777402,0.04763698834777402,0.0,0.0,0.0,0.0,0.0,0.0,0.16281140128570823,0.0,0.01745550373225313,0.01745550373225313,0.03285773624900057,0.03285773624900057,0.04022252559661865,0.04022252559661865
98000166_2022-05-25,98000166,2022-05-25,24,F,98000680.0,0.4143636363636363,-0.006650000000000045,0.006650000000000045,0.015679726543711026,0.015679726543711026,0.0675702703555316,0.0675702703555316,0.0,0.0,0.0,0.0,0.0,0.0,-0.3751921459466689,0.0,0.014435253571586204,-0.014435253571586204,0.0607217234056468,0.0607217234056468,0.07709497213363647,0.07709497213363647
98000168_2022-05-25,98000168,2022-05-25,29,M,98000680.0,0.4538636363636364,0.005380952380952597,0.005380952380952597,0.03610467362763231,0.03610467362763231,0.09363907977293098,0.09363907977293098,0.0,0.0,0.0,0.0,0.0,0.0,-0.17137455867729634,0.0,0.00469187598258286,0.00469187598258286,0.02171515713354688,-0.007986103850836757,0.0017528533935546875,-0.0001504137299278563
98000170_2022-05-25,98000170,2022-05-25,50,F,98000680.0,0.6942380952380953,0.013631578947368439,0.013631578947368439,0.06810696679654071,0.06810696679654071,-0.2993773399014777,0.2993773399014777,0.0,0.0,-1.0,1.0,0.0,0.0,1.0517332916578692,1.0,0.0026992935064764634,0.0026992935064764634,0.03853515093785109,-0.03853515093785109,0.021697163581848145,-0.021697163581848145
98000171_2022-05-25,98000171,2022-05-25,58,M,98000680.0,0.7712857142857142,-0.04319047619047611,0.04319047619047611,-0.0764182982052414,0.0764182982052414,0.07287181437809079,0.07287181437809079,0.0,0.0,0.0,0.0,0.0,0.0,0.4385315897010266,0.0,0.03465355573668438,0.03465355573668438,0.033959007812459974,0.033959007812459974,0.04691702127456665,0.04691702127456665
98000174_2022-05-25,98000174,2022-05-25,56,F,98000680.0,0.6300454545454546,0.002136363636363492,0.002136363636363492,0.01357330356158809,0.01357330356158809,-0.023738751588392504,0.023738751588392504,0.0,0.0,0.0,0.0,0.0,0.0,-0.5645016597375648,0.0,0.005291711256017906,-0.005291711256017906,0.01402684160811507,0.0049561662963863995,0.003145933151245117,-0.003145933151245117
98000175_2022-05-25,98000175,2022-05-25,51,M,98000680.0,1.1263636363636362,-0.02000000000000024,0.02000000000000024,-0.034481428098547595,0.034481428098547595,-0.1301083219645296,0.1301083219645296,0.0,0.0,0.0,0.0,0.0,0.0,0.07559949868957398,0.0,0.015155338766449922,0.015155338766449922,0.01863616544483515,0.01863616544483515,0.10135054588317871,0.10135054588317871
98000176_2022-05-25,98000176,2022-05-25,42,M,98000680.0,0.796681818181818,0.02904999999999991,0.02904999999999991,0.04895816737063499,0.04895816737063499,-0.07578892733564019,0.07578892733564019,0.0,0.0,0.0,0.0,-1.0,1.0,0.7956212777599033,1.0,0.027290515451217745,-0.027290515451217745,0.0162093965802379,0.0162093965802379,0.004315674304962158,-0.004315674304962158
98000180_2022-05-25,98000180,2022-05-25,38,F,98000680.0,0.5625909090909091,-0.014190476190476198,0.014190476190476198,0.005124768056369466,0.005124768056369466,0.046914177171473004,0.046914177171473004,0.0,0.0,0.0,0.0,0.0,0.0,-0.4300336894946024,0.0,0.017081767836814254,-0.017081767836814254,0.029840545706157906,-0.029840545706157906,0.04292619228363037,-0.04292619228363037
98000181_2022-05-25,98000181,2022-05-25,61,M,98000680.0,0.7595,0.017900000000000027,0.017900000000000027,-0.021837256743092726,0.021837256743092726,0.012455187221445299,0.012455187221445299,0.0,0.0,0.0,0.0,0.0,0.0,-0.3768189719034764,0.0,0.020317612101612093,-0.020317612101612093,0.09208631359875463,-0.09208631359875463,0.0436629056930542,-0.0436629056930542
98000182_2022-05-25,98000182,2022-05-25,24,M,98000680.0,0.3869999999999999,0.015363636363636413,0.015363636363636413,0.030597070313836516,0.030597070313836516,0.043824070952516836,0.043824070952516836,0.0,0.0,-1.0,1.0,0.0,0.0,0.06505841222349011,1.0,0.01788079968241929,-0.01788079968241929,7.84098899117569e-05,-7.84098899117569e-05,0.0639486312866211,0.0639486312866211
98000185_2022-05-25,98000185,2022-05-25,38,F,98000009.0,0.7156190476190475,0.005590909090909091,0.005590909090909091,0.09654488258918809,0.09654488258918809,-0.1711768367002932,0.1711768367002932,0.0,0.0,-1.0,1.0,0.0,0.0,0.7902767179018836,1.0,0.0027824185042147898,0.0027824185042147898,0.018726955883132446,-0.018726955883132446,0.017632007598876953,0.017632007598876953
98000186_2022-05-25,98000186,2022-05-25,53,M,98000009.0,0.6108181818181818,0.026142857142857245,0.026142857142857245,0.0700901587135821,0.0700901587135821,-0.0343927625772292,0.0343927625772292,0.0,0.0,-1.0,1.0,0.0,0.0,0.4218485370604231,1.0,0.022565160216185376,0.022565160216185376,0.030706493785467193,0.030706493785467193,0.015515744686126709,0.006483069289814347
98000187_2022-05-25,98000187,2022-05-25,51,F,98000009.0,0.7245,-0.04504761904761889,0.04504761904761889,-0.04676188926028052,0.04676188926028052,-0.027389005079175,0.027389005079175,0.0,0.0,-1.0,1.0,0.0,0.0,0.4366857183758093,1.0,0.03389880609542084,0.014133086486634694,0.04195734662641337,0.04195734662641337,0.045490562915802,0.01244753503799445
98000188_2022-05-25,98000188,2022-05-25,52,M,98000009.0,0.8327142857142856,0.02509523809523817,0.02509523809523817,0.0195233678305341,0.0195233678305341,-0.007575463371579105,0.007575463371579105,0.0,0.0,0.0,0.0,0.0,0.0,-0.3323459192806229,0.0,0.013472589172977334,-0.013472589172977334,0.061881711168515485,-0.022727396038564995,0.011400163173675537,-0.0006921365601677554
98000189_2022-05-25,98000189,2022-05-25,36,M,98000009.0,0.5253333333333333,-0.0005909090909088643,0.0005909090909088643,0.04014349465407149,0.04014349465407149,-0.04052773527657519,0.04052773527657519,0.0,0.0,0.0,0.0,0.0,0.0,-0.34824530624126565,0.0,0.006068870055541797,0.006068870055541797,0.023149646634852306,0.01644648589322617,0.004470944404602051,-0.004470944404602051
98000190_2022-05-25,98000190,2022-05-25,32,F,98000009.0,0.4660454545454545,-0.002318181818181775,0.002318181818181775,-0.0026445213141861323,0.0026445213141861323,0.14175643785171532,0.14175643785171532,0.0,0.0,-1.0,1.0,0.0,0.0,0.02267013287903827,1.0,0.006374462881001297,-0.006374462881001297,0.06393597255070627,0.06393597255070627,0.06863939762115479,0.06863939762115479
98000191_2022-05-25,98000191,2022-05-25,40,F,98000009.0,0.5085,-0.012590909090909097,0.012590909090909097,0.0060477749801005065,0.0060477749801005065,0.0095186846814138,0.0095186846814138,0.0,0.0,0.0,0.0,0.0,0.0,-0.5494151970428703,0.0,0.004776599414644034,-0.004776599414644034,0.013731885160039037,-0.0039267094855711115,0.006188929080963135,-0.0020568175315855974
98000192_2022-05-25,98000192,2022-05-25,31,M,98000009.0,0.4575999999999999,0.035800000000000054,0.035800000000000054,0.04121949915683176,0.04121949915683176,0.032654892420460935,0.032654892420460935,0.0,0.0,0.0,0.0,0.0,0.0,0.001626961590243568,0.0,0.026166797231164107,0.026166797231164107,0.0851701805059083,0.0851701805059083,0.029692888259887695,0.029692888259887695
98000193_2022-05-25,98000193,2022-05-25,49,F,98000009.0,0.3877142857142858,0.005818181818181722,0.005818181818181722,0.04927710709118194,0.04927710709118194,0.003958403568372293,0.003958403568372293,0.0,0.0,-1.0,1.0,0.0,0.0,-0.021505191825130544,1.0,0.0027434030013940847,0.0027434030013940847,0.022504278265067068,-0.022504278265067068,0.002519547939300537,-0.002519547939300537
98000195_2022-05-25,98000195,2022-05-25,25,M,98000009.0,0.4988095238095238,0.00045454545454559625,0.00045454545454559625,0.026057845906855504,0.026057845906855504,0.03251679157698191,0.03251679157698191,0.0,0.0,0.0,0.0,0.0,0.0,-0.47021188204520925,0.0,0.004301708481005084,0.004301708481005084,0.04489213496802347,0.020387358898815378,0.0021326541900634766,0.0021326541900634766
98000197_2022-05-25,98000197,2022-05-25,38,M,98000009.0,0.4755454545454546,-0.021818181818181626,0.021818181818181626,-0.016307020079839918,0.016307020079839918,0.0602256165555875,0.0602256165555875,0.0,0.0,0.0,0.0,0.0,0.0,-0.23487427464932684,0.0,0.02035471429152247,-0.02035471429152247,0.036145156811425605,-0.036145156811425605,0.01703101396560669,-0.01703101396560669
98000198_2022-05-25,98000198,2022-05-25,52,F,98000009.0,0.7746190476190475,-0.0035454545454546293,0.0035454545454546293,0.041700151183055645,0.041700151183055645,-0.03322476076865191,0.03322476076865191,0.0,0.0,0.0,0.0,0.0,0.0,-0.3281575009827367,0.0,0.011410567767089264,0.011410567767089264,0.012838317802922217,0.0028648267700973618,0.013236284255981445,-0.003358135177975452
98000200_2022-05-25,98000200,2022-05-25,50,F,98000009.0,0.423,0.005500000000000005,0.005500000000000005,0.010709869105442596,0.010709869105442596,0.0809660019190375,0.0809660019190375,0.0,0.0,0.0,0.0,0.0,0.0,-0.38231372088493126,0.0,0.006911693030904553,0.006911693030904553,0.00012081178393780201,-0.00012081178393780201,0.0042729973793029785,0.0042729973793029785
98000201_2022-05-25,98000201,2022-05-25,31,F,98000009.0,0.6781428571428572,-0.0019047619047620756,0.0019047619047620756,0.025885696427744104,0.025885696427744104,-0.07964403005844733,0.07964403005844733,0.0,0.0,0.0,0.0,-1.0,1.0,0.36597333315611397,1.0,0.00020169355441790326,0.00020169355441790326,0.027665862968314858,-0.027665862968314858,0.030093491077423096,-0.030093491077423096
98000203_2022-05-25,98000203,2022-05-25,41,M,98000009.0,0.6910909090909091,-0.006227272727272748,0.006227272727272748,0.021445023242413874,0.021445023242413874,0.054951635071704794,0.054951635071704794,0.0,0.0,-1.0,1.0,0.0,0.0,-0.060422945825563096,1.0,0.00950667678633943,-0.00950667678633943,0.04876293195604431,-0.028663566274435004,0.016499102115631104,-0.016499102115631104
98000204_2022-05-25,98000204,2022-05-25,21,M,98000009.0,0.4785714285714285,-0.040238095238095184,0.040238095238095184,-0.018226041013152505,0.018226041013152505,-0.02913150926743127,0.02913150926743127,0.0,0.0,0.0,0.0,0.0,0.0,-0.12121456354711224,0.0,0.028923660387535743,-0.028923660387535743,0.024235684313288153,-0.024235684313288153,0.03171795606613159,-0.004604729584285372
98000205_2022-05-25,98000205,2022-05-25,53,M,98000010.0,0.4893636363636364,0.007318181818181779,0.007318181818181779,0.0015336147599031846,0.0015336147599031846,-0.04856124063172604,0.04856124063172604,0.0,0.0,0.0,0.0,0.0,0.0,-0.5213260256141957,0.0,0.007506837750098028,-0.007506837750098028,0.00836399454282849,0.00836399454282849,0.015706390142440796,-0.015706390142440796
98000207_2022-05-25,98000207,2022-05-25,60,M,98000010.0,0.5395,0.01795238095238083,0.01795238095238083,0.03424729542241178,0.03424729542241178,0.060096337016273704,0.060096337016273704,0.0,0.0,0.0,0.0,0.0,0.0,-0.15161341213538945,0.0,0.008960155039047235,0.008960155039047235,0.04546226355920324,-0.04546226355920324,0.004256725311279297,0.004256725311279297
98000208_2022-05-25,98000208,2022-05-25,26,M,98000010.0,0.9355238095238096,-0.0763636363636363,0.0763636363636363,-0.048281807973526936,0.048281807973526936,0.14929280879645201,0.14929280879645201,0.0,0.0,0.0,0.0,0.0,0.0,0.8117823779775604,0.0,0.06860712465430308,0.06860712465430308,0.20850919768340026,0.20850919768340026,0.10809576511383057,0.10809576511383057
98000209_2022-05-25,98000209,2022-05-25,32,F,98000010.0,0.5615454545454546,-0.0017142857142856682,0.0017142857142856682,0.02916516769005889,0.02916516769005889,0.056334272036046004,0.056334272036046004,0.0,0.0,0.0,0.0,0.0,0.0,-0.36618476060198796,0.0,0.0006459527757539663,0.0006459527757539663,0.045267853883025455,-0.045267853883025455,0.010679781436920166,-0.010679781436920166
98000210_2022-05-25,98000210,2022-05-25,28,F,98000010.0,0.7231428571428572,-0.02859999999999996,0.02859999999999996,0.00962556940407866,0.00962556940407866,-0.08172672616602561,0.08172672616602561,0.0,0.0,0.0,0.0,0.0,0.0,-0.14782307906440315,0.0,0.018226165538138606,0.018226165538138606,0.013538887228379148,-0.012333585111898526,0.0016527175903320312,-0.0016527175903320312
98000211_2022-05-25,98000211,2022-05-25,22,M,98000010.0,0.8380500000000002,-0.040000000000000036,0.040000000000000036,-0.047319917845740855,0.047319917845740855,-0.17752051582649497,0.17752051582649497,0.0,0.0,0.0,0.0,0.0,0.0,0.5101248337318721,0.0,0.03197845956401635,0.03197845956401635,0.012704037685056013,0.012704037685056013,0.005814194679260254,0.005814194679260254
98000214_2022-05-25,98000214,2022-05-25,21,M,98000010.0,0.583952380952381,-0.03876190476190455,0.03876190476190455,-0.07931992711814861,0.07931992711814861,0.11663480613165028,0.11663480613165028,0.0,0.0,0.0,0.0,0.0,0.0,0.5403174031526091,0.0,0.028957797454600365,0.028957797454600365,0.03852695752555679,0.0005893192095768329,0.008437514305114746,0.00538173067002079
98000216_2022-05-25,98000216,2022-05-25,24,F,98000252.0,0.6338095238095238,0.03499999999999981,0.03499999999999981,0.0468904209794585,0.0468904209794585,0.13271543787764822,0.13271543787764822,0.0,0.0,0.0,0.0,0.0,0.0,0.3244941301451784,0.0,0.012415913702217063,0.012415913702217063,0.049750694679148166,0.049750694679148166,0.005001425743103027,0.005001425743103027
98000219_2022-05-25,98000219,2022-05-25,65,M,98000010.0,0.6959047619047619,0.0050476190476191896,0.0050476190476191896,0.002594176145868987,0.002594176145868987,-0.04241118124436438,0.04241118124436438,0.0,0.0,-1.0,1.0,0.0,0.0,-0.23931063881447234,1.0,0.008544056144772605,-0.008544056144772605,0.016749597412077488,-0.016749597412077488,0.011149823665618896,-0.011149823665618896
98000220_2022-05-25,98000220,2022-05-25,65,M,98000010.0,0.4688636363636364,0.031681818181818144,0.031681818181818144,0.03293080466819914,0.03293080466819914,-0.005541609398096614,0.005541609398096614,0.0,0.0,0.0,0.0,0.0,0.0,-0.17743048672796244,0.0,0.031278014183763414,0.031278014183763414,0.043233805088385036,0.043233805088385036,0.04066061973571777,0.04066061973571777
98000222_2022-05-25,98000222,2022-05-25,65,F,98000010.0,0.5506818181818182,-0.04800000000000004,0.04800000000000004,-0.014592124030374354,0.014592124030374354,-0.04113160897679702,0.04113160897679702,0.0,0.0,0.0,0.0,0.0,0.0,-0.030698764400789492,0.0,0.03531484450051969,-0.03531484450051969,0.0056508138712357825,0.0056508138712357825,0.03886014223098755,-0.03886014223098755
98000224_2022-05-25,98000224,2022-05-25,23,F,98000010.0,0.4819545454545455,0.01123809523809527,0.01123809523809527,-0.029456107147679295,0.029456107147679295,0.001789846313244886,0.001789846313244886,0.0,0.0,0.0,0.0,0.0,0.0,-0.42453232123316637,0.0,0.011496098670544797,0.011496098670544797,0.0008928136513181029,0.0008928136513181029,0.019804656505584717,0.019804656505584717
98000225_2022-05-25,98000225,2022-05-25,37,F,98000010.0,0.7952272727272728,0.010590909090909206,0.010590909090909206,0.0030699638142380747,0.0030699638142380747,0.07525556909831155,0.07525556909831155,0.0,0.0,-1.0,1.0,0.0,0.0,-0.08263189740256141,1.0,0.006753957911604269,-0.006753957911604269,0.035399670145845885,0.035399670145845885,0.07905715703964233,-0.07905715703964233
98000227_2022-05-25,98000227,2022-05-25,54,F,98000011.0,0.5591363636363637,-0.04290476190476189,0.04290476190476189,-0.03302223925621739,0.03302223925621739,0.0706122615359527,0.0706122615359527,0.0,0.0,0.0,0.0,0.0,0.0,0.12960449178158784,0.0,0.03305638550379886,-0.03305638550379886,0.06099109583894635,-0.06099109583894635,0.046009957790374756,-0.046009957790374756
98000230_2022-05-25,98000230,2022-05-25,56,M,98000011.0,0.8730999999999998,-0.02715000000000023,0.02715000000000023,-0.05719601573548452,0.05719601573548452,0.005730980205103403,0.005730980205103403,0.0,0.0,-1.0,1.0,0.0,0.0,0.25969558781153723,1.0,0.017926726923802705,0.017926726923802705,0.016011843245035573,0.016011843245035573,0.03244912624359131,0.03244912624359131
98000231_2022-05-25,98000231,2022-05-25,45,F,98000011.0,0.8156818181818182,0.012523809523809604,0.012523809523809604,0.027060726954135694,0.027060726954135694,0.041225994990258696,0.041225994990258696,0.0,0.0,0.0,0.0,0.0,0.0,-0.31260924279766394,0.0,0.002703779680019336,0.002703779680019336,0.004574671869751357,-0.004574671869751357,0.0036426186561584473,-0.0036426186561584473
98000232_2022-05-25,98000232,2022-05-25,34,M,98000011.0,0.3763181818181818,-0.016909090909090874,0.016909090909090874,0.024789104440878063,0.024789104440878063,0.08582453774539067,0.08582453774539067,0.0,0.0,-2.0,2.0,0.0,0.0,0.4798353837535405,2.0,0.017582218768264934,-0.017582218768264934,0.05880575023714629,0.05880575023714629,0.02204078435897827,0.02204078435897827
98000234_2022-05-25,98000234,2022-05-25,21,M,98000011.0,0.291090909090909,0.00647619047619058,0.00647619047619058,0.030781204927574995,0.030781204927574995,-0.0561255984229793,0.0561255984229793,0.0,0.0,-3.0,3.0,0.0,0.0,0.6424228290909021,3.0,0.008545166098123003,0.008545166098123003,0.010315005026201807,-0.010315005026201807,0.0041026771068573,0.0041026771068573
98000235_2022-05-25,98000235,2022-05-25,58,M,98000011.0,0.4706666666666667,-0.0198181818181819,0.0198181818181819,-0.011026772378044725,0.011026772378044725,-0.0073644355696167035,0.0073644355696167035,0.0,0.0,-1.0,1.0,0.0,0.0,-0.13012974016586856,1.0,0.010794313613204043,-0.010794313613204043,0.010430409225873072,0.010430409225873072,0.007057309150695801,-0.007057309150695801
98000236_2022-05-25,98000236,2022-05-25,63,F,98000011.0,0.6685454545454544,0.02022727272727276,0.02022727272727276,0.014875702437027294,0.014875702437027294,-0.11429190114364271,0.11429190114364271,0.0,0.0,0.0,0.0,0.0,0.0,-0.1034551525329606,0.0,0.02177218893216959,0.02177218893216959,0.0188924551967925,0.0188924551967925,0.04048222303390503,0.04048222303390503
98000237_2022-05-25,98000237,2022-05-25,44,F,98000011.0,0.9332727272727273,-0.021954545454545782,0.021954545454545782,0.03603642311877708,0.03603642311877708,0.2055888073442076,0.2055888073442076,0.0,0.0,-1.0,1.0,-1.0,1.0,1.3279043155641346,2.0,0.021181191130820953,-0.021181191130820953,0.06704337986396347,-0.02885000065307486,0.08450925350189209,-0.0013701757951216642
98000240_2022-05-25,98000240,2022-05-25,56,F,98000011.0,0.9551904761904764,-0.051045454545454394,0.051045454545454394,-0.012506385631749717,0.012506385631749717,0.07120691890770475,0.07120691890770475,0.0,0.0,-1.0,1.0,0.0,0.0,0.39051782329246437,1.0,0.049009198204937876,-0.01278496035990373,0.039066369104010956,-0.039066369104010956,0.04508101940155029,-0.01794160125369082
98000241_2022-05-25,98000241,2022-05-25,42,F,98000011.0,0.7787619047619048,0.03295454545454546,0.03295454545454546,0.038560289039943296,0.038560289039943296,0.1193706076087241,0.1193706076087241,0.0,0.0,0.0,0.0,0.0,0.0,0.20684961575731572,0.0,0.027856383904099058,-0.027856383904099058,0.07643220711354581,-0.07643220711354581,0.04521971940994263,-0.04521971940994263
98000244_2022-05-25,98000244,2022-05-25,65,F,98000011.0,0.6310909090909089,-0.026772727272727337,0.026772727272727337,-0.012583413795531406,0.012583413795531406,0.062342522237494036,0.062342522237494036,0.0,0.0,-2.0,2.0,0.0,0.0,0.4294698228300053,2.0,0.02413686456347197,0.02413686456347197,0.09069591783763242,-0.09069591783763242,0.06916075944900513,-0.06916075944900513
98000247_2022-05-25,98000247,2022-05-25,18,F,98000012.0,0.3815714285714285,-0.01050000000000001,0.01050000000000001,-0.018065301693338504,0.018065301693338504,0.0120922693913538,0.0120922693913538,0.0,0.0,-1.0,1.0,0.0,0.0,-0.16448690731825785,1.0,0.0005601280290645771,-0.0005601280290645771,0.025213509865871675,-0.025213509865871675,0.010572761297225952,0.010572761297225952
98000249_2022-05-25,98000249,2022-05-25,45,F,98000012.0,0.5649545454545454,-0.000523809523809482,0.000523809523809482,-0.008309900455171076,0.008309900455171076,-0.0817295188556567,0.0817295188556567,0.0,0.0,0.0,0.0,0.0,0.0,-0.44828824338099005,0.0,0.009003673001665935,0.009003673001665935,0.037831873878654165,0.034583653234095624,0.008244037628173828,0.008244037628173828
98000250_2022-05-25,98000250,2022-05-25,40,F,98000012.0,0.4635909090909091,-0.016136363636363615,0.016136363636363615,0.03829476802479562,0.03829476802479562,0.12068229558362079,0.12068229558362079,0.0,0.0,0.0,0.0,0.0,0.0,0.03429381703847346,0.0,0.014902320437273464,-0.014902320437273464,0.0016415273108402184,-0.0016415273108402184,0.0230444073677063,-0.0230444073677063
98000251_2022-05-25,98000251,2022-05-25,27,M,98000012.0,0.458578947368421,0.01409090909090921,0.01409090909090921,0.02819240584055327,0.02819240584055327,0.02128108710873683,0.02128108710873683,0.0,0.0,0.0,0.0,0.0,0.0,-0.34675152247848634,0.0,0.016404454578610894,-0.016404454578610894,0.010525641147052567,0.005798923740386264,0.027521073818206787,-0.021349078780726227
98000255_2022-05-25,98000255,2022-05-25,34,F,98000012.0,0.5223809523809524,-0.023809523809523836,0.023809523809523836,-0.017999708196617087,0.017999708196617087,0.0964325794932835,0.0964325794932835,0.0,0.0,0.0,0.0,0.0,0.0,-0.09685129586854023,0.0,0.01988057611060734,-0.01988057611060734,0.043419924543983135,-0.043419924543983135,0.010750353336334229,-0.010750353336334229
98000256_2022-05-25,98000256,2022-05-25,65,F,98000012.0,0.8425909090909088,0.0233000000000001,0.0233000000000001,0.016348279410699884,0.016348279410699884,0.2919187765068757,0.2919187765068757,0.0,0.0,-1.0,1.0,-1.0,1.0,1.4580239914590924,2.0,0.017246352083231886,-0.017246352083231886,0.034033053314019845,-0.034033053314019845,0.0010480880737304688,0.0010480880737304688
98000258_2022-05-25,98000258,2022-05-25,46,F,98000012.0,0.7371818181818182,0.012190476190476418,0.012190476190476418,0.08950903379003272,0.08950903379003272,-0.1369205917360995,0.1369205917360995,0.0,0.0,0.0,0.0,0.0,0.0,0.39403582513656404,0.0,0.008151528036369649,0.008151528036369649,0.005212385557897381,0.005212385557897381,0.029875874519348145,-0.029875874519348145
98000259_2022-05-25,98000259,2022-05-25,45,F,98000012.0,0.5187727272727273,-0.027523809523809617,0.027523809523809617,-0.008756599502777601,0.008756599502777601,0.018098296413215198,0.018098296413215198,0.0,0.0,0.0,0.0,0.0,0.0,-0.35070127614857566,0.0,0.023848993751597325,-0.023848993751597325,0.05697417639365743,-0.05697417639365743,0.03409761190414429,-0.03409761190414429
98000261_2022-05-25,98000261,2022-05-25,44,F,98000012.0,0.4968181818181818,0.01831818181818201,0.01831818181818201,0.0427500218812116,0.0427500218812116,0.09231840460568919,0.09231840460568919,0.0,0.0,-1.0,1.0,0.0,0.0,0.321101662739651,1.0,0.01566256808082711,0.01566256808082711,0.026838549568589443,0.026838549568589443,0.012735545635223389,0.012735545635223389
98000266_2022-05-25,98000266,2022-05-25,62,M,98000012.0,0.6982272727272727,-0.018999999999999906,0.018999999999999906,-0.05093286611971276,0.05093286611971276,-0.0128156694080385,0.0128156694080385,0.0,0.0,0.0,0.0,0.0,0.0,-0.16363475430855667,0.0,0.013582834220218554,-0.013582834220218554,0.02688600412058395,0.02688600412058395,0.0026025772094726562,0.0026025772094726562
98000268_2022-05-25,98000268,2022-05-25,63,F,98000013.0,0.5967619047619048,0.007904761904761859,0.007904761904761859,0.019357389396066738,0.019357389396066738,0.2037352605553442,0.2037352605553442,0.0,0.0,-2.0,2.0,0.0,0.0,0.6930599756138044,2.0,0.0029366315519639974,0.0029366315519639974,0.005625245210168162,0.0017253295164039173,0.0013308525085449219,-0.0013308525085449219
98000269_2022-05-25,98000269,2022-05-25,21,F,98000013.0,0.5389047619047618,0.014090909090909043,0.014090909090909043,0.03931997369305401,0.03931997369305401,0.0715500116698218,0.0715500116698218,0.0,0.0,0.0,0.0,0.0,0.0,-0.12326695044563196,0.0,0.016462198097023983,0.016462198097023983,0.015199582856917249,0.015199582856917249,0.02632308006286621,0.02530186248960975
98000270_2022-05-25,98000270,2022-05-25,55,F,98000013.0,0.6232272727272729,-0.010363636363636353,0.010363636363636353,0.029076095664939378,0.029076095664939378,-0.0470247140893654,0.0470247140893654,0.0,0.0,0.0,0.0,0.0,0.0,-0.304201394454832,0.0,0.005501426358138439,-0.005501426358138439,0.020012709349882862,-0.020012709349882862,0.012377619743347168,-0.012377619743347168
98000271_2022-05-25,98000271,2022-05-25,22,F,98000013.0,0.6527142857142858,0.016761904761904867,0.016761904761904867,-0.05696428673044751,0.05696428673044751,0.08603954412018677,0.08603954412018677,0.0,0.0,-1.0,1.0,0.0,0.0,0.3846798647570473,1.0,0.01603504414462642,-0.01603504414462642,0.05166997361433734,-0.05166997361433734,0.03028815984725952,-0.03028815984725952
98000272_2022-05-25,98000272,2022-05-25,59,F,98000013.0,0.6724545454545455,0.003049999999999997,0.003049999999999997,0.0673814963817948,0.0673814963817948,0.0290770904475538,0.0290770904475538,0.0,0.0,0.0,0.0,0.0,0.0,-0.1682434811138971,0.0,0.004642013289722691,-0.004642013289722691,0.024084720752180377,0.024084720752180377,0.021639645099639893,-0.021639645099639893
98000273_2022-05-25,98000273,2022-05-25,50,F,98000013.0,0.6976499999999999,-0.006714285714285784,0.006714285714285784,0.027652901462627305,0.027652901462627305,-0.17678062755798102,0.17678062755798102,0.0,0.0,-1.0,1.0,0.0,0.0,0.343042225712435,1.0,0.013827313911868977,-0.013827313911868977,0.004392665226519821,0.004392665226519821,0.023535192012786865,-0.023535192012786865
98000274_2022-05-25,98000274,2022-05-25,41,M,98000013.0,0.7575,-0.007631578947368656,0.007631578947368656,0.002655858615376705,0.002655858615376705,0.08414816922785051,0.08414816922785051,0.0,0.0,0.0,0.0,0.0,0.0,-0.40646301116455424,0.0,0.00907281649144387,-0.00907281649144387,0.05659685717242635,-0.05659685717242635,0.020420372486114502,-0.020420372486114502
98000276_2022-05-25,98000276,2022-05-25,21,M,98000013.0,0.4508,-0.02285714285714291,0.02285714285714291,-0.00678247927325451,0.00678247927325451,0.1763131343827869,0.1763131343827869,0.0,0.0,-1.0,1.0,0.0,0.0,0.36524712433326223,1.0,0.023423672063481726,-0.023423672063481726,0.013622652828346127,-0.013622652828346127,0.010296642780303955,-0.010296642780303955
98000277_2022-05-25,98000277,2022-05-25,25,F,98000013.0,0.8067619047619048,0.014190476190476198,0.014190476190476198,0.0660509603630694,0.0660509603630694,-0.002639470962825796,0.002639470962825796,0.0,0.0,-1.0,1.0,0.0,0.0,0.17725362110673393,1.0,0.015280769910592573,-0.015280769910592573,0.04490710094141381,-0.04490710094141381,0.0075154900550842285,-0.0075154900550842285
98000281_2022-05-25,98000281,2022-05-25,36,F,98000013.0,0.9639090909090908,0.03136363636363626,0.03136363636363626,0.11609368476853749,0.11609368476853749,-0.036055081559088806,0.036055081559088806,0.0,0.0,0.0,0.0,-1.0,1.0,1.166794583567234,1.0,0.010231488248208409,0.010231488248208409,0.01662508097846782,0.01662508097846782,0.005738258361816406,-0.005738258361816406
98000282_2022-05-25,98000282,2022-05-25,52,M,98000013.0,0.6228636363636363,0.03980952380952374,0.03980952380952374,0.05864021633094696,0.05864021633094696,-0.020599342694950395,0.020599342694950395,0.0,0.0,0.0,0.0,0.0,0.0,0.1282305592177352,0.0,0.034059016086154914,0.030252423639387738,0.022062603715331197,0.022062603715331197,0.04296213388442993,0.04161652734062904
98000283_2022-05-25,98000283,2022-05-25,26,F,98000013.0,0.5685454545454545,-0.03290000000000004,0.03290000000000004,0.021029801923457603,0.021029801923457603,-0.14478158821228276,0.14478158821228276,0.0,0.0,-1.0,1.0,0.0,0.0,0.47573277101927475,1.0,0.02013378644538244,-0.02013378644538244,0.028331632676990903,-0.028331632676990903,0.023156046867370605,-0.023156046867370605
98000284_2022-05-25,98000284,2022-05-25,28,M,98000013.0,0.7213999999999999,-0.02671428571428558,0.02671428571428558,0.03710359835309196,0.03710359835309196,0.0908335932139958,0.0908335932139958,0.0,0.0,0.0,0.0,0.0,0.0,0.04874247786120564,0.0,0.032207486813993436,-0.032207486813993436,0.023497076921499604,-0.023497076921499604,0.008914709091186523,0.008914709091186523
98000285_2022-05-25,98000285,2022-05-25,65,F,98000013.0,0.6644761904761906,0.017142857142857182,0.017142857142857182,0.026611372798830468,0.026611372798830468,0.03782121807465619,0.03782121807465619,0.0,0.0,0.0,0.0,0.0,0.0,-0.277706541083983,0.0,0.01350278261686505,-0.01350278261686505,0.015930749720213577,-0.015930749720213577,0.009231150150299072,0.009231150150299072
98000286_2022-05-25,98000286,2022-05-25,20,F,98000013.0,0.4595238095238094,0.014500000000000068,0.014500000000000068,0.023707552104546198,0.023707552104546198,0.0029468822170898995,0.0029468822170898995,0.0,0.0,-1.0,1.0,0.0,0.0,-0.11074166323618544,1.0,0.01335371281968123,0.01335371281968123,0.006421612394204468,-0.006421612394204468,0.01870781183242798,0.01870781183242798
98000287_2022-05-25,98000287,2022-05-25,44,M,98000726.0,0.5403181818181818,-0.018549999999999955,0.018549999999999955,0.02976530816772091,0.02976530816772091,-0.08720412595005389,0.08720412595005389,0.0,0.0,-1.0,1.0,0.0,0.0,0.21900572423160872,1.0,0.011224288100683877,-0.011224288100683877,0.007874324948707434,-0.007874324948707434,0.01619631052017212,-0.01619631052017212
98000289_2022-05-25,98000289,2022-05-25,30,M,98000726.0,0.9593181818181818,-0.02004761904761887,0.02004761904761887,0.005885731455056886,0.005885731455056886,0.2652990897269184,0.2652990897269184,0.0,0.0,0.0,0.0,0.0,0.0,0.2734120172517529,0.0,0.02869650900870202,0.02869650900870202,0.06943140187761798,0.06943140187761798,0.0738673210144043,0.0738673210144043
98000291_2022-05-25,98000291,2022-05-25,19,M,98000726.0,0.4212857142857144,0.03747619047619044,0.03747619047619044,0.03324800045568169,0.03324800045568169,-0.027162234837167232,0.027162234837167232,0.0,0.0,0.0,0.0,-1.0,1.0,0.6327707376709338,1.0,0.03536707418650409,0.03536707418650409,0.038883460792917934,0.038883460792917934,0.04752880334854126,0.04752880334854126
98000294_2022-05-25,98000294,2022-05-25,44,M,98000726.0,0.93905,-0.02209090909090894,0.02209090909090894,-0.06462728664444095,0.06462728664444095,-0.135460179974586,0.135460179974586,0.0,0.0,0.0,0.0,0.0,0.0,0.32088175138060987,0.0,0.010267442240064595,0.010267442240064595,0.010828096143224442,-0.010828096143224442,0.046904146671295166,-0.046904146671295166
98000296_2022-05-25,98000296,2022-05-25,45,F,98000726.0,0.8211999999999999,-0.010666666666666713,0.010666666666666713,0.02828116663298358,0.02828116663298358,0.04651749516621981,0.04651749516621981,0.0,0.0,-1.0,1.0,0.0,0.0,0.008194660822359914,1.0,0.007952248339793355,0.007952248339793355,0.005716148962558565,-0.005716148962558565,0.0038805007934570312,-0.0038805007934570312
98000297_2022-05-25,98000297,2022-05-25,27,F,98000726.0,0.4879523809523809,0.015045454545454473,0.015045454545454473,0.031164643490478705,0.031164643490478705,0.03374679079899359,0.03374679079899359,0.0,0.0,0.0,0.0,0.0,0.0,-0.2799565774903507,0.0,0.012117777851859579,-0.012117777851859579,0.026328896641481303,0.0036024374993074426,0.014378726482391357,0.014378726482391357
98000298_2022-05-25,98000298,2022-05-25,63,F,98000726.0,0.5814285714285715,0.007863636363636295,0.007863636363636295,0.04292824052743702,0.04292824052743702,-0.08809548507559439,0.08809548507559439,0.0,0.0,0.0,0.0,0.0,0.0,-0.1147153002015442,0.0,0.011642556321120434,-0.011642556321120434,0.013774245110811156,-0.013774245110811156,0.006457626819610596,-0.006457626819610596
98000299_2022-05-25,98000299,2022-05-25,50,F,98000726.0,0.6369090909090909,0.01568181818181813,0.01568181818181813,0.033383079963624385,0.033383079963624385,0.0014929592074894027,0.0014929592074894027,0.0,0.0,-3.0,3.0,0.0,0.0,0.596457386922573,3.0,0.01611778657190288,-0.01611778657190288,0.013327418840092808,-0.013327418840092808,0.003975570201873779,-0.003975570201873779
98000301_2022-05-25,98000301,2022-05-25,25,M,98000726.0,0.3774,0.02899999999999997,0.02899999999999997,0.03368230665348079,0.03368230665348079,-0.002216440204297898,0.002216440204297898,0.0,0.0,0.0,0.0,0.0,0.0,-0.20978558934928904,0.0,0.028102042465765142,0.028102042465765142,0.0128996891724244,-0.0128996891724244,0.008961141109466553,0.008961141109466553
98000302_2022-05-25,98000302,2022-05-25,62,M,98000726.0,0.899909090909091,0.02395238095238117,0.02395238095238117,0.08812614632921056,0.08812614632921056,-0.12097392877190766,0.12097392877190766,0.0,0.0,0.0,0.0,0.0,0.0,0.46002651398412975,0.0,0.013645379197464336,-0.013645379197464336,0.050690782615114394,0.050690782615114394,0.022020280361175537,-0.022020280361175537
98000304_2022-05-25,98000304,2022-05-25,20,F,98000726.0,0.4522380952380953,0.012809523809523826,0.012809523809523826,0.029813935095272803,0.029813935095272803,-0.03839829302987219,0.03839829302987219,0.0,0.0,0.0,0.0,0.0,0.0,-0.2989042205221963,0.0,0.016530819541783703,0.016530819541783703,0.006706764026386647,-0.006706764026386647,0.003186255693435669,0.003186255693435669
98000305_2022-05-25,98000305,2022-05-25,22,M,98000726.0,0.3972272727272727,0.00374999999999992,0.00374999999999992,0.01751337613155396,0.01751337613155396,-0.07520897761719603,0.07520897761719603,0.0,0.0,-1.0,1.0,0.0,0.0,-0.05413077674273358,1.0,0.008907373116518957,0.008907373116518957,0.0009659523777185708,-0.0009659523777185708,0.011293470859527588,-0.011293470859527588
98000306_2022-05-25,98000306,2022-05-25,50,F,98000726.0,0.7630909090909092,0.005772727272727263,0.005772727272727263,0.018394754933646507,0.018394754933646507,0.02819973548403809,0.02819973548403809,0.0,0.0,-1.0,1.0,0.0,0.0,-0.16426429869478168,1.0,0.001559326748769685,-0.001559326748769685,0.0357744401269906,0.0357744401269906,0.005221366882324219,0.005221366882324219
98000308_2022-05-25,98000308,2022-05-25,40,F,98000015.0,0.5366500000000001,0.0029999999999998916,0.0029999999999998916,0.0338492070600111,0.0338492070600111,0.0564990534477843,0.0564990534477843,0.0,0.0,0.0,0.0,0.0,0.0,-0.32004689835885874,0.0,0.0004252586518982415,0.0004252586518982415,0.03770620126728086,0.03770620126728086,0.02671957015991211,0.02671957015991211
98000309_2022-05-25,98000309,2022-05-25,19,M,98000015.0,0.49265,-0.028749999999999998,0.028749999999999998,-0.024673029053537687,0.024673029053537687,0.07137539663168149,0.07137539663168149,0.0,0.0,0.0,0.0,0.0,0.0,-0.07267441968448275,0.0,0.024495037348978788,0.024495037348978788,0.029827582462892743,0.008645171042562128,0.014000028371810913,0.0052500024318694605
98000311_2022-05-25,98000311,2022-05-25,62,F,98000015.0,0.6837272727272726,0.02659090909090922,0.02659090909090922,0.043050053674170696,0.043050053674170696,-0.026583076165037203,0.026583076165037203,0.0,0.0,0.0,0.0,0.0,0.0,-0.09904630405542918,0.0,0.024618718536542517,-0.024618718536542517,0.06147373850322191,-0.06147373850322191,0.028737306594848633,-0.028737306594848633
98000312_2022-05-25,98000312,2022-05-25,39,M,98000015.0,0.32435,0.04022727272727278,0.04022727272727278,0.06908677716073208,0.06908677716073208,0.10251316096574278,0.10251316096574278,0.0,0.0,0.0,0.0,0.0,0.0,0.44371578134110057,0.0,0.021651318248853912,0.021651318248853912,0.07595515402711928,-0.07595515402711928,0.026223838329315186,-0.026223838329315186
98000313_2022-05-25,98000313,2022-05-25,39,M,98000015.0,0.7234090909090909,-0.01959999999999995,0.01959999999999995,0.015049201284149438,0.015049201284149438,-0.1255781522370718,0.1255781522370718,0.0,0.0,0.0,0.0,0.0,0.0,-0.07582711995627704,0.0,0.015198534079997272,0.015198534079997272,0.1506367093283839,-0.1506367093283839,0.0022717714309692383,-0.0022717714309692383
98000316_2022-05-25,98000316,2022-05-25,47,M,98000015.0,0.4512380952380952,0.0283333333333331,0.0283333333333331,0.030629305696553116,0.030629305696553116,-0.0913549649437474,0.0913549649437474,0.0,0.0,0.0,0.0,0.0,0.0,0.02240523579736321,0.0,0.02531286549553513,0.02531286549553513,0.03793690606905109,0.03793690606905109,0.02923029661178589,0.02923029661178589
98000319_2022-05-25,98000319,2022-05-25,54,M,98000015.0,0.7241052631578948,-0.0280476190476191,0.0280476190476191,-0.022752003982651314,0.022752003982651314,0.1073182524607153,0.1073182524607153,0.0,0.0,0.0,0.0,0.0,0.0,0.011690970380720617,0.0,0.01968443213627935,0.01968443213627935,0.0113355405711415,0.0113355405711415,0.00885772705078125,0.00885772705078125
98000321_2022-05-25,98000321,2022-05-25,36,M,98000015.0,0.4720454545454547,-0.010045454545454524,0.010045454545454524,-0.014810554031596201,0.014810554031596201,0.1155195664012864,0.1155195664012864,0.0,0.0,0.0,0.0,0.0,0.0,-0.20599642500050175,0.0,0.0055290848628331,0.0055290848628331,0.0327268709990875,0.0327268709990875,0.011403828859329224,0.011403828859329224
98000322_2022-05-25,98000322,2022-05-25,36,M,98000015.0,0.55715,0.010272727272727267,0.010272727272727267,0.03519970786169713,0.03519970786169713,0.007737869868520181,0.007737869868520181,0.0,0.0,0.0,0.0,0.0,0.0,-0.37756892602288655,0.0,0.011132431944212096,-0.011132431944212096,0.01222303857140189,-0.01222303857140189,0.01900288462638855,0.01900288462638855
98000323_2022-05-25,98000323,2022-05-25,37,M,98000015.0,0.4067142857142856,0.02980000000000005,0.02980000000000005,0.056487434602392805,0.056487434602392805,-0.0825122786128889,0.0825122786128889,0.0,0.0,0.0,0.0,0.0,0.0,0.1901997869241053,0.0,0.02677050921183599,0.02677050921183599,0.010726750410602115,0.010726750410602115,0.014619767665863037,0.014619767665863037
98000324_2022-05-25,98000324,2022-05-25,29,M,98000015.0,0.4848095238095237,0.021227272727272817,0.021227272727272817,0.07339206788753128,0.07339206788753128,-0.1534698270273074,0.1534698270273074,0.0,0.0,0.0,0.0,0.0,0.0,0.4249471372708984,0.0,0.017467339972502605,0.017467339972502605,0.07663869347542607,0.07663869347542607,0.028334587812423706,0.028334587812423706
98000327_2022-05-25,98000327,2022-05-25,18,M,98000605.0,0.5539,0.012380952380952492,0.012380952380952492,0.012827863965234498,0.012827863965234498,0.0497986303603459,0.0497986303603459,0.0,0.0,0.0,0.0,0.0,0.0,-0.3872558156527233,0.0,0.007487817108892791,-0.007487817108892791,0.015685873681553164,-0.015685873681553164,0.012522965669631958,0.012522965669631958
98000328_2022-05-25,98000328,2022-05-25,26,F,98000605.0,0.6511904761904762,0.005249999999999977,0.005249999999999977,-0.02405118888339125,0.02405118888339125,0.11640332219183613,0.11640332219183613,0.0,0.0,0.0,0.0,0.0,0.0,-0.18944174730480265,0.0,0.0032553981087589667,-0.0032553981087589667,0.07521627381695106,0.07521627381695106,0.026243209838867188,-0.026243209838867188
98000329_2022-05-25,98000329,2022-05-25,64,F,98000605.0,0.4668095238095238,0.02436363636363631,0.02436363636363631,0.027285911262958207,0.027285911262958207,-0.0811208215554576,0.0811208215554576,0.0,0.0,0.0,0.0,0.0,0.0,-0.07173046738588591,0.0,0.02871834708583698,0.02871834708583698,0.008120969143658452,0.008120969143658452,0.014762639999389648,0.014762639999389648
98000330_2022-05-25,98000330,2022-05-25,59,F,98000605.0,0.6517727272727272,0.0015238095238095939,0.0015238095238095939,0.04203822973026872,0.04203822973026872,-0.04294432548179869,0.04294432548179869,0.0,0.0,0.0,0.0,0.0,0.0,-0.3184387631687872,0.0,0.002270620651988242,-0.002270620651988242,0.040404691537976434,-0.040404691537976434,0.010754644870758057,0.010754644870758057
98000331_2022-05-25,98000331,2022-05-25,31,M,98000605.0,0.6481428571428572,-0.0008636363636365108,0.0008636363636365108,0.0340115073771807,0.0340115073771807,-0.0860571561940821,0.0860571561940821,0.0,0.0,-1.0,1.0,0.0,0.0,0.0613870838048538,1.0,0.005210441910818431,-0.005210441910818431,0.02940060274332046,-0.009746388924376959,0.006769061088562012,-0.006769061088562012
98000332_2022-05-25,98000332,2022-05-25,38,M,98000605.0,0.7737142857142858,-0.008952380952380934,0.008952380952380934,0.017245419289112024,0.017245419289112024,-0.013530083156693629,0.013530083156693629,0.0,0.0,0.0,0.0,0.0,0.0,-0.49822388824214797,0.0,0.004070103635834044,-0.004070103635834044,0.03194232226820182,-0.03194232226820182,0.02565598487854004,-0.02565598487854004
98000333_2022-05-25,98000333,2022-05-25,60,M,98000605.0,0.5309999999999999,-0.002318181818181886,0.002318181818181886,-0.01512576928646625,0.01512576928646625,-0.08439381758771819,0.08439381758771819,0.0,0.0,-1.0,1.0,0.0,0.0,-0.058654136739871104,1.0,0.0008409037126527741,-0.0008409037126527741,0.019554157197734123,-0.019554157197734123,0.020541727542877197,-0.020541727542877197
98000334_2022-05-25,98000334,2022-05-25,34,F,98000605.0,0.8476818181818182,0.03590476190476166,0.03590476190476166,0.05106052360599178,0.05106052360599178,-0.04047464239271853,0.04047464239271853,0.0,0.0,0.0,0.0,0.0,0.0,0.09342606455231432,0.0,0.026707096503233885,0.026707096503233885,0.04963530295173868,0.04963530295173868,0.030121207237243652,0.030121207237243652
98000337_2022-05-25,98000337,2022-05-25,22,F,98000605.0,0.407,0.012100000000000166,0.012100000000000166,0.04910541290113313,0.04910541290113313,-0.18390159475831386,0.18390159475831386,0.0,0.0,-1.0,1.0,0.0,0.0,0.5677133015512849,1.0,0.012848530466007757,0.012848530466007757,0.045886689836334926,-0.045886689836334926,0.022846221923828125,-0.022846221923828125
98000339_2022-05-25,98000339,2022-05-25,26,F,98000605.0,0.6904500000000001,-0.009333333333333416,0.009333333333333416,0.04391952150624989,0.04391952150624989,-0.18081589958159067,0.18081589958159067,0.0,0.0,-1.0,1.0,0.0,0.0,0.49421756222441354,1.0,0.013279824894847914,-0.013279824894847914,0.07902480524457245,-0.07902480524457245,0.05888199806213379,-0.05888199806213379
98000340_2022-05-25,98000340,2022-05-25,55,F,98000605.0,0.450904761904762,-0.024727272727272598,0.024727272727272598,-0.012307290633470302,0.012307290633470302,0.05261533673919219,0.05261533673919219,0.0,0.0,0.0,0.0,0.0,0.0,-0.2544857734455921,0.0,0.02282712064685316,-0.02282712064685316,0.019444366751005915,-0.019444366751005915,0.015607237815856934,-0.015607237815856934
98000343_2022-05-25,98000343,2022-05-25,34,F,98000605.0,0.6698636363636363,0.043333333333333446,0.043333333333333446,0.01345768584209489,0.01345768584209489,-0.00710216110019582,0.00710216110019582,0.0,0.0,0.0,0.0,0.0,0.0,-0.18628175879685982,0.0,0.040182523647637636,0.02921047412355149,0.06851378333542024,0.031192694691580924,0.0441509485244751,0.0441509485244751
98000344_2022-05-25,98000344,2022-05-25,56,M,98000605.0,0.6315000000000001,-0.01004545454545469,0.01004545454545469,0.05684717914595028,0.05684717914595028,-0.02957055055626201,0.02957055055626201,0.0,0.0,0.0,0.0,0.0,0.0,-0.16686951555929588,0.0,0.013255452558960656,-0.013255452558960656,0.05663709665390659,-0.05663709665390659,0.03568655252456665,0.03568655252456665
98000345_2022-05-25,98000345,2022-05-25,42,M,98000605.0,0.7374090909090909,-0.037523809523809404,0.037523809523809404,0.0201613765656265,0.0201613765656265,0.09182556789918771,0.09182556789918771,0.0,0.0,0.0,0.0,-1.0,1.0,0.7317218569529125,1.0,0.03333340813573682,-0.03333340813573682,0.0421979133623962,-0.0421979133623962,0.0691068172454834,-0.0691068172454834
98000346_2022-05-25,98000346,2022-05-25,28,F,98000605.0,0.5343636363636364,-0.027142857142857135,0.027142857142857135,0.008409097204705701,0.008409097204705701,0.0389479126979806,0.0389479126979806,0.0,0.0,-1.0,1.0,0.0,0.0,0.02001720843810481,1.0,0.01888057688468958,0.018622253353364204,0.007359982543118426,-0.007359982543118426,0.014537453651428223,-0.014537453651428223
98000347_2022-05-25,98000347,2022-05-25,32,F,98000017.0,0.5282272727272727,0.01918181818181819,0.01918181818181819,0.03237908036454609,0.03237908036454609,0.0414667669406914,0.0414667669406914,0.0,0.0,0.0,0.0,0.0,0.0,-0.20611580806590105,0.0,0.016212523414030677,0.016212523414030677,0.02601224545651637,-0.02601224545651637,0.007853031158447266,0.007853031158447266
98000348_2022-05-25,98000348,2022-05-25,30,M,98000017.0,0.8156190476190476,-0.015272727272727105,0.015272727272727105,0.04831473436077399,0.04831473436077399,-0.10694069137211171,0.10694069137211171,0.0,0.0,0.0,0.0,0.0,0.0,0.05434481123471033,0.0,0.0068730854508499695,-0.0068730854508499695,0.016994661889917384,0.016994661889917384,0.004414677619934082,-0.004414677619934082
98000349_2022-05-25,98000349,2022-05-25,55,F,98000017.0,0.7223333333333333,-0.012409090909090925,0.012409090909090925,-0.0005101450207378733,0.0005101450207378733,0.1533546847851456,0.1533546847851456,0.0,0.0,0.0,0.0,0.0,0.0,-0.16968534423128404,0.0,0.011431823945357245,0.011431823945357245,0.026067879662074245,0.026067879662074245,0.021728932857513428,0.021728932857513428
98000351_2022-05-25,98000351,2022-05-25,54,F,98000252.0,0.7088181818181818,0.030000000000000138,0.030000000000000138,0.06448188538759841,0.06448188538759841,-0.05833043748865499,0.05833043748865499,0.0,0.0,0.0,0.0,0.0,0.0,0.1768448707820136,0.0,0.025790328154935205,-0.025790328154935205,0.007179835573408289,0.007179835573408289,0.030659496784210205,-0.030659496784210205
98000355_2022-05-25,98000355,2022-05-25,55,F,98000017.0,0.7004285714285713,0.036227272727273,0.036227272727273,0.08432999943904629,0.08432999943904629,-0.027446642981250602,0.027446642981250602,0.0,0.0,0.0,0.0,0.0,0.0,0.2882568651445026,0.0,0.0293470162244871,0.0293470162244871,0.0988860306508581,0.04335727890092533,0.039520978927612305,0.039520978927612305
98000356_2022-05-25,98000356,2022-05-25,24,F,98000017.0,0.7296190476190476,0.04040909090909106,0.04040909090909106,0.051083818009039106,0.051083818009039106,-0.04523456341899791,0.04523456341899791,0.0,0.0,0.0,0.0,0.0,0.0,0.15422920981860525,0.0,0.03576833437235705,-0.009373248527377975,0.013113347114049656,-0.013113347114049656,0.028001368045806885,0.015230791614169181
98000357_2022-05-25,98000357,2022-05-25,49,M,98000017.0,0.5912272727272727,0.0225238095238095,0.0225238095238095,0.03894834508542119,0.03894834508542119,-0.181721627408994,0.181721627408994,0.0,0.0,0.0,0.0,0.0,0.0,0.28325372457795,0.0,0.016485290720912094,0.016485290720912094,0.034971935758750794,-0.034971935758750794,0.02242213487625122,0.02242213487625122
98000358_2022-05-25,98000358,2022-05-25,57,M,98000017.0,0.6524761904761905,0.02122727272727265,0.02122727272727265,0.05764470664535981,0.05764470664535981,0.046185264904955836,0.046185264904955836,0.0,0.0,-1.0,1.0,0.0,0.0,0.3193951036514491,1.0,0.011540218167359395,0.011540218167359395,0.07952783000418662,0.07952783000418662,0.03853631019592285,0.03853631019592285
98000359_2022-05-25,98000359,2022-05-25,27,M,98000017.0,0.5258571428571429,-0.03331818181818169,0.03331818181818169,-0.05949148104892393,0.05949148104892393,-0.1981450169860741,0.1981450169860741,0.0,0.0,0.0,0.0,0.0,0.0,0.5849381198180946,0.0,0.01806260221572975,-0.01806260221572975,0.037348439253294785,0.037348439253294785,0.0019767284393310547,-0.0019767284393310547
98000360_2022-05-25,98000360,2022-05-25,63,M,98000017.0,0.5098999999999999,-0.004136363636363605,0.004136363636363605,0.04421983851364508,0.04421983851364508,0.005082596405694799,0.005082596405694799,0.0,0.0,0.0,0.0,0.0,0.0,-0.3867818832792737,0.0,0.00319080896933982,-0.00319080896933982,0.03616265546983699,0.03616265546983699,0.0007658302783966064,-0.0007658302783966064
98000362_2022-05-25,98000362,2022-05-25,58,M,98000017.0,0.4879047619047618,-0.0009500000000000064,0.0009500000000000064,-0.02200638552050599,0.02200638552050599,-0.1592309084328625,0.1592309084328625,0.0,0.0,0.0,0.0,0.0,0.0,-0.12317455890921687,0.0,0.007041155513416886,0.007041155513416886,0.02732901586882064,0.02732901586882064,0.011487066745758057,0.011487066745758057
98000363_2022-05-25,98000363,2022-05-25,39,M,98000017.0,0.5484545454545455,-0.009857142857142787,0.009857142857142787,0.017719887511974425,0.017719887511974425,-0.03087886707591289,0.03087886707591289,0.0,0.0,0.0,0.0,0.0,0.0,-0.43492405972990666,0.0,0.0076779075116824025,-0.0076779075116824025,0.04243699186939287,-0.04243699186939287,0.04512208700180054,-0.04512208700180054
98000365_2022-05-25,98000365,2022-05-25,45,F,98000017.0,0.8831818181818183,0.016227272727272868,0.016227272727272868,0.0553261746346341,0.0553261746346341,0.075846840071575,0.075846840071575,0.0,0.0,0.0,0.0,0.0,0.0,0.021865621605287294,0.0,0.008554082285141429,-0.008554082285141429,0.01014577843786102,0.01014577843786102,0.013950884342193604,0.013950884342193604
98000367_2022-05-25,98000367,2022-05-25,42,F,98000017.0,0.8198636363636361,0.02244999999999997,0.02244999999999997,0.00651964166387331,0.00651964166387331,-0.0852265494771937,0.0852265494771937,0.0,0.0,-1.0,1.0,0.0,0.0,0.09335135077885999,1.0,0.019288167313124327,-0.019288167313124327,0.036153779096785965,-0.036153779096785965,0.0019686222076416016,-0.0019686222076416016
98000368_2022-05-25,98000368,2022-05-25,41,F,98000018.0,0.6816818181818182,-0.013363636363636466,0.013363636363636466,-0.011268540542047123,0.011268540542047123,0.01395866289774611,0.01395866289774611,0.0,0.0,0.0,0.0,0.0,0.0,-0.49242079652298604,0.0,0.008519250245801913,-0.008519250245801913,0.006737771464049858,-0.006737771464049858,0.0074343085289001465,-0.0074343085289001465
98000370_2022-05-25,98000370,2022-05-25,33,F,98000018.0,0.5320476190476191,0.04915000000000014,0.04915000000000014,0.0648300463719399,0.0648300463719399,-0.05985497778939139,0.05985497778939139,0.0,0.0,0.0,0.0,0.0,0.0,0.38245041517654893,0.0,0.04207915518741534,0.04207915518741534,0.07979930709204186,0.04790511116226426,0.028302788734436035,0.014760991686866287
98000373_2022-05-25,98000373,2022-05-25,38,F,98000018.0,0.4578095238095238,-0.0008636363636365108,0.0008636363636365108,0.020910779033636695,0.020910779033636695,-0.018210367988382103,0.018210367988382103,0.0,0.0,0.0,0.0,0.0,0.0,-0.5432294852539697,0.0,0.0070753289079755755,0.0070753289079755755,0.01633859215897876,-0.01633859215897876,0.016140878200531006,0.016140878200531006
98000375_2022-05-25,98000375,2022-05-25,41,M,98000018.0,0.3579545454545454,0.00954545454545458,0.00954545454545458,0.006289965444792711,0.006289965444792711,-0.007305308472290495,0.007305308472290495,0.0,0.0,0.0,0.0,0.0,0.0,-0.5858128619696777,0.0,0.012600176541790964,0.012600176541790964,0.0030699029254208088,0.0030699029254208088,0.008037984371185303,-0.008037984371185303
98000376_2022-05-25,98000376,2022-05-25,19,F,98000018.0,0.411047619047619,-0.0009047619047619082,0.0009047619047619082,0.006338954888808895,0.006338954888808895,-0.0371189631650751,0.0371189631650751,0.0,0.0,0.0,0.0,0.0,0.0,-0.5881370017372173,0.0,0.0009211320466751549,-0.0009211320466751549,0.026474810527171377,0.026474810527171377,0.0017951726913452148,-0.0017951726913452148
98000377_2022-05-25,98000377,2022-05-25,46,M,98000018.0,0.768090909090909,-0.01347619047619053,0.01347619047619053,-0.0142191332241412,0.0142191332241412,0.0319084764854968,0.0319084764854968,0.0,0.0,-1.0,1.0,0.0,0.0,-0.10229220880481082,1.0,0.010096691557637372,0.010096691557637372,0.03243250572869516,-0.03243250572869516,0.00905996561050415,0.00905996561050415
98000378_2022-05-25,98000378,2022-05-25,36,M,98000018.0,0.7018571428571428,-0.00484999999999991,0.00484999999999991,0.0008580155205732964,0.0008580155205732964,-0.0854329266298125,0.0854329266298125,0.0,0.0,0.0,0.0,0.0,0.0,-0.4439849883819256,0.0,0.012522474708113407,-0.012522474708113407,0.04166840622255885,-0.04166840622255885,0.013657808303833008,0.013657808303833008
98000379_2022-05-25,98000379,2022-05-25,47,F,98000018.0,0.5427272727272728,-0.02890909090909094,0.02890909090909094,-0.004958979969012095,0.004958979969012095,-0.037853790098804595,0.037853790098804595,0.0,0.0,0.0,0.0,0.0,0.0,-0.3048605992613034,0.0,0.017752961776237308,0.017752961776237308,0.005998956417195278,0.005998956417195278,0.019844919443130493,0.019844919443130493
98000381_2022-05-25,98000381,2022-05-25,34,M,98000018.0,0.5358095238095237,0.006090909090909147,0.006090909090909147,-0.014908711653692508,0.014908711653692508,-0.0241783148777266,0.0241783148777266,0.0,0.0,0.0,0.0,0.0,0.0,-0.5129629707088701,0.0,0.005311485451646725,0.005311485451646725,0.022720056345535866,0.022720056345535866,0.0133095383644104,0.0133095383644104
98000383_2022-05-25,98000383,2022-05-25,37,F,98000018.0,0.5746190476190476,-0.0038571428571426702,0.0038571428571426702,0.0207846733932176,0.0207846733932176,0.1078615685635087,0.1078615685635087,0.0,0.0,-1.0,1.0,0.0,0.0,0.06485222807524113,1.0,0.005424573763075813,0.005424573763075813,0.05074703175212558,0.05074703175212558,0.005794167518615723,0.005794167518615723
98000384_2022-05-25,98000384,2022-05-25,64,F,98000018.0,0.6373809523809525,-0.03400000000000014,0.03400000000000014,-0.012668241916375278,0.012668241916375278,-0.10534774066797649,0.10534774066797649,0.0,0.0,0.0,0.0,0.0,0.0,-0.0018444363612722485,0.0,0.025002054504305926,-0.025002054504305926,0.024545109694650624,-0.024545109694650624,0.09135723114013672,0.09135723114013672
98000385_2022-05-25,98000385,2022-05-25,42,M,98000018.0,0.6366818181818182,0.005428571428571449,0.005428571428571449,0.06648189606969587,0.06648189606969587,0.0859126230357453,0.0859126230357453,0.0,0.0,0.0,0.0,0.0,0.0,0.016124811343683588,0.0,0.002922359912467254,0.002922359912467254,0.021069931037521417,0.021069931037521417,0.02182793617248535,0.02182793617248535
98000387_2022-05-25,98000387,2022-05-25,31,M,98000018.0,0.3943181818181818,0.005045454545454575,0.005045454545454575,0.01591120243200972,0.01591120243200972,-0.0811511630922436,0.0811511630922436,0.0,0.0,0.0,0.0,0.0,0.0,-0.3506096454450831,0.0,0.010345114700180014,-0.010345114700180014,0.010025999319007384,-0.010025999319007384,0.02738022804260254,0.02738022804260254
98000389_2022-05-25,98000389,2022-05-25,43,M,98000019.0,0.5538636363636363,0.010428571428571565,0.010428571428571565,0.05966710697468108,0.05966710697468108,-0.0872276665670752,0.0872276665670752,0.0,0.0,0.0,0.0,0.0,0.0,0.02484540751693327,0.0,0.015063207203353968,0.015063207203353968,0.05415340212796904,-0.005797660417832029,0.01709580421447754,0.01059116580269559
98000390_2022-05-25,98000390,2022-05-25,19,M,98000019.0,0.6440454545454546,0.03409523809523807,0.03409523809523807,0.06369424011369579,0.06369424011369579,-0.0346041478809741,0.0346041478809741,0.0,0.0,-1.0,1.0,0.0,0.0,0.46087959920040183,1.0,0.02645316491921168,-0.02645316491921168,0.17748031977453582,-0.17748031977453582,0.11970025300979614,-0.11970025300979614
98000391_2022-05-25,98000391,2022-05-25,51,F,98000019.0,0.5671363636363638,0.021571428571428575,0.021571428571428575,0.061902621219949105,0.061902621219949105,-0.1268023159177795,0.1268023159177795,0.0,0.0,-1.0,1.0,-1.0,1.0,1.2724090736191158,2.0,0.018285074750945984,0.018285074750945984,0.03174462122243049,0.03174462122243049,0.000987410545349121,0.000987410545349121
98000393_2022-05-25,98000393,2022-05-25,53,M,98000019.0,0.430590909090909,-0.004999999999999893,0.004999999999999893,-0.0035426949345485903,0.0035426949345485903,-0.044911698348071516,0.044911698348071516,0.0,0.0,0.0,0.0,0.0,0.0,-0.5421784013945398,0.0,0.0018291817607662963,0.0018291817607662963,0.018710879296271576,0.018710879296271576,0.010971128940582275,0.010971128940582275
98000394_2022-05-25,98000394,2022-05-25,29,F,98000019.0,0.4928181818181817,0.016476190476190533,0.016476190476190533,-0.013411435501372193,0.013411435501372193,0.019969570178775486,0.019969570178775486,0.0,0.0,0.0,0.0,0.0,0.0,-0.4277893028373089,0.0,0.014331525448122884,0.014331525448122884,0.021932943917870706,-0.021932943917870706,0.007476687431335449,-0.007476687431335449
98000395_2022-05-25,98000395,2022-05-25,36,F,98000019.0,0.7749047619047619,0.002100000000000102,0.002100000000000102,-0.005107549940501277,0.005107549940501277,0.1200595327580499,0.1200595327580499,0.0,0.0,-1.0,1.0,0.0,0.0,-0.02593054515574203,1.0,0.00808957422256118,-0.00808957422256118,0.04589771632866857,-0.04589771632866857,0.03856468200683594,-0.03856468200683594
98000397_2022-05-25,98000397,2022-05-25,37,F,98000019.0,0.5957,-0.02028571428571435,0.02028571428571435,0.02822778833791348,0.02822778833791348,-0.0037451235370609126,0.0037451235370609126,0.0,0.0,0.0,0.0,0.0,0.0,-0.33339548744405273,0.0,0.02071698872051919,-0.02071698872051919,0.02905239874731036,-0.02905239874731036,0.00010961294174194336,-0.00010961294174194336
98000398_2022-05-25,98000398,2022-05-25,24,F,98000019.0,0.6642380952380952,-0.0010999999999999899,0.0010999999999999899,0.06080899202785697,0.06080899202785697,-0.08484268814497858,0.08484268814497858,0.0,0.0,0.0,0.0,0.0,0.0,-0.07105781728484521,0.0,0.0031061813704971186,-0.0031061813704971186,0.02352532954162967,-0.02352532954162967,0.013890266418457031,-0.013890266418457031
98000400_2022-05-25,98000400,2022-05-25,53,M,98000019.0,0.7286818181818181,-0.005142857142857116,0.005142857142857116,0.030019889965617108,0.030019889965617108,0.05974845542806673,0.05974845542806673,0.0,0.0,0.0,0.0,0.0,0.0,-0.31473894534025626,0.0,0.006694082298527637,0.006694082298527637,0.05756363683614962,0.05756363683614962,0.047791481018066406,0.047791481018066406
98000401_2022-05-25,98000401,2022-05-25,63,M,98000019.0,0.6630454545454545,-0.018636363636363673,0.018636363636363673,-0.00433936244702926,0.00433936244702926,0.11037006301703767,0.11037006301703767,0.0,0.0,0.0,0.0,0.0,0.0,-0.20409835673571397,0.0,0.019370970181902036,-0.01919993095551087,0.06981947745408323,0.017967789573466453,0.009384632110595703,-0.009384632110595703
98000402_2022-05-25,98000402,2022-05-25,41,F,98000019.0,0.5346818181818183,-0.03442857142857125,0.03442857142857125,0.045169212737844106,0.045169212737844106,-0.061078764263846286,0.061078764263846286,0.0,0.0,0.0,0.0,0.0,0.0,0.09760172688520596,0.0,0.026915425945201688,-0.026915425945201688,0.07637864473129707,-0.07637864473129707,0.06075412034988403,-0.06075412034988403
98000404_2022-05-25,98000404,2022-05-25,44,M,98000019.0,0.4598,-0.0022380952380952057,0.0022380952380952057,0.006880248305707687,0.006880248305707687,0.0031562224183583065,0.0031562224183583065,0.0,0.0,-1.0,1.0,0.0,0.0,-0.35347729505915365,1.0,0.002822647562331748,0.002822647562331748,0.005706791473231554,0.005706791473231554,0.011463433504104614,0.0007547338962554662
98000408_2022-05-25,98000408,2022-05-25,41,F,98000593.0,0.8004545454545456,-0.04069999999999996,0.04069999999999996,-0.05921708279961341,0.05921708279961341,0.10238486679211681,0.10238486679211681,0.0,0.0,-1.0,1.0,0.0,0.0,0.696377007681449,1.0,0.032316341550523875,0.032316341550523875,0.0607870970068638,0.0607870970068638,0.027479469776153564,0.027479469776153564
98000409_2022-05-25,98000409,2022-05-25,18,M,98000593.0,0.5952272727272727,0.017476190476190423,0.017476190476190423,0.030597947287524407,0.030597947287524407,-0.0612450204638475,0.0612450204638475,0.0,0.0,0.0,0.0,0.0,0.0,-0.1783779477881926,0.0,0.01805253631148207,0.01805253631148207,0.0301328152550836,-0.0301328152550836,0.020330846309661865,0.020330846309661865
98000410_2022-05-25,98000410,2022-05-25,41,F,98000593.0,0.75705,-0.005521739130434744,0.005521739130434744,0.06364037866774791,0.06364037866774791,-0.09331763487523421,0.09331763487523421,0.0,0.0,-1.0,1.0,0.0,0.0,0.33531804913921276,1.0,0.009203090993918916,-0.009203090993918916,0.010070456433578512,0.010070456433578512,0.005303084850311279,-0.005303084850311279
98000411_2022-05-25,98000411,2022-05-25,51,F,98000593.0,0.6521904761904763,0.05294999999999983,0.05294999999999983,0.07246473670688047,0.07246473670688047,-0.1660959254055439,0.1660959254055439,0.0,0.0,0.0,0.0,0.0,0.0,0.7846459925601446,0.0,0.040923714750881524,0.040923714750881524,0.0036506190425826812,0.0036506190425826812,0.018396198749542236,0.018396198749542236
98000412_2022-05-25,98000412,2022-05-25,42,M,98000593.0,0.6365999999999999,0.08013636363636367,0.08013636363636367,0.07228608047467869,0.07228608047467869,-0.014735873032337615,0.014735873032337615,0.0,0.0,0.0,0.0,0.0,0.0,0.6237966249856548,0.0,0.06248998871379241,0.06248998871379241,0.06503642764619477,0.06503642764619477,0.1078178882598877,0.1078178882598877
98000413_2022-05-25,98000413,2022-05-25,23,F,98000593.0,0.5464285714285714,0.00033333333333340764,0.00033333333333340764,0.06091531911143999,0.06091531911143999,0.007391096504332298,0.007391096504332298,0.0,0.0,0.0,0.0,0.0,0.0,-0.3043415102670543,0.0,0.0021550757522010855,-0.0021550757522010855,0.002462849633291131,-0.002462849633291131,0.01393592357635498,-0.01393592357635498
98000418_2022-05-25,98000418,2022-05-25,22,M,98000593.0,0.6176818181818181,-0.017545454545454642,0.017545454545454642,0.025348019981684483,0.025348019981684483,-0.0339778532714399,0.0339778532714399,0.0,0.0,0.0,0.0,0.0,0.0,-0.29346100809710607,0.0,0.009455164438623487,-0.009455164438623487,0.016301564410412084,-0.016301564410412084,0.019759833812713623,0.004114005912433827
98000419_2022-05-25,98000419,2022-05-25,41,F,98000593.0,0.8113000000000001,-0.018727272727272593,0.018727272727272593,0.0013744443654530036,0.0013744443654530036,-0.010918285314177004,0.010918285314177004,0.0,0.0,0.0,0.0,0.0,0.0,-0.5138809075876206,0.0,0.013857945585562859,0.013857945585562859,0.015080344152006986,0.015080344152006986,0.01930820941925049,0.01930820941925049
98000420_2022-05-25,98000420,2022-05-25,25,M,98000593.0,0.4598636363636363,-0.004727272727272469,0.004727272727272469,-0.004976005897220609,0.004976005897220609,0.012116796171322702,0.012116796171322702,0.0,0.0,0.0,0.0,0.0,0.0,-0.6308407109324145,0.0,0.004445859996132562,0.004445859996132562,0.014556711327485483,0.014556711327485483,0.012468934059143066,0.012468934059143066
98000421_2022-05-25,98000421,2022-05-25,55,F,98000593.0,0.7049545454545455,-0.026954545454545342,0.026954545454545342,0.025323763190908788,0.025323763190908788,0.04237312310365421,0.04237312310365421,0.0,0.0,0.0,0.0,0.0,0.0,-0.17146975084747673,0.0,0.02412409517885372,0.02412409517885372,0.05451739365203867,0.05451739365203867,0.022416234016418457,0.022416234016418457
98000423_2022-05-25,98000423,2022-05-25,63,M,98000593.0,0.4684761904761905,0.00552380952380932,0.00552380952380932,0.02302249034316428,0.02302249034316428,-0.03571446391816868,0.03571446391816868,0.0,0.0,-1.0,1.0,-1.0,1.0,0.5717797039910985,2.0,0.004893414514853478,-0.004893414514853478,0.013332648675758674,0.013332648675758674,0.025474905967712402,-0.025474905967712402
98000425_2022-05-25,98000425,2022-05-25,34,F,98000593.0,0.8450476190476189,-0.019727272727272815,0.019727272727272815,0.00037858536574020274,0.00037858536574020274,0.0580923731231037,0.0580923731231037,0.0,0.0,0.0,0.0,0.0,0.0,-0.3726836990777451,0.0,0.013966416522860792,0.013966416522860792,0.014601213232179444,-0.008835951674767029,0.0012406110763549805,-0.0012406110763549805
98000426_2022-05-25,98000426,2022-05-25,38,M,98000593.0,0.6722727272727272,0.016772727272727495,0.016772727272727495,0.0486840365268022,0.0486840365268022,-0.027974118928451,0.027974118928451,0.0,0.0,0.0,0.0,0.0,0.0,-0.15802128762622616,0.0,0.008990906148430011,0.008990906148430011,0.009599096305569321,0.009599096305569321,0.011713862419128418,0.011713862419128418
98000427_2022-05-25,98000427,2022-05-25,49,M,98000593.0,0.7632727272727273,0.01559090909090921,0.01559090909090921,-0.007800540851357729,0.007800540851357729,-0.053625943310599,0.053625943310599,0.0,0.0,0.0,0.0,0.0,0.0,-0.3774503001931582,0.0,0.004386300612700844,0.004386300612700844,0.0423845626825613,0.0423845626825613,0.034849464893341064,-0.034849464893341064
98000428_2022-05-25,98000428,2022-05-25,37,F,98000021.0,0.444409090909091,0.003952380952380985,0.003952380952380985,0.015165376492186411,0.015165376492186411,-0.0688188740821319,0.0688188740821319,0.0,0.0,0.0,0.0,0.0,0.0,-0.4030940957733842,0.0,0.007444423021831348,0.007444423021831348,0.0061163414774396685,0.0061163414774396685,0.0067656636238098145,-0.0067656636238098145
98000429_2022-05-25,98000429,2022-05-25,21,M,98000021.0,0.44435,0.02323809523809539,0.02323809523809539,0.0454150657812292,0.0454150657812292,0.0676032987587147,0.0676032987587147,0.0,0.0,0.0,0.0,-1.0,1.0,0.6869670476161591,1.0,0.017862253380771187,0.017862253380771187,0.020014247666212626,0.020014247666212626,0.03091871738433838,0.03091871738433838
98000430_2022-05-25,98000430,2022-05-25,41,F,98000021.0,0.6991363636363636,0.01347619047619042,0.01347619047619042,0.06217409757696313,0.06217409757696313,0.06696301994615071,0.06696301994615071,0.0,0.0,-1.0,1.0,0.0,0.0,0.330838668474454,1.0,0.0078903672660936,0.0078903672660936,0.03638428921554426,-0.03638428921554426,0.014423370361328125,0.014423370361328125
98000431_2022-05-25,98000431,2022-05-25,48,M,98000021.0,0.6685,-0.02036363636363625,0.02036363636363625,-0.006880006998733534,0.006880006998733534,0.02878089261170641,0.02878089261170641,0.0,0.0,0.0,0.0,0.0,0.0,-0.4067813313466755,0.0,0.01514350825519839,-0.01514350825519839,0.025526277750349102,0.025526277750349102,0.003388822078704834,-0.003388822078704834
98000432_2022-05-25,98000432,2022-05-25,34,M,98000021.0,0.6770909090909091,0.02218181818181819,0.02218181818181819,0.023512266069750598,0.023512266069750598,-0.1030585306397655,0.1030585306397655,0.0,0.0,0.0,0.0,0.0,0.0,-0.05637732931795841,0.0,0.019367213787521598,-0.01609897469149635,0.035900034368473555,-0.035900034368473555,0.03516942262649536,-0.03516942262649536
98000433_2022-05-25,98000433,2022-05-25,64,F,98000021.0,0.3424761904761904,0.019590909090909103,0.019590909090909103,0.03193630123709118,0.03193630123709118,-0.008406161665932332,0.008406161665932332,0.0,0.0,0.0,0.0,0.0,0.0,-0.30141934112509516,0.0,0.022078116927011393,0.022078116927011393,0.024466182731686992,-0.024466182731686992,0.015600144863128662,-0.015600144863128662
98000437_2022-05-25,98000437,2022-05-25,28,M,98000021.0,0.6602380952380952,0.024909090909090992,0.024909090909090992,0.033033513439851614,0.033033513439851614,0.08002800336040339,0.08002800336040339,0.0,0.0,0.0,0.0,-1.0,1.0,0.6551604575959978,1.0,0.025846745229567647,-0.025846745229567647,0.07666738140821422,-0.07666738140821422,0.04155755043029785,-0.04155755043029785
98000441_2022-05-25,98000441,2022-05-25,65,F,98000021.0,0.4839090909090909,-0.035350000000000104,0.035350000000000104,-0.0291492114959907,0.0291492114959907,-0.006834437086092604,0.006834437086092604,0.0,0.0,0.0,0.0,0.0,0.0,-0.16167297714364318,0.0,0.030995690694682776,-0.030995690694682776,0.002742126085316876,0.002742126085316876,0.009910404682159424,-0.009910404682159424
98000443_2022-05-25,98000443,2022-05-25,23,M,98000252.0,0.7323636363636364,-0.016181818181818186,0.016181818181818186,-0.01538641549917985,0.01538641549917985,0.06610565078706421,0.06610565078706421,0.0,0.0,0.0,0.0,0.0,0.0,-0.28256152367683823,0.0,0.016737983693084768,0.016737983693084768,0.0023851845274105443,0.0023851845274105443,0.03661984205245972,-0.03661984205245972
98000444_2022-05-25,98000444,2022-05-25,47,M,98000021.0,0.6361,-0.004619047619047523,0.004619047619047523,0.05379574495188727,0.05379574495188727,0.01857458075904729,0.01857458075904729,0.0,0.0,0.0,0.0,0.0,0.0,-0.27633360491842174,0.0,0.013619542830326292,0.013619542830326292,0.027523949348252197,0.027523949348252197,0.029969751834869385,0.029969751834869385
98000445_2022-05-25,98000445,2022-05-25,57,F,98000021.0,0.3538636363636364,-0.008761904761904915,0.008761904761904915,0.0301346078980127,0.0301346078980127,-0.0324664128365516,0.0324664128365516,0.0,0.0,0.0,0.0,0.0,0.0,-0.35601504377565013,0.0,0.0017451904098644833,0.0017451904098644833,0.00513521083833246,0.00513521083833246,0.0029797255992889404,0.0029797255992889404
98000447_2022-05-25,98000447,2022-05-25,43,M,98000021.0,0.6961363636363637,-0.01763636363636356,0.01763636363636356,0.021428485977999207,0.021428485977999207,0.0026093721635849013,0.0026093721635849013,0.0,0.0,0.0,0.0,0.0,0.0,-0.41111235025473736,0.0,0.012528374210938664,0.012528374210938664,0.00853263237827695,-0.00853263237827695,0.008598387241363525,0.008598387241363525
98000448_2022-05-25,98000448,2022-05-25,19,F,98000021.0,0.5711818181818182,-0.032590909090909115,0.032590909090909115,0.012082765132647694,0.012082765132647694,0.0486452633489799,0.0486452633489799,0.0,0.0,-1.0,1.0,-1.0,1.0,0.8149777954633414,2.0,0.026962502915782838,-0.009738102730653009,0.03040190475468385,0.03040190475468385,0.03872215747833252,0.03220412002910278
98000449_2022-05-25,98000449,2022-05-25,64,M,98000022.0,0.6908636363636362,-0.04804545454545461,0.04804545454545461,-0.011657233290917113,0.011657233290917113,0.09042789346749341,0.09042789346749341,0.0,0.0,0.0,0.0,0.0,0.0,0.09340915521646691,0.0,0.039676173924198865,0.039676173924198865,0.04279354974427407,0.04279354974427407,0.018550753593444824,0.018550753593444824
98000451_2022-05-25,98000451,2022-05-25,65,M,98000022.0,0.499,-0.0172500000000001,0.0172500000000001,-0.024561615335095377,0.024561615335095377,-0.091260461144321,0.091260461144321,0.0,0.0,0.0,0.0,0.0,0.0,-0.13476013133701947,0.0,0.005753295182874485,0.005753295182874485,0.03521564661218374,0.034188316887454884,0.016292154788970947,0.016292154788970947
98000452_2022-05-25,98000452,2022-05-25,42,F,98000022.0,0.8077619047619047,0.034318181818181914,0.034318181818181914,-0.018070611122007918,0.018070611122007918,0.1973748087445869,0.1973748087445869,0.0,0.0,0.0,0.0,0.0,0.0,0.30732798210245726,0.0,0.023660990135699556,0.023660990135699556,0.07586081662513444,0.07586081662513444,0.033277034759521484,0.033277034759521484
98000456_2022-05-25,98000456,2022-05-25,20,M,98000022.0,0.3858571428571428,-0.01680952380952383,0.01680952380952383,0.031834404361256924,0.031834404361256924,-0.0009016978954888011,0.0009016978954888011,0.0,0.0,0.0,0.0,0.0,0.0,-0.35289320605088187,0.0,0.009185954003423202,-0.009185954003423202,0.01780422800265208,-0.01780422800265208,0.011946648359298706,-0.011946648359298706
98000457_2022-05-25,98000457,2022-05-25,46,M,98000022.0,0.8603636363636364,0.026999999999999913,0.026999999999999913,0.06460640829890818,0.06460640829890818,-0.1395103861414383,0.1395103861414383,0.0,0.0,-1.0,1.0,0.0,0.0,0.6997248483249309,1.0,0.019075841471242194,-0.019075841471242194,0.014282399014689973,0.014282399014689973,0.04495704174041748,-0.04495704174041748
98000458_2022-05-25,98000458,2022-05-25,44,F,98000022.0,1.0319999999999998,-0.031190476190476324,0.031190476190476324,0.08709929600038441,0.08709929600038441,0.0693064833005898,0.0693064833005898,0.0,0.0,0.0,0.0,0.0,0.0,0.37726235852970563,0.0,0.03541825182745706,0.03541825182745706,0.003427034966351772,0.003427034966351772,0.04142773151397705,0.04142773151397705
98000460_2022-05-25,98000460,2022-05-25,60,F,98000022.0,0.7092380952380953,0.0069545454545454355,0.0069545454545454355,0.0013273858776794434,0.0013273858776794434,0.09160887943777411,0.09160887943777411,0.0,0.0,0.0,0.0,0.0,0.0,-0.4008784640366614,0.0,0.003473299108486816,-0.003473299108486816,0.0018327078834300403,-0.0018327078834300403,0.0141524076461792,-0.0141524076461792
98000461_2022-05-25,98000461,2022-05-25,53,F,98000022.0,0.6170476190476191,-0.005049999999999999,0.005049999999999999,0.0630278004864804,0.0630278004864804,-0.05881275264050034,0.05881275264050034,0.0,0.0,0.0,0.0,0.0,0.0,-0.09072944733194828,0.0,0.0004793858879074131,0.0004793858879074131,0.000854693627659775,0.000854693627659775,0.0036728382110595703,0.0036728382110595703
98000463_2022-05-25,98000463,2022-05-25,55,F,98000022.0,0.9364285714285714,0.007590909090909204,0.007590909090909204,0.02588965529648718,0.02588965529648718,0.027177459090791098,0.027177459090791098,0.0,0.0,0.0,0.0,0.0,0.0,-0.4128892982054267,0.0,0.0023119812271410467,0.0023119812271410467,0.05060327068459425,0.05060327068459425,0.009725451469421387,-0.009725451469421387
98000465_2022-05-25,98000465,2022-05-25,47,M,98000022.0,0.9534545454545454,0.026857142857142913,0.026857142857142913,0.041740059902011295,0.041740059902011295,-0.020563106796116115,0.020563106796116115,0.0,0.0,-1.0,1.0,0.0,0.0,0.1933244676104767,1.0,0.014001137708262945,-0.014001137708262945,0.051109651139202406,0.009245777839704816,0.05219835042953491,0.005540447798642267
98000467_2022-05-25,98000467,2022-05-25,58,F,98000022.0,0.8274090909090909,-0.040714285714285814,0.040714285714285814,-0.05302936653534451,0.05302936653534451,0.0461455034359132,0.0461455034359132,0.0,0.0,0.0,0.0,0.0,0.0,0.17347687335180462,0.0,0.031280912374680336,0.031280912374680336,0.04303330191869559,0.04303330191869559,0.0005324482917785645,-0.0005324482917785645
98000468_2022-05-25,98000468,2022-05-25,33,F,98000022.0,0.4391904761904761,0.027090909090909165,0.027090909090909165,0.046322934229956314,0.046322934229956314,0.012209745597883515,0.012209745597883515,0.0,0.0,0.0,0.0,0.0,0.0,-0.11323085098197343,0.0,0.02283850643314178,0.02283850643314178,0.04502179844468057,0.04502179844468057,0.0177762508392334,0.0177762508392334
98000469_2022-05-25,98000469,2022-05-25,36,F,98000674.0,0.7017272727272726,-0.007105263157894837,0.007105263157894837,0.06478493408998809,0.06478493408998809,-0.0980114041339989,0.0980114041339989,0.0,0.0,-1.0,1.0,0.0,0.0,0.3733486539121473,1.0,0.006444164601310365,0.006444164601310365,0.07718284405583153,0.004885131840933088,0.028784632682800293,0.028784632682800293
98000472_2022-05-25,98000472,2022-05-25,23,F,98000674.0,0.4887619047619048,-0.01285714285714279,0.01285714285714279,0.02611810629682479,0.02611810629682479,-0.04361991814461119,0.04361991814461119,0.0,0.0,-1.0,1.0,0.0,0.0,0.007550118136128131,1.0,0.007845098506788828,-0.007845098506788828,0.016861467209229763,-0.016861467209229763,0.006879270076751709,-0.006879270076751709
98000473_2022-05-25,98000473,2022-05-25,24,M,98000674.0,0.5532380952380953,-0.010000000000000009,0.010000000000000009,-0.018965738997617554,0.018965738997617554,-0.08482202196564359,0.08482202196564359,0.0,0.0,0.0,0.0,0.0,0.0,-0.2674015151773565,0.0,0.007494822789893163,0.007494822789893163,0.025127511878954678,-0.025127511878954678,0.013184010982513428,-0.013184010982513428
98000474_2022-05-25,98000474,2022-05-25,54,M,98000674.0,0.4997727272727272,0.0049000000000001265,0.0049000000000001265,0.0263373874700783,0.0263373874700783,-0.10060955742601119,0.10060955742601119,0.0,0.0,0.0,0.0,-1.0,1.0,0.4613689602588346,1.0,0.008272083131624197,0.008272083131624197,0.06702245425723141,0.06702245425723141,0.004854559898376465,0.004854559898376465
98000475_2022-05-25,98000475,2022-05-25,49,F,98000674.0,0.6031363636363637,0.01176190476190464,0.01176190476190464,0.0502119921143237,0.0502119921143237,0.0241969519343496,0.0241969519343496,0.0,0.0,0.0,0.0,0.0,0.0,-0.210511574857378,0.0,0.012879849353061967,0.012879849353061967,0.0464556218377683,-0.045749157113167405,8.344650268554688e-05,8.344650268554688e-05
98000476_2022-05-25,98000476,2022-05-25,29,F,98000674.0,0.6257999999999999,-0.0012727272727273142,0.0012727272727273142,0.046429785012985586,0.046429785012985586,0.1185933974741322,0.1185933974741322,0.0,0.0,-1.0,1.0,0.0,0.0,0.24626458653362696,1.0,0.008802485373070268,0.008802485373070268,0.017924985396933546,0.017924985396933546,0.010143041610717773,0.010143041610717773
98000477_2022-05-25,98000477,2022-05-25,45,F,98000674.0,0.8484,-0.06085714285714283,0.06085714285714283,-0.027843074947384888,0.027843074947384888,0.13345895851721082,0.13345895851721082,0.0,0.0,0.0,0.0,0.0,0.0,0.46363273865905463,0.0,0.04704937589734426,0.04704937589734426,0.06560151171662687,0.06560151171662687,0.05039161443710327,0.05039161443710327
98000478_2022-05-25,98000478,2022-05-25,39,F,98000674.0,0.7565000000000002,0.031809523809523954,0.031809523809523954,-0.01134139763764247,0.01134139763764247,-0.027500982318270917,0.027500982318270917,0.0,0.0,0.0,0.0,0.0,0.0,-0.26094564899653444,0.0,0.021103697867651094,0.021103697867651094,0.019556791639591453,-0.019556791639591453,0.019654154777526855,0.019654154777526855
98000479_2022-05-25,98000479,2022-05-25,23,M,98000674.0,0.3006818181818181,-0.025772727272727336,0.025772727272727336,0.009578315683104008,0.009578315683104008,-0.0017216877155675006,0.0017216877155675006,0.0,0.0,-1.0,1.0,0.0,0.0,-0.0947904852158088,1.0,0.011188043887575161,-0.011188043887575161,0.09335369002800997,-0.05970634794227658,0.028136849403381348,-0.028136849403381348
98000485_2022-05-25,98000485,2022-05-25,47,M,98000674.0,0.5512727272727274,-0.019590909090909214,0.019590909090909214,0.035949108235801996,0.035949108235801996,-0.1077070096729856,0.1077070096729856,0.0,0.0,0.0,0.0,0.0,0.0,0.01609505183832367,0.0,0.015108044773297413,-0.015108044773297413,0.025077386210891284,-0.025077386210891284,0.03885030746459961,-0.03885030746459961
98000486_2022-05-25,98000486,2022-05-25,20,F,98000674.0,0.4239090909090909,-0.017619047619047534,0.017619047619047534,0.019722665063269196,0.019722665063269196,0.0620368961582349,0.0620368961582349,0.0,0.0,0.0,0.0,0.0,0.0,-0.2496068746489513,0.0,0.0074738752305412715,-0.0074738752305412715,0.03726676612391394,-0.03726676612391394,0.008584827184677124,0.008584827184677124
98000488_2022-05-25,98000488,2022-05-25,59,M,98000674.0,0.8135714285714286,-0.010727272727272918,0.010727272727272918,0.05518114836480931,0.05518114836480931,-0.013143331345141812,0.013143331345141812,0.0,0.0,0.0,0.0,0.0,0.0,-0.2192327147560563,0.0,0.004722753877321573,0.004722753877321573,0.0008382074103234771,0.0008382074103234771,0.014361858367919922,0.014361858367919922
98000489_2022-05-25,98000489,2022-05-25,62,M,98000024.0,0.8224761904761904,-0.03566666666666651,0.03566666666666651,0.011781342198499578,0.011781342198499578,-0.07916398362892244,0.07916398362892244,0.0,0.0,0.0,0.0,0.0,0.0,-0.06708794852703905,0.0,0.029881004528218846,0.029881004528218846,0.04645429554484515,0.04645429554484515,0.04036194086074829,0.04036194086074829
98000490_2022-05-25,98000490,2022-05-25,60,F,98000024.0,0.7114545454545455,-0.019727272727272704,0.019727272727272704,-0.029095539587540464,0.029095539587540464,0.029817172791162402,0.029817172791162402,0.0,0.0,0.0,0.0,0.0,0.0,-0.2571080668985713,0.0,0.020035048487160867,-0.020035048487160867,0.008674596096449605,0.008674596096449605,0.048081398010253906,-0.048081398010253906
98000491_2022-05-25,98000491,2022-05-25,38,M,98000024.0,0.803909090909091,0.0005499999999999394,0.0005499999999999394,0.02322648998457222,0.02322648998457222,0.0036222965706773982,0.0036222965706773982,0.0,0.0,0.0,0.0,0.0,0.0,-0.5730883847718703,0.0,0.002295609461703152,0.002295609461703152,0.04918402935850685,-0.04918402935850685,0.023428380489349365,-0.023428380489349365
98000492_2022-05-25,98000492,2022-05-25,29,M,98000024.0,0.353047619047619,0.018000000000000016,0.018000000000000016,0.04671344949261286,0.04671344949261286,0.1368793682490696,0.1368793682490696,0.0,0.0,0.0,0.0,0.0,0.0,0.15898705242752784,0.0,0.012366213851402241,0.012366213851402241,0.04102961707409725,0.04102961707409725,0.012738823890686035,0.012738823890686035
98000493_2022-05-25,98000493,2022-05-25,52,F,98000024.0,0.9065,-0.007545454545454633,0.007545454545454633,0.04611964597964052,0.04611964597964052,-0.05453385544980721,0.05453385544980721,0.0,0.0,0.0,0.0,0.0,0.0,-0.193959068012302,0.0,0.007652444877554121,0.007652444877554121,0.011918439805294168,0.011918439805294168,0.005987703800201416,0.005987703800201416
98000494_2022-05-25,98000494,2022-05-25,45,M,98000024.0,0.4878,-0.038272727272727125,0.038272727272727125,-0.019644839927569102,0.019644839927569102,-0.0552682762376492,0.0552682762376492,0.0,0.0,0.0,0.0,0.0,0.0,-0.05553906976397363,0.0,0.030503598722761982,-0.030503598722761982,0.003383485072366854,0.003383485072366854,0.01289898157119751,-0.01289898157119751
98000496_2022-05-25,98000496,2022-05-25,65,F,98000024.0,0.44785,0.017857142857142683,0.017857142857142683,0.03494612756461721,0.03494612756461721,0.0451075391180651,0.0451075391180651,0.0,0.0,0.0,0.0,0.0,0.0,-0.19152921187142666,0.0,0.017455647531723628,0.017455647531723628,0.010398052666887758,0.010398052666887758,0.004368603229522705,0.004368603229522705
98000497_2022-05-25,98000497,2022-05-25,21,F,98000024.0,0.3368,0.000318181818181662,0.000318181818181662,-0.004176299480618789,0.004176299480618789,0.1163489017400999,0.1163489017400999,0.0,0.0,0.0,0.0,0.0,0.0,-0.3778934107835348,0.0,0.0016558135920624606,-0.0016558135920624606,0.0035771789265980347,-0.0035771789265980347,0.001726984977722168,0.001726984977722168
98000500_2022-05-25,98000500,2022-05-25,59,F,98000024.0,0.5838636363636364,0.02285714285714291,0.02285714285714291,0.009923698180080986,0.009923698180080986,0.0552649596437515,0.0552649596437515,0.0,0.0,0.0,0.0,0.0,0.0,-0.2826051093528535,0.0,0.01837655714193509,0.01837655714193509,0.016150637378838817,0.016150637378838817,0.027437984943389893,-0.00562558672644875
98000501_2022-05-25,98000501,2022-05-25,22,F,98000024.0,0.4056363636363638,-0.010727272727272585,0.010727272727272585,0.0020607803993155094,0.0020607803993155094,0.0175965353595599,0.0175965353595599,0.0,0.0,0.0,0.0,0.0,0.0,-0.5726846517099801,0.0,0.002858062618291357,-0.002858062618291357,0.01973775977056108,-0.01973775977056108,0.02229556441307068,-0.02229556441307068
98000503_2022-05-25,98000503,2022-05-25,32,F,98000024.0,0.6008181818181818,-0.01104545454545458,0.01104545454545458,0.04625928743748442,0.04625928743748442,-0.06987811519410791,0.06987811519410791,0.0,0.0,-1.0,1.0,0.0,0.0,0.20433096360014522,1.0,0.01290286158292453,0.01290286158292453,0.04738757696834295,0.04738757696834295,0.04488104581832886,0.0414363042224537
98000505_2022-05-25,98000505,2022-05-25,24,M,98000024.0,0.3878095238095238,0.015045454545454362,0.015045454545454362,0.003916906004837795,0.003916906004837795,0.004256373019371762,0.004256373019371762,0.0,0.0,-1.0,1.0,0.0,0.0,-0.23778376508051732,1.0,0.013334493446387263,0.013334493446387263,0.05118218420764953,-0.05118218420764953,0.019870460033416748,0.019870460033416748
98000506_2022-05-25,98000506,2022-05-25,59,F,98000024.0,0.7409545454545454,0.0033636363636362354,0.0033636363636362354,0.03000838316287263,0.03000838316287263,0.007966598376598383,0.007966598376598383,0.0,0.0,0.0,0.0,0.0,0.0,-0.48442164494059997,0.0,0.003735125569704789,-0.003735125569704789,0.017536457461840405,-0.005442988706384266,0.011196374893188477,0.0030664748278530496
98000508_2022-05-25,98000508,2022-05-25,44,F,98000024.0,0.6018181818181818,0.00028571428571444457,0.00028571428571444457,0.07720088297779801,0.07720088297779801,-0.14929190319689278,0.14929190319689278,0.0,0.0,0.0,0.0,0.0,0.0,0.22167966274134043,0.0,0.0047448146578158434,-0.0047448146578158434,0.01666696549650687,0.01666696549650687,0.024320602416992188,-0.024320602416992188
98000509_2022-05-25,98000509,2022-05-25,36,F,98000006.0,0.6008636363636364,-0.046227272727272783,0.046227272727272783,0.0032204951565736883,0.0032204951565736883,-0.0449358159798765,0.0449358159798765,0.0,0.0,0.0,0.0,-1.0,1.0,0.5683286766174498,1.0,0.03137904092451527,-0.021027857137870254,0.046245937272604176,-0.038414706002068866,0.07393068075180054,-0.028707085392691845
98000511_2022-05-25,98000511,2022-05-25,50,M,98000010.0,0.6074545454545454,0.012499999999999956,0.012499999999999956,0.019848528035101703,0.019848528035101703,0.0067521589170407015,0.0067521589170407015,0.0,0.0,0.0,0.0,0.0,0.0,-0.46322928484666326,0.0,0.01760739228801622,-0.01760739228801622,0.04334286458607017,-0.04334286458607017,0.021770060062408447,-0.021770060062408447
98000512_2022-05-25,98000512,2022-05-25,60,M,98000010.0,0.6051904761904764,-0.0060952380952382645,0.0060952380952382645,-0.04698135383988988,0.04698135383988988,0.09665228858728578,0.09665228858728578,0.0,0.0,0.0,0.0,0.0,0.0,-0.08013386678161273,0.0,0.019466898424882806,-0.019466898424882806,0.06952380817028869,0.06952380817028869,0.008423686027526855,-0.008423686027526855
98000513_2022-05-25,98000513,2022-05-25,46,M,98000680.0,0.6328500000000001,0.020333333333333425,0.020333333333333425,0.060402692834682026,0.060402692834682026,0.018565310492505302,0.018565310492505302,0.0,0.0,-1.0,1.0,0.0,0.0,0.24852786169934468,1.0,0.007410248319189017,0.007410248319189017,0.01802474788125641,0.01802474788125641,0.01796811819076538,0.01796811819076538
98000514_2022-05-25,98000514,2022-05-25,44,M,98000009.0,0.5853181818181817,0.010428571428571454,0.010428571428571454,0.05970124047984912,0.05970124047984912,0.03498058252427161,0.03498058252427161,0.0,0.0,0.0,0.0,0.0,0.0,-0.12741413536042667,0.0,0.012039588556847058,0.012039588556847058,0.08781682566880711,-0.08781682566880711,0.0052100419998168945,-0.0052100419998168945
98000515_2022-05-25,98000515,2022-05-25,49,M,98000011.0,0.8943181818181817,-0.018227272727272537,0.018227272727272537,0.009476855729335099,0.009476855729335099,-0.051525375379269614,0.051525375379269614,0.0,0.0,-1.0,1.0,0.0,0.0,-0.028439774844696463,1.0,0.018453083240981494,-0.018453083240981494,0.012470451249849357,0.012470451249849357,0.0008119940757751465,0.0008119940757751465
98000517_2022-05-25,98000517,2022-05-25,43,M,98000018.0,0.6453181818181818,0.010100000000000109,0.010100000000000109,0.002303471621732389,0.002303471621732389,0.07612814591797959,0.07612814591797959,0.0,0.0,0.0,0.0,0.0,0.0,-0.40668295719845665,0.0,0.0033704984825954076,0.0033704984825954076,0.005126244777303279,-0.005126244777303279,0.007297396659851074,0.007297396659851074
98000518_2022-05-25,98000518,2022-05-25,44,F,98000022.0,0.8876666666666666,0.009409090909090811,0.009409090909090811,-0.03519240285132938,0.03519240285132938,-0.0595946681880648,0.0595946681880648,0.0,0.0,0.0,0.0,0.0,0.0,-0.23522695541080121,0.0,0.005810131425869058,-0.005810131425869058,0.0022826279758862977,0.0022826279758862977,0.01175844669342041,0.01175844669342041
98000519_2022-05-25,98000519,2022-05-25,63,M,98000001.0,0.6228095238095239,-0.015318181818182008,0.015318181818182008,-0.012302064846511584,0.012302064846511584,0.04522367158528062,0.04522367158528062,0.0,0.0,0.0,0.0,0.0,0.0,-0.37375116678768355,0.0,0.017600323060559586,-0.017600323060559586,0.05042206432062535,0.0432328569143513,0.01728445291519165,0.01728445291519165
98000520_2022-05-25,98000520,2022-05-25,39,M,98000002.0,0.4969523809523808,-0.018681818181818077,0.018681818181818077,-0.00288450686475461,0.00288450686475461,-0.051248411607582395,0.051248411607582395,0.0,0.0,0.0,0.0,0.0,0.0,-0.38622288289733664,0.0,0.00518084440290717,0.00518084440290717,0.017173517157960116,-0.01572112577927698,0.012628018856048584,0.012628018856048584
98000521_2022-05-25,98000521,2022-05-25,52,F,98000002.0,0.91325,-0.019449999999999967,0.019449999999999967,0.08880872697610581,0.08880872697610581,-0.1094480438574632,0.1094480438574632,0.0,0.0,0.0,0.0,0.0,0.0,0.38436504353036854,0.0,0.01993872020027254,0.01993872020027254,0.048361972272618514,0.048361972272618514,0.05787402391433716,0.05787402391433716
98000522_2022-05-25,98000522,2022-05-25,46,F,98000004.0,0.5954999999999999,0.001954545454545542,0.001954545454545542,-0.02956619499444929,0.02956619499444929,0.1133800990638209,0.1133800990638209,0.0,0.0,0.0,0.0,0.0,0.0,-0.19442343871777457,0.0,0.001929673574461055,-0.001929673574461055,0.015143380768401715,0.015143380768401715,0.009799659252166748,0.009799659252166748
98000523_2022-05-25,98000523,2022-05-25,35,F,98000005.0,0.478590909090909,-0.0086666666666666,0.0086666666666666,0.0367754834565622,0.0367754834565622,0.037082993640958795,0.037082993640958795,0.0,0.0,0.0,0.0,0.0,0.0,-0.2977170326333911,0.0,0.004636550120290517,-0.004636550120290517,0.009252811114456305,0.009252811114456305,0.004046320915222168,0.004046320915222168
98000524_2022-05-25,98000524,2022-05-25,38,F,98000013.0,0.5711818181818181,0.002454545454545487,0.002454545454545487,-0.024100278423726113,0.024100278423726113,0.06623479681543529,0.06623479681543529,0.0,0.0,-1.0,1.0,0.0,0.0,-0.048329639571839327,1.0,0.006785591918264888,-0.006785591918264888,0.01269895140134747,-0.010961514184206211,0.031713783740997314,-0.031713783740997314
98000527_2022-05-25,98000527,2022-05-25,57,F,98000593.0,0.3483636363636364,-0.008523809523809489,0.008523809523809489,0.020562109906463205,0.020562109906463205,0.007096267190569799,0.007096267190569799,0.0,0.0,-1.0,1.0,0.0,0.0,-0.18235519220286486,1.0,0.0031111101269593044,-0.0031111101269593044,0.013863445480730985,-0.013863445480730985,0.0010641515254974365,-0.0010641515254974365
98000529_2022-05-25,98000529,2022-05-25,56,F,98000004.0,0.3905909090909091,-0.01254999999999995,0.01254999999999995,-0.008233154020279798,0.008233154020279798,-0.0416404864454017,0.0416404864454017,0.0,0.0,-1.0,1.0,0.0,0.0,-0.12479400737171294,1.0,0.006384765480254684,0.006384765480254684,0.03266235400755085,0.03266235400755085,0.01731252670288086,0.01731252670288086
98000530_2022-05-25,98000530,2022-05-25,31,M,98000004.0,0.5479999999999999,-0.0175909090909091,0.0175909090909091,-0.04311796725741518,0.04311796725741518,0.005496486086978836,0.005496486086978836,0.0,0.0,0.0,0.0,0.0,0.0,-0.2535330307584431,0.0,0.007146592128334517,0.007146592128334517,0.00466483967606246,-0.00466483967606246,0.03440141677856445,0.03440141677856445
98000532_2022-05-25,98000532,2022-05-25,25,F,98000006.0,0.7423181818181818,-0.07599999999999985,0.07599999999999985,-0.01771491542636522,0.01771491542636522,0.045969268425346606,0.045969268425346606,0.0,0.0,-3.0,3.0,0.0,0.0,1.2442155803504895,3.0,0.06099229431220743,0.06099229431220743,0.0261494179815005,0.0261494179815005,0.04127901792526245,0.04127901792526245
98000533_2022-05-25,98000533,2022-05-25,53,F,98000007.0,0.7804090909090907,-0.04589473684210543,0.04589473684210543,-0.02203754384545409,0.02203754384545409,0.13497164807023976,0.13497164807023976,0.0,0.0,-2.0,2.0,0.0,0.0,0.9051371008489294,2.0,0.049911645011122885,-0.049911645011122885,0.07193778054011091,-0.07193778054011091,0.04654872417449951,-0.04654872417449951
98000535_2022-05-25,98000535,2022-05-25,18,M,98000010.0,0.5977727272727272,0.013523809523809494,0.013523809523809494,0.00287460649231297,0.00287460649231297,0.0377542443640414,0.0377542443640414,0.0,0.0,0.0,0.0,0.0,0.0,-0.47921092750592204,0.0,0.005390880190569658,-0.005390880190569658,0.02829843892577788,-0.02829843892577788,0.012192368507385254,-0.012192368507385254
98000536_2022-05-25,98000536,2022-05-25,29,F,98000015.0,0.4242380952380953,0.01604761904761909,0.01604761904761909,0.03272745748652939,0.03272745748652939,-0.059483984683644395,0.059483984683644395,0.0,0.0,0.0,0.0,0.0,0.0,-0.18365441405686964,0.0,0.009302642839497444,-0.009302642839497444,0.042075594984145925,-0.038053469777967974,0.02993905544281006,-0.02993905544281006
98000537_2022-05-25,98000537,2022-05-25,51,F,98000021.0,0.6092272727272727,-0.03604545454545449,0.03604545454545449,-0.043636209680911114,0.043636209680911114,-0.008038951272010299,0.008038951272010299,0.0,0.0,0.0,0.0,0.0,0.0,-0.05100112250693651,0.0,0.02943158769730181,0.02943158769730181,0.050165907346622074,0.030580507814035096,0.03872394561767578,0.03872394561767578
98000539_2022-05-25,98000539,2022-05-25,29,F,98000007.0,0.4475909090909091,-0.01874999999999999,0.01874999999999999,-0.004738297974643507,0.004738297974643507,-0.03130399689097502,0.03130399689097502,0.0,0.0,0.0,0.0,0.0,0.0,-0.4309392182902569,0.0,0.00899813694749585,-0.00899813694749585,0.010371495576361633,0.008077011557939273,0.0028372108936309814,0.0028372108936309814
98000541_2022-05-25,98000541,2022-05-25,28,M,98000019.0,0.6812272727272727,-0.042952380952380964,0.042952380952380964,0.007568971692824,0.007568971692824,0.03803100646658919,0.03803100646658919,0.0,0.0,0.0,0.0,0.0,0.0,-0.1405858678500751,0.0,0.041294321262063005,-0.041294321262063005,0.09651584389462164,-0.09651584389462164,0.10098493099212646,-0.10098493099212646
98000543_2022-05-25,98000543,2022-05-25,41,F,98000003.0,0.5670476190476189,0.004045454545454463,0.004045454545454463,0.06360877749245908,0.06360877749245908,-0.07837841342288848,0.07837841342288848,0.0,0.0,0.0,0.0,0.0,0.0,-0.040040732315998466,0.0,0.005293156758973461,0.005293156758973461,0.02443724570368644,-0.02443724570368644,0.006785929203033447,-0.006785929203033447
98000544_2022-05-25,98000544,2022-05-25,42,M,98000005.0,0.7165714285714285,0.002590909090908977,0.002590909090908977,0.002861338731917684,0.002861338731917684,0.07315033323824538,0.07315033323824538,0.0,0.0,0.0,0.0,0.0,0.0,-0.48946131114149477,0.0,0.002426258167903428,-0.002426258167903428,0.05091245769464903,0.05091245769464903,0.06568992137908936,0.06568992137908936
98000547_2022-05-25,98000547,2022-05-25,63,M,98000006.0,0.5267142857142858,0.021333333333333204,0.021333333333333204,0.019581111490587833,0.019581111490587833,-0.007580573337044594,0.007580573337044594,0.0,0.0,0.0,0.0,0.0,0.0,-0.3709767236117025,0.0,0.009563871518054379,0.009563871518054379,0.08895721013126745,0.08895721013126745,0.006152212619781494,0.006152212619781494
98000550_2022-05-25,98000550,2022-05-25,65,F,98000012.0,0.624952380952381,-0.005363636363636348,0.005363636363636348,0.027205273990664303,0.027205273990664303,0.11032027177718409,0.11032027177718409,0.0,0.0,0.0,0.0,0.0,0.0,-0.18425872288827286,0.0,0.0037036930234382037,0.0037036930234382037,0.06769666835025101,0.001909098531845399,0.02359217405319214,0.02359217405319214
98000555_2022-05-25,98000555,2022-05-25,31,F,98000015.0,0.373047619047619,0.007749999999999924,0.007749999999999924,0.028045794606907287,0.028045794606907287,-0.04823578003304241,0.04823578003304241,0.0,0.0,-1.0,1.0,0.0,0.0,-0.018685345928280816,1.0,0.00786141092811482,0.00786141092811482,0.005711838718573392,0.005711838718573392,0.022069215774536133,0.022069215774536133
98000560_2022-05-25,98000560,2022-05-25,58,M,98000004.0,0.5079545454545454,0.012190476190476307,0.012190476190476307,0.003563091762706083,0.003563091762706083,0.11915664289990763,0.11915664289990763,0.0,0.0,-2.0,2.0,0.0,0.0,0.38172200157202324,2.0,0.0058862796979553544,-0.0058862796979553544,0.007956903346317268,-0.007956903346317268,0.03725612163543701,-0.03725612163543701
98000561_2022-05-25,98000561,2022-05-25,35,M,98000680.0,0.5749,0.02481818181818185,0.02481818181818185,0.07282295608348993,0.07282295608348993,0.046610824408081314,0.046610824408081314,0.0,0.0,0.0,0.0,0.0,0.0,0.146398132581577,0.0,0.01962409981673474,0.01962409981673474,0.025544357297376696,-0.025544357297376696,0.033221662044525146,0.033221662044525146
98000562_2022-05-25,98000562,2022-05-25,28,M,98000726.0,0.5776666666666667,-0.0038571428571430033,0.0038571428571430033,0.023425721700994606,0.023425721700994606,0.03685519203413931,0.03685519203413931,0.0,0.0,0.0,0.0,0.0,0.0,-0.4403920376957476,0.0,0.0015667447924025968,-0.0015667447924025968,0.09091051956714558,-0.08595989308061514,0.02265685796737671,-0.02265685796737671
98000563_2022-05-25,98000563,2022-05-25,60,M,98000003.0,0.500772727272727,0.02304761904761904,0.02304761904761904,0.017754140643349015,0.017754140643349015,0.03944314185228601,0.03944314185228601,0.0,0.0,0.0,0.0,0.0,0.0,-0.27278964705374337,0.0,0.018004313916556047,-0.018004313916556047,0.0071029261377900665,0.0071029261377900665,0.00445932149887085,-0.00445932149887085
98000565_2022-05-25,98000565,2022-05-25,29,M,98000726.0,0.3018095238095238,0.030272727272727118,0.030272727272727118,0.08116058959374561,0.08116058959374561,-0.061512408910557675,0.061512408910557675,0.0,0.0,0.0,0.0,0.0,0.0,0.3040204154401549,0.0,0.024016111970525333,0.024016111970525333,0.02068257583199007,0.02068257583199018,0.05761003494262695,0.05761003494262701
98000567_2022-05-25,98000567,2022-05-25,61,M,98000680.0,0.953,0.03390476190476155,0.03390476190476155,0.07244205210340093,0.07244205210340093,-0.03813724420190959,0.03813724420190959,0.0,0.0,0.0,0.0,0.0,0.0,0.21334621162510184,0.0,0.030042827421150498,-0.030042827421150498,0.016124935181496824,0.016124935181496824,0.04055565595626831,-0.04055565595626831
98000569_2022-05-25,98000569,2022-05-25,36,M,98000004.0,0.7236818181818183,-0.038863636363636545,0.038863636363636545,-0.00861213938131683,0.00861213938131683,-0.12841860947589512,0.12841860947589512,0.0,0.0,0.0,0.0,0.0,0.0,0.08799093413172758,0.0,0.02855009226841343,0.02855009226841343,0.0012438376528924877,0.0012438376528924877,0.05662614107131958,0.05662614107131958
98000570_2022-05-25,98000570,2022-05-25,57,F,98000005.0,0.8336500000000001,-0.03379999999999994,0.03379999999999994,0.01897377124977412,0.01897377124977412,0.026692607003890798,0.026692607003890798,0.0,0.0,0.0,0.0,-1.0,1.0,0.49477513195801076,1.0,0.03001624122297608,0.011105747637955243,0.020257439615975925,-0.007345450064878523,0.017175376415252686,-0.002935812664031756
98000571_2022-05-25,98000571,2022-05-25,31,F,98000011.0,0.6479999999999999,-0.044714285714285706,0.044714285714285706,-0.05319792098104742,0.05319792098104742,0.18119523213411015,0.18119523213411015,0.0,0.0,-2.0,2.0,0.0,0.0,1.242758628124317,2.0,0.03925218154860888,-0.03925218154860888,0.03086568100781162,-0.03086568100781162,0.013990938663482666,0.013990938663482666
98000572_2022-05-25,98000572,2022-05-25,46,F,98000001.0,0.5345833333333333,0.0006363636363636016,0.0006363636363636016,0.02621295182267591,0.02621295182267591,0.1192718031171391,0.1192718031171391,0.0,0.0,-1.0,1.0,0.0,0.0,0.10217462103871582,1.0,0.0014487863001338974,-0.0014487863001338974,0.012210804043658152,0.012210804043658152,0.002061903476715088,-0.002061903476715088
98000574_2022-05-25,98000574,2022-05-25,60,F,98000011.0,0.6002380952380952,0.01568181818181813,0.01568181818181813,0.0489189676267435,0.0489189676267435,-0.016752418246414394,0.016752418246414394,0.0,0.0,0.0,0.0,-1.0,1.0,0.48429366060302953,1.0,0.017874403051294396,-0.017874403051294396,0.01963712132294748,-0.01963712132294748,0.015836715698242188,0.015836715698242188
98000575_2022-05-25,98000575,2022-05-25,29,F,98000593.0,0.4513333333333333,-4.999999999999449e-05,4.999999999999449e-05,0.032219945822256596,0.032219945822256596,0.0038408927285815964,0.0038408927285815964,0.0,0.0,0.0,0.0,0.0,0.0,-0.5155986161834333,0.0,0.0004806869462111729,0.0004806869462111729,0.02552940625833705,-0.02552940625833705,0.004710108041763306,0.004710108041763306
98000582_2022-05-25,98000582,2022-05-25,61,F,98000010.0,0.4376666666666667,-0.016571428571428515,0.016571428571428515,-0.007509785383923884,0.007509785383923884,0.05014561027837261,0.05014561027837261,0.0,0.0,0.0,0.0,0.0,0.0,-0.3794375976029906,0.0,0.013450814736693295,-0.013450814736693295,0.059842233577439896,-0.059842233577439896,0.01157832145690918,-0.01157832145690918
98000583_2022-05-25,98000583,2022-05-25,58,M,98000010.0,0.5292727272727273,-0.01563636363636367,0.01563636363636367,0.003416265368363036,0.003416265368363036,0.16502061668525242,0.16502061668525242,0.0,0.0,0.0,0.0,0.0,0.0,-0.08209263911652416,0.0,0.020341159608935566,-0.020341159608935566,0.043270265449658285,-0.043270265449658285,0.04550248384475708,0.04550248384475708
98000584_2022-05-25,98000584,2022-05-25,39,M,98000605.0,0.4518636363636362,-0.0016363636363636025,0.0016363636363636025,0.011529695907138593,0.011529695907138593,0.03536889603485377,0.03536889603485377,0.0,0.0,0.0,0.0,0.0,0.0,-0.5498436155493107,0.0,0.0028036442931324013,-0.0028036442931324013,0.00854063658470694,0.00854063658470694,0.022701382637023926,0.022701382637023926
98000587_2022-05-25,98000587,2022-05-25,54,M,98000007.0,0.65475,0.000500000000000056,0.000500000000000056,0.016697596963726385,0.016697596963726385,-0.0476137841352404,0.0476137841352404,0.0,0.0,0.0,0.0,0.0,0.0,-0.49024756813359427,0.0,0.004478848397366675,-0.004478848397366675,0.01255353143291571,-0.01255353143291571,0.015392005443572998,-0.015392005443572998
98000588_2022-05-25,98000588,2022-05-25,39,M,98000024.0,0.7345714285714285,0.02671428571428569,0.02671428571428569,0.04831567882864862,0.04831567882864862,-0.0796151687145264,0.0796151687145264,0.0,0.0,0.0,0.0,0.0,0.0,0.09334522861918011,0.0,0.020985288172737704,-0.020985288172737704,0.032783158603501894,-0.032783158603501894,0.00356978178024292,-0.00356978178024292
98000589_2022-05-25,98000589,2022-05-25,62,M,98000012.0,0.919904761904762,0.026681818181818362,0.026681818181818362,0.11177078843316213,0.11177078843316213,-0.16353699333523464,0.16353699333523464,0.0,0.0,0.0,0.0,0.0,0.0,0.7756968122430656,0.0,0.005272498758355004,-0.005272498758355004,0.16301866882232607,0.16301866882232607,0.24321603775024414,0.24321603775024414
98000590_2022-05-25,98000590,2022-05-25,40,M,98000022.0,0.572,-0.007190476190476192,0.007190476190476192,0.06433602404425581,0.06433602404425581,0.16001941747572818,0.16001941747572818,0.0,0.0,0.0,0.0,0.0,0.0,0.23590557703491477,0.0,0.006431445095739452,-0.006431445095739452,0.02783969651039153,0.02783969651039153,0.0005485415458679199,-0.0005485415458679199
98000591_2022-05-25,98000591,2022-05-25,25,F,98000002.0,0.2814285714285714,-0.001619047619047631,0.001619047619047631,0.0132453287659339,0.0132453287659339,-0.04518711407721549,0.04518711407721549,0.0,0.0,0.0,0.0,0.0,0.0,-0.5095313764668777,0.0,0.003151596681946922,-0.003151596681946922,0.01891003058034313,0.01891003058034313,0.014524251222610474,0.014524251222610474
98000592_2022-05-25,98000592,2022-05-25,62,F,98000012.0,0.5528636363636363,0.013045454545454471,0.013045454545454471,0.048163457238829394,0.048163457238829394,-0.02318015611628299,0.02318015611628299,0.0,0.0,-1.0,1.0,0.0,0.0,0.10192581027602758,1.0,0.011604980644435936,0.011604980644435936,0.057157335843731394,0.057157335843731394,0.021533846855163574,0.021533846855163574
98000593_2022-05-25,98000593,2022-05-25,31,M,98000351.0,0.3327894736842105,-0.002363636363636401,0.002363636363636401,0.038733155855460985,0.038733155855460985,0.0600171157386996,0.0600171157386996,0.0,0.0,-1.0,1.0,0.0,0.0,0.03352368069718619,1.0,0.0026933470491184996,0.0026933470491184996,0.03518922175275868,0.03518922175275868,0.007269531488418579,0.004904107156552762
98000595_2022-05-25,98000595,2022-05-25,51,M,98000015.0,0.6991000000000002,0.013000000000000123,0.013000000000000123,-0.005569430046154622,0.005569430046154622,-0.020846969736261656,0.020846969736261656,0.0,0.0,-1.0,1.0,0.0,0.0,-0.19918979829627892,1.0,0.014160971682599999,0.014160971682599999,0.05042094212165116,0.05042094212165116,0.020743727684020996,0.020743727684020996
98000597_2022-05-25,98000597,2022-05-25,29,M,98000018.0,0.5489090909090909,0.022400000000000087,0.022400000000000087,0.0476541417898666,0.0476541417898666,-0.020619376711435433,0.020619376711435433,0.0,0.0,0.0,0.0,0.0,0.0,-0.12818813672683682,0.0,0.014390531475441337,0.014390531475441337,0.09970408230729522,0.05490275542737355,0.008086085319519043,-0.008086085319519043
98000599_2022-05-25,98000599,2022-05-25,33,F,98000011.0,0.6727619047619048,-0.020818181818181847,0.020818181818181847,-0.031256181318780496,0.031256181318780496,0.0237519773864788,0.0237519773864788,0.0,0.0,0.0,0.0,0.0,0.0,-0.24858325516504517,0.0,0.018274415076050543,0.018274415076050543,0.026682630939951046,0.026682630939951046,0.014497816562652588,0.014497816562652588
98000600_2022-05-25,98000600,2022-05-25,30,F,98000002.0,0.3455454545454545,-0.011095238095238102,0.011095238095238102,0.011578528890380024,0.011578528890380024,-0.07772496589358813,0.07772496589358813,0.0,0.0,0.0,0.0,0.0,0.0,-0.3277091284522307,0.0,0.007284516630060356,-0.007284516630060356,0.012556296013015666,-0.012556296013015666,0.010326921939849854,0.010326921939849854
98000602_2022-05-25,98000602,2022-05-25,39,F,98000680.0,0.3760454545454545,-0.007227272727272693,0.007227272727272693,-0.007634467856988597,0.007634467856988597,0.05015922823578249,0.05015922823578249,0.0,0.0,-2.0,2.0,0.0,0.0,0.15691152611471604,2.0,0.0010481188168457445,0.0010481188168457445,0.019090334194206138,-0.011086061633109323,2.0056962966918945e-05,2.0056962966918945e-05
98000603_2022-05-25,98000603,2022-05-25,51,F,98000002.0,0.8965238095238096,-0.022818181818181738,0.022818181818181738,0.05218095637204112,0.05218095637204112,-0.12832136096055596,0.12832136096055596,0.0,0.0,0.0,0.0,0.0,0.0,0.2217329808175245,0.0,0.014034740953184799,0.014034740953184799,0.03910898954312303,0.03910898954312303,0.04578566551208496,0.04578566551208496
98000604_2022-05-25,98000604,2022-05-25,22,F,98000017.0,0.5179545454545454,-0.02485714285714291,0.02485714285714291,0.001524397824387902,0.001524397824387902,-0.0728147584632943,0.0728147584632943,0.0,0.0,-1.0,1.0,0.0,0.0,0.047648396108474905,1.0,0.014573531230742454,-0.014573531230742454,0.020752703905324243,-0.020752703905324243,0.02527695894241333,-0.024135614958676443
98000605_2022-05-25,98000605,2022-05-25,33,F,98000443.0,0.5225454545454545,-0.012045454545454581,0.012045454545454581,0.01202953847257568,0.01202953847257568,-0.05645937605352579,0.05645937605352579,0.0,0.0,0.0,0.0,0.0,0.0,-0.37680420790704566,0.0,0.0096920296959635,-0.0096920296959635,0.04973315823406277,-0.04973315823406277,0.0013238191604614258,-0.0013238191604614258
98000606_2022-05-25,98000606,2022-05-25,20,M,98000593.0,0.5293181818181819,0.009428571428571397,0.009428571428571397,-0.004494807743776488,0.004494807743776488,0.06643693107932351,0.06643693107932351,0.0,0.0,-1.0,1.0,0.0,0.0,-0.11060551945713008,1.0,0.010279422172605523,-0.010279422172605523,0.017459437159004887,0.017459437159004887,0.007630586624145508,0.007630586624145508
98000608_2022-05-25,98000608,2022-05-25,34,M,98000005.0,0.5032272727272727,0.03200000000000003,0.03200000000000003,0.04064806418635525,0.04064806418635525,0.0009798693507531986,0.0009798693507531986,0.0,0.0,-1.0,1.0,0.0,0.0,0.18200991532527802,1.0,0.02724669374843458,0.02724669374843458,0.025361023395729432,-0.025361023395729432,0.030932962894439697,0.030932962894439697
98000610_2022-05-25,98000610,2022-05-25,40,F,98000022.0,0.8751818181818181,0.00114285714285689,0.00114285714285689,0.03657925190494277,0.03657925190494277,0.07234720416124901,0.07234720416124901,0.0,0.0,0.0,0.0,0.0,0.0,-0.27423222741076625,0.0,0.006303161210172492,-0.006303161210172492,0.09664152180482888,0.09664152180482888,0.056151390075683594,0.056151390075683594
98000613_2022-05-25,98000613,2022-05-25,53,M,98000005.0,0.91815,-0.009681818181817792,0.009681818181817792,0.03576080956306771,0.03576080956306771,0.07402167993568617,0.07402167993568617,0.0,0.0,0.0,0.0,0.0,0.0,-0.18636671370997335,0.0,0.008690660961889418,0.008690660961889418,0.021714555755676157,-0.0069067396049844465,0.00025516748428344727,-0.00025516748428344727
98000614_2022-05-25,98000614,2022-05-25,57,F,98000012.0,0.858227272727273,-0.0034999999999998366,0.0034999999999998366,0.009061212192988,0.009061212192988,-0.10123103653950849,0.10123103653950849,0.0,0.0,-1.0,1.0,0.0,0.0,-0.0390812295619914,1.0,0.0031665542689107706,-0.0031665542689107706,0.03211177793848152,0.03211177793848152,0.020451247692108154,0.020451247692108154
98000615_2022-05-25,98000615,2022-05-25,58,F,98000003.0,0.1571818181818181,-0.026954545454545675,0.026954545454545675,-0.07120123956707292,0.07120123956707292,-0.11416742304400809,0.11416742304400809,0.0,0.0,0.0,0.0,0.0,0.0,0.3545629691599135,0.0,0.010748130064036188,-0.010748130064036188,0.05428810923638272,-0.05428810923638272,0.05890554189682007,-0.05890554189682007
98000619_2022-05-25,98000619,2022-05-25,65,F,98000593.0,0.5882380952380952,-0.010476190476190417,0.010476190476190417,0.03219845497375137,0.03219845497375137,0.10488733997155053,0.10488733997155053,0.0,0.0,0.0,0.0,0.0,0.0,-0.11260844471679159,0.0,0.0062976547511799374,0.0062976547511799374,0.017718398207621777,0.017718398207621777,0.016943931579589844,0.016943931579589844
98000620_2022-05-25,98000620,2022-05-25,49,F,98000005.0,0.8258095238095238,0.06561904761904758,0.06561904761904758,0.10387789529374791,0.10387789529374791,-0.041418890172004674,0.041418890172004674,0.0,0.0,0.0,0.0,0.0,0.0,0.7689401495798546,0.0,0.047289711151877634,0.024586062853237833,0.0927907298320203,0.0927907298320203,0.057474493980407715,0.057474493980407715
98000621_2022-05-25,98000621,2022-05-25,39,F,98000012.0,0.5901904761904763,-0.017047619047618978,0.017047619047618978,0.0447614205229353,0.0447614205229353,-0.08224160668168551,0.08224160668168551,0.0,0.0,0.0,0.0,-1.0,1.0,0.6609334032926549,1.0,0.007146057681780338,-0.007146057681780338,0.040478390054719204,0.040478390054719204,0.02843475341796875,-0.02843475341796875
98000622_2022-05-25,98000622,2022-05-25,19,F,98000003.0,0.4602272727272726,-0.023631578947368392,0.023631578947368392,0.028821086638423005,0.028821086638423005,-0.06405923694779109,0.06405923694779109,0.0,0.0,0.0,0.0,0.0,0.0,-0.11853609395650866,0.0,0.01158046381959632,-0.01158046381959632,0.06871473275728673,0.010013480871870206,0.01586058735847473,-0.01586058735847473
98000624_2022-05-25,98000624,2022-05-25,29,F,98000022.0,0.5318095238095237,-0.010700000000000043,0.010700000000000043,0.006134992730542799,0.006134992730542799,-0.043770163978136434,0.043770163978136434,0.0,0.0,0.0,0.0,0.0,0.0,-0.4684681554394245,0.0,0.0039019806744137187,-0.0039019806744137187,0.0483009916518673,0.013947337387693937,0.004642188549041748,-0.004642188549041748
98000625_2022-05-25,98000625,2022-05-25,59,F,98000006.0,0.6040909090909091,0.0008500000000000174,0.0008500000000000174,0.004403665391470635,0.004403665391470635,0.0470013971358717,0.0470013971358717,0.0,0.0,-1.0,1.0,0.0,0.0,-0.25699658312291923,1.0,0.0008069216648231015,-0.0008069216648231015,0.016587351878223466,0.016587351878223466,0.0009484291076660156,0.0009484291076660156
98000626_2022-05-25,98000626,2022-05-25,24,M,98000005.0,0.3298999999999999,0.008999999999999897,0.008999999999999897,0.0317622038450637,0.0317622038450637,0.0335713506139154,0.0335713506139154,0.0,0.0,0.0,0.0,0.0,0.0,-0.33909095517756266,0.0,0.006268087973654746,0.006268087973654746,0.010004134943909226,0.010004134943909226,0.006781637668609619,0.006781637668609619
98000627_2022-05-25,98000627,2022-05-25,30,F,98000011.0,0.4269090909090909,-0.0005454545454545157,0.0005454545454545157,-0.006863835765336501,0.006863835765336501,-0.0667544928814088,0.0667544928814088,0.0,0.0,-3.0,3.0,0.0,0.0,0.4468983311106658,3.0,0.005292589122607272,0.005292589122607272,0.006771116256354792,0.006771116256354792,0.00912708044052124,-0.00912708044052124
98000628_2022-05-25,98000628,2022-05-25,62,F,98000019.0,0.6697368421052632,0.01377272727272727,0.01377272727272727,0.025858087020172005,0.025858087020172005,-0.05327118072664097,0.05327118072664097,0.0,0.0,0.0,0.0,0.0,0.0,-0.2727867398742045,0.0,0.00607786527636256,-0.00607786527636256,0.05198931008992552,0.05198931008992552,0.01903665065765381,0.01903665065765381
98000629_2022-05-25,98000629,2022-05-25,29,F,98000013.0,0.6602272727272727,-0.04386363636363633,0.04386363636363633,-0.023447439929069003,0.023447439929069003,-0.07991260600088179,0.07991260600088179,0.0,0.0,0.0,0.0,0.0,0.0,0.10065010124814411,0.0,0.04688015982122162,-0.04688015982122162,0.003619828490026733,-0.003619828490026733,0.003189265727996826,-0.003189265727996826
98000630_2022-05-25,98000630,2022-05-25,51,F,98000002.0,0.8586363636363635,-0.047150000000000025,0.047150000000000025,0.01441820191833948,0.01441820191833948,-0.14891629646948806,0.14891629646948806,0.0,0.0,-2.0,2.0,0.0,0.0,0.9063040058827418,2.0,0.044233212230615826,0.02984330998249829,0.03729217612297542,0.03729217612297542,0.06255102157592773,0.06255102157592773
98000631_2022-05-25,98000631,2022-05-25,48,F,98000605.0,0.5931818181818183,-0.013227272727272754,0.013227272727272754,-0.019503421477088112,0.019503421477088112,0.0878652005912714,0.0878652005912714,0.0,0.0,-1.0,1.0,0.0,0.0,0.09490030465836848,1.0,0.013694517201568335,-0.013694517201568335,0.036978160998600185,0.036978160998600185,0.0039212703704833984,0.0039212703704833984
98000634_2022-05-25,98000634,2022-05-25,63,F,98000005.0,0.6588181818181817,0.039818181818181975,0.039818181818181975,0.06503031478628671,0.06503031478628671,-0.2229962915899491,0.2229962915899491,0.0,0.0,0.0,0.0,0.0,0.0,0.763143948603544,0.0,0.04046960679420053,0.04046960679420053,0.0032169479388974853,-0.0032169479388974853,0.03948867321014404,0.03948867321014404
98000635_2022-05-25,98000635,2022-05-25,54,M,98000010.0,0.6064285714285714,0.01904761904761898,0.01904761904761898,0.06122897550065548,0.06122897550065548,-0.09914090830599209,0.09914090830599209,0.0,0.0,-1.0,1.0,0.0,0.0,0.47606201060406955,1.0,0.018247878374361037,0.0031302090918298164,0.03498289933569887,-0.03498289933569887,0.0038379430770874023,0.0038379430770874023
98000637_2022-05-25,98000637,2022-05-25,50,M,98000006.0,0.5521,-0.024545454545454537,0.024545454545454537,0.008498032586484905,0.008498032586484905,-0.008270013744456892,0.008270013744456892,0.0,0.0,0.0,0.0,0.0,0.0,-0.4120828296899797,0.0,0.01188132130332531,-0.01188132130332531,0.057414634169036805,-0.019935228591254295,0.017031550407409668,-0.017031550407409668
98000639_2022-05-25,98000639,2022-05-25,57,F,98000018.0,0.638090909090909,-0.0003636363636364548,0.0003636363636364548,0.045530257291216014,0.045530257291216014,-0.10480744793962792,0.10480744793962792,0.0,0.0,0.0,0.0,0.0,0.0,-0.1258286888849427,0.0,0.006475394575351845,0.006475394575351845,0.0007378652577446632,-0.0007378652577446632,0.017579257488250732,0.017579257488250732
98000642_2022-05-25,98000642,2022-05-25,62,M,98000022.0,0.4656190476190476,0.0003636363636363438,0.0003636363636363438,0.025237717456797287,0.025237717456797287,-0.02340655065999342,0.02340655065999342,0.0,0.0,-1.0,1.0,0.0,0.0,-0.18718816178515807,1.0,0.0002928204287986347,-0.0002928204287986347,0.013756051092029042,-0.013756051092029042,0.017501413822174072,-0.017501413822174072
98000645_2022-05-25,98000645,2022-05-25,61,F,98000011.0,0.6463181818181818,0.015000000000000124,0.015000000000000124,0.032386294927877285,0.032386294927877285,-0.05668732657348097,0.05668732657348097,0.0,0.0,-1.0,1.0,0.0,0.0,0.11117156780978728,1.0,0.012093036872673268,-0.012093036872673268,0.06765126825164458,-0.06765126825164458,0.02824467420578003,-0.02824467420578003
98000646_2022-05-25,98000646,2022-05-25,55,M,98000680.0,1.0791904761904765,-0.0018571428571427795,0.0018571428571427795,0.0329512513939455,0.0329512513939455,-0.0595257445032001,0.0595257445032001,0.0,0.0,0.0,0.0,0.0,0.0,-0.32926882490397635,0.0,0.003909170647918847,0.003909170647918847,0.021718410487095108,-0.021718410487095108,0.0027543306350708008,-0.0027543306350708008
98000647_2022-05-25,98000647,2022-05-25,47,M,98000021.0,0.5098636363636364,-0.03359999999999996,0.03359999999999996,-0.030262012979720754,0.030262012979720754,-0.06542406311637089,0.06542406311637089,0.0,0.0,0.0,0.0,0.0,0.0,-0.001152079136963959,0.0,0.023310021796183023,-0.023310021796183023,0.0529086546761095,-0.0529086546761095,0.05667811632156372,-0.05667811632156372
98000648_2022-05-25,98000648,2022-05-25,49,F,98000024.0,0.916190476190476,0.01828571428571446,0.01828571428571446,0.027191434894076216,0.027191434894076216,0.051691668025436,0.051691668025436,0.0,0.0,0.0,0.0,0.0,0.0,-0.22135944225760937,0.0,0.012586760852016043,-0.012586760852016043,0.024005291568069742,-0.024005291568069742,0.009511411190032959,0.009511411190032959
98000649_2022-05-25,98000649,2022-05-25,29,M,98000004.0,0.7113181818181817,0.0053181818181817775,0.0053181818181817775,0.028252026585494305,0.028252026585494305,0.0858144238997948,0.0858144238997948,0.0,0.0,0.0,0.0,0.0,0.0,-0.24903538538547665,0.0,0.0051371309226342365,-0.0051371309226342365,0.012452566857046654,-0.012452566857046654,0.004064440727233887,-0.004064440727233887
98000650_2022-05-25,98000650,2022-05-25,35,M,98000006.0,0.832409090909091,0.0017727272727272592,0.0017727272727272592,-0.015852622361311713,0.015852622361311713,0.0749085863955812,0.0749085863955812,0.0,0.0,0.0,0.0,0.0,0.0,-0.40320112654713786,0.0,0.006277765023835036,-0.006277765023835036,0.04580983332017219,-0.04580983332017219,0.033155977725982666,-0.033155977725982666
98000652_2022-05-25,98000652,2022-05-25,65,F,98000006.0,0.424,-0.01672727272727287,0.01672727272727287,-0.004641761543362988,0.004641761543362988,-0.013023521174243186,0.013023521174243186,0.0,0.0,-1.0,1.0,-1.0,1.0,0.49503050813038446,2.0,0.020409329198037396,-0.020409329198037396,0.03851628145447972,0.03851628145447972,0.025194436311721802,0.025194436311721802
98000655_2022-05-25,98000655,2022-05-25,27,M,98000006.0,0.4402272727272727,0.008571428571428452,0.008571428571428452,0.027803087085235503,0.027803087085235503,0.0622405456743223,0.0622405456743223,0.0,0.0,0.0,0.0,0.0,0.0,-0.2871733139771577,0.0,0.010277895470498288,0.010277895470498288,0.013687340555353922,0.013687340555353922,0.01682913303375244,0.01682913303375244
98000656_2022-05-25,98000656,2022-05-25,44,M,98000012.0,0.9223,-0.03576190476190477,0.03576190476190477,-0.006965120489172527,0.006965120489172527,-0.034609037328094394,0.034609037328094394,0.0,0.0,0.0,0.0,0.0,0.0,-0.22936784154130155,0.0,0.03826245491203806,0.03826245491203806,0.010943581841036165,-0.010943581841036165,0.06187325716018677,0.06187325716018677
98000659_2022-05-25,98000659,2022-05-25,29,F,98000012.0,0.4642105263157894,-0.014409090909090927,0.014409090909090927,0.015698574536788384,0.015698574536788384,0.03282565286169989,0.03282565286169989,0.0,0.0,0.0,0.0,-1.0,1.0,0.28882756077719945,1.0,0.00870200446953362,-0.00870200446953362,0.006704780640826802,-0.006704780640826802,0.01413610577583313,-0.01413610577583313
98000660_2022-05-25,98000660,2022-05-25,64,M,98000009.0,0.51495,0.009857142857142787,0.009857142857142787,0.02936589440208759,0.02936589440208759,-0.0633630116522261,0.0633630116522261,0.0,0.0,-1.0,1.0,0.0,0.0,0.05644321917355943,1.0,0.015640913399464107,-0.015640913399464107,0.03897955641549633,0.03897955641549633,0.013208538293838501,-0.013208538293838501
98000661_2022-05-25,98000661,2022-05-25,20,F,98000019.0,0.6570454545454546,0.01827272727272733,0.01827272727272733,0.053661190149843524,0.053661190149843524,-0.16223853115842468,0.16223853115842468,0.0,0.0,0.0,0.0,0.0,0.0,0.2837629540074586,0.0,0.019047633964887734,0.019047633964887734,0.002531763286448774,-0.002531763286448774,0.012004435062408447,0.012004435062408447
98000663_2022-05-25,98000663,2022-05-25,21,M,98000593.0,0.9754285714285712,-0.00952380952380949,0.00952380952380949,0.0019521047511555367,0.0019521047511555367,-0.06668044601577361,0.06668044601577361,0.0,0.0,0.0,0.0,0.0,0.0,-0.44266228342274316,0.0,0.010618035087057498,0.010618035087057498,0.042622264170115054,-0.042622264170115054,0.008423089981079102,0.008423089981079102
98000666_2022-05-25,98000666,2022-05-25,31,M,98000674.0,0.3802272727272728,-0.020636363636363675,0.020636363636363675,-0.006855877200705962,0.006855877200705962,0.0857405150281373,0.0857405150281373,0.0,0.0,0.0,0.0,0.0,0.0,-0.23786757959522653,0.0,0.014483274169100002,-0.014483274169100002,0.10332191048385103,-0.10332191048385103,0.020964831113815308,-0.020964831113815308
98000667_2022-05-25,98000667,2022-05-25,63,M,98000017.0,0.4040454545454546,0.01076190476190464,0.01076190476190464,0.025125214392289208,0.025125214392289208,0.0721953988646553,0.0721953988646553,0.0,0.0,0.0,0.0,0.0,0.0,-0.25385653354452026,0.0,0.0035560908021440296,0.0035560908021440296,0.011836406778341968,0.011836406778341968,0.00480806827545166,0.00480806827545166
98000669_2022-05-25,98000669,2022-05-25,50,F,98000674.0,0.7180454545454545,-0.06480952380952365,0.06480952380952365,-0.00281144823824242,0.00281144823824242,0.0642249496543841,0.0642249496543841,0.0,0.0,0.0,0.0,0.0,0.0,0.12989839860079003,0.0,0.050048704312399384,-0.0017308382980436576,0.07092538058052789,-0.07092538058052789,0.04848885536193848,-0.03201941386136142
98000670_2022-05-25,98000670,2022-05-25,62,F,98000674.0,0.6804761904761906,-0.04104761904761911,0.04104761904761911,-0.030316683047916626,0.030316683047916626,0.04505594210965738,0.04505594210965738,0.0,0.0,0.0,0.0,0.0,0.0,0.01707342047653727,0.0,0.03167141963147113,0.007572227951294419,0.0352011879136932,0.0352011879136932,0.015752792358398438,0.015752792358398438
98000671_2022-05-25,98000671,2022-05-25,30,M,98000017.0,0.87855,0.013749999999999707,0.013749999999999707,0.06764916820177003,0.06764916820177003,0.05574610381641909,0.05574610381641909,0.0,0.0,0.0,0.0,0.0,0.0,0.02249580957127431,0.0,0.007719159764737915,-0.007719159764737915,0.03002018138879159,-0.03002018138879159,0.030212044715881348,-0.030212044715881348
98000672_2022-05-25,98000672,2022-05-25,52,F,98000674.0,0.5912727272727273,0.029863636363636537,0.029863636363636537,0.0564252972542002,0.0564252972542002,0.004979901973496487,0.004979901973496487,0.0,0.0,0.0,0.0,0.0,0.0,-0.035864293236240546,0.0,0.021982429191276465,0.021982429191276465,0.03388978938642384,0.009580518956008754,0.009666800498962402,0.009666800498962402
98000673_2022-05-25,98000673,2022-05-25,31,F,98000024.0,0.5845714285714285,0.025799999999999934,0.025799999999999934,0.03745080876873971,0.03745080876873971,0.0444120836560805,0.0444120836560805,0.0,0.0,0.0,0.0,0.0,0.0,-0.09384323532699294,0.0,0.01965327905177794,0.01965327905177794,0.032285832999010666,0.032285832999010666,0.026694536209106445,0.0034324974332538005
98000674_2022-05-25,98000674,2022-05-25,44,F,98000351.0,0.7823157894736843,-0.007952380952380822,0.007952380952380822,0.0192743264348596,0.0192743264348596,0.0757037454238241,0.0757037454238241,0.0,0.0,0.0,0.0,0.0,0.0,-0.3131383296645029,0.0,0.015396195945516111,0.015396195945516111,0.035505807102363174,0.0299019235949759,0.02227705717086792,-0.00816208360069659
98000675_2022-05-25,98000675,2022-05-25,27,M,98000009.0,0.4457,-0.027049999999999907,0.027049999999999907,-0.03744584856275912,0.03744584856275912,-0.05262288570388257,0.05262288570388257,0.0,0.0,0.0,0.0,-1.0,1.0,0.6278308429602751,1.0,0.023906550347550626,-0.023906550347550626,0.06964145119396592,-0.06964145119396592,0.05188077688217163,-0.05188077688217163
98000676_2022-05-25,98000676,2022-05-25,35,F,98000001.0,0.7171428571428571,-0.04754545454545467,0.04754545454545467,0.03341667053064157,0.03341667053064157,0.0966665802235413,0.0966665802235413,0.0,0.0,0.0,0.0,0.0,0.0,0.2565357558107011,0.0,0.042163427339453996,-0.042163427339453996,0.029360791649491125,-0.029360791649491125,0.025206685066223145,-0.025206685066223145
98000677_2022-05-25,98000677,2022-05-25,60,M,98000605.0,0.5059500000000001,0.023727272727272597,0.023727272727272597,0.024467087741289306,0.024467087741289306,0.021666969217603194,0.021666969217603194,0.0,0.0,0.0,0.0,0.0,0.0,-0.271310354279495,0.0,0.017280504737187008,0.017280504737187008,0.01802136364292517,0.01802136364292517,0.0145760178565979,0.0145760178565979
98000679_2022-05-25,98000679,2022-05-25,27,F,98000015.0,0.28065,-0.006227272727272692,0.006227272727272692,-0.0053760444300991195,0.0053760444300991195,0.03893130364876418,0.03893130364876418,0.0,0.0,0.0,0.0,0.0,0.0,-0.5342486062990427,0.0,0.004698605874260187,-0.004698605874260187,0.00197482288045131,0.00197482288045131,0.029599696397781372,0.029599696397781372
98000680_2022-05-25,98000680,2022-05-25,59,M,98000216.0,0.6780454545454545,0.036863636363636376,0.036863636363636376,0.06159822269135218,0.06159822269135218,-0.05134799408729049,0.05134799408729049,0.0,0.0,-2.0,2.0,0.0,0.0,0.8402388526082891,2.0,0.030354507970203226,-0.030354507970203226,0.04134274648940239,0.04134274648940239,0.033351242542266846,0.033351242542266846
98000682_2022-05-25,98000682,2022-05-25,33,F,98000674.0,0.4177272727272727,-0.007047619047619025,0.007047619047619025,0.003608902241467815,0.003608902241467815,0.014403162727427102,0.014403162727427102,0.0,0.0,0.0,0.0,0.0,0.0,-0.6095159488539076,0.0,0.0014537655811446282,-0.0014537655811446282,0.0275814664526709,-0.0275814664526709,0.01747944951057434,0.01747944951057434
98000683_2022-05-25,98000683,2022-05-25,28,M,98000002.0,0.5261904761904762,-0.04250000000000009,0.04250000000000009,-0.02038963095995716,0.02038963095995716,0.07693973754618444,0.07693973754618444,0.0,0.0,0.0,0.0,0.0,0.0,0.05672597248632258,0.0,0.03188485600576829,-0.03188485600576829,0.05889398758347508,-0.05889398758347508,0.07215207815170288,-0.06885066316241306
98000684_2022-05-25,98000684,2022-05-25,43,M,98000010.0,0.7806666666666667,-0.030909090909090664,0.030909090909090664,0.06202248421788781,0.06202248421788781,-0.0697404112963872,0.0697404112963872,0.0,0.0,-1.0,1.0,0.0,0.0,0.5188318269159099,1.0,0.02564343511658851,0.02564343511658851,0.03678088862813478,0.0009477153248028669,0.06562674045562744,0.029514466603597134
98000685_2022-05-25,98000685,2022-05-25,26,M,98000726.0,0.3917727272727271,-0.003380952380952318,0.003380952380952318,0.042128679394080715,0.042128679394080715,0.07096037663963431,0.07096037663963431,0.0,0.0,0.0,0.0,0.0,0.0,-0.21676865656562982,0.0,0.0037068264326928224,-0.0037068264326928224,0.03568118822096361,-0.008528937379303547,0.022183001041412354,-0.009329875512556263
98000686_2022-05-25,98000686,2022-05-25,39,F,98000015.0,0.6145714285714285,-0.037272727272727124,0.037272727272727124,-0.010439008792332616,0.010439008792332616,0.026767459350120402,0.026767459350120402,0.0,0.0,0.0,0.0,0.0,0.0,-0.2126102078500278,0.0,0.031903212784076374,0.03066461186089553,0.07133450374013772,0.066524122918317,0.048789262771606445,0.048789262771606445
98000688_2022-05-25,98000688,2022-05-25,43,F,98000680.0,0.4761428571428571,-0.02827272727272756,0.02827272727272756,-0.00881968178992476,0.00881968178992476,0.08232514716941997,0.08232514716941997,0.0,0.0,-1.0,1.0,-1.0,1.0,0.8459523496254384,2.0,0.03435971138043881,-0.03435971138043881,0.002245739688559789,0.002245739688559789,0.02274852991104126,0.02274852991104126
98000689_2022-05-25,98000689,2022-05-25,19,F,98000022.0,0.4013636363636363,-0.009590909090909094,0.009590909090909094,-0.009789408962464718,0.009789408962464718,0.016998262493192702,0.016998262493192702,0.0,0.0,0.0,0.0,0.0,0.0,-0.5329091747801474,0.0,0.0013133801524906064,-0.0013133801524906064,0.032731984477621934,-0.032731984477621934,0.0003854334354400635,0.0003854334354400635
98000690_2022-05-25,98000690,2022-05-25,35,F,98000019.0,0.5032727272727272,-0.001136363636363602,0.001136363636363602,0.001029673999810382,0.001029673999810382,0.1037548300095952,0.1037548300095952,0.0,0.0,0.0,0.0,0.0,0.0,-0.4278672533216183,0.0,0.008858653966478447,-0.008858653966478447,0.0035343044838469506,-0.0035343044838469506,0.0008636713027954102,0.0008636713027954102
98000693_2022-05-25,98000693,2022-05-25,21,F,98000007.0,0.3869999999999999,0.0017142857142856127,0.0017142857142856127,0.028393286515218108,0.028393286515218108,-0.018569570871261376,0.018569570871261376,0.0,0.0,0.0,0.0,0.0,0.0,-0.48173444482039746,0.0,0.0015563541941940873,0.0015563541941940873,0.05095271813057678,-0.0023871507574618755,0.039469242095947266,0.01670127010345479
98000694_2022-05-25,98000694,2022-05-25,35,M,98000007.0,0.4261428571428571,0.009315789473684333,0.009315789473684333,0.040508451461653106,0.040508451461653106,-0.060552912124314795,0.060552912124314795,0.0,0.0,0.0,0.0,0.0,0.0,-0.1967258212469194,0.0,0.010584053162342122,0.010584053162342122,0.019465520636537725,0.018189675321317544,0.0035374462604522705,0.0035374462604522705
98000695_2022-05-25,98000695,2022-05-25,31,F,98000017.0,0.6040909090909092,-0.006000000000000005,0.006000000000000005,-0.024862422095410203,0.024862422095410203,-0.033511053315994604,0.033511053315994604,0.0,0.0,-1.0,1.0,0.0,0.0,-0.10178613768660694,1.0,0.00960006046427575,-0.00960006046427575,0.00030018944627918653,-0.00030018944627918653,0.0011106133460998535,0.0011106133460998535
98000696_2022-05-25,98000696,2022-05-25,42,M,98000017.0,0.60955,-0.002047619047619076,0.002047619047619076,0.028040521344348313,0.028040521344348313,-0.0006327113596305001,0.0006327113596305001,0.0,0.0,0.0,0.0,0.0,0.0,-0.5330611956471921,0.0,0.0012009513371555869,0.0012009513371555869,0.010359662005141823,-0.010359662005141823,0.009647667407989502,0.009647667407989502
98000697_2022-05-25,98000697,2022-05-25,21,F,98000013.0,0.4445714285714287,0.0041818181818182865,0.0041818181818182865,0.007887866939860905,0.007887866939860905,0.04192889188558402,0.04192889188558402,0.0,0.0,0.0,0.0,0.0,0.0,-0.5294010794927958,0.0,0.005833954728361734,0.005833954728361734,0.02438461677650028,0.02438461677650028,0.0013605058193206787,-0.0013605058193206787
98000698_2022-05-25,98000698,2022-05-25,26,F,98000006.0,0.6597999999999999,0.001136363636363824,0.001136363636363824,0.02773441471704452,0.02773441471704452,-0.08135032805165832,0.08135032805165832,0.0,0.0,-1.0,1.0,0.0,0.0,0.007177338062589772,1.0,0.00533775073572329,-0.00533775073572329,0.03326567166556749,-0.03326567166556749,0.007457733154296875,-0.007457733154296875
98000699_2022-05-25,98000699,2022-05-25,29,F,98000011.0,0.6622272727272727,0.0072727272727272085,0.0072727272727272085,0.03656871922921151,0.03656871922921151,-0.0501475584139409,0.0501475584139409,0.0,0.0,0.0,0.0,0.0,0.0,-0.27547890367957256,0.0,0.007432147282991908,-0.007432147282991908,0.001209402058140463,-0.001209402058140463,0.0033617615699768066,0.0033617615699768066
98000700_2022-05-25,98000700,2022-05-25,46,F,98000019.0,0.7570454545454545,0.049904761904761785,0.049904761904761785,0.09125985565556599,0.09125985565556599,0.0153182711198427,0.0153182711198427,0.0,0.0,0.0,0.0,0.0,0.0,0.44261884571246307,0.0,0.03357937333797989,-0.017708138309114885,0.038058740351720965,-0.034752633118063425,0.030276179313659668,-0.002672924128445553
98000702_2022-05-25,98000702,2022-05-25,39,M,98000012.0,0.6840909090909092,0.015047619047619087,0.015047619047619087,0.030772177913145737,0.030772177913145737,-0.0122056023932555,0.0122056023932555,0.0,0.0,-2.0,2.0,0.0,0.0,0.2869160039769468,2.0,0.0006085362927300553,-0.0006085362927300553,0.0076344109823052175,-0.0076344109823052175,0.011081278324127197,-0.011081278324127197
98000703_2022-05-25,98000703,2022-05-25,25,F,98000007.0,0.4379545454545454,0.02814285714285719,0.02814285714285719,0.013257825371095378,0.013257825371095378,-0.0908998358961892,0.0908998358961892,0.0,0.0,0.0,0.0,0.0,0.0,-0.1007368308110208,0.0,0.03093085251037303,0.03093085251037303,0.033147821749936135,0.033147821749936135,0.022471994161605835,0.022471994161605835
98000704_2022-05-25,98000704,2022-05-25,38,F,98000022.0,0.4799090909090909,-0.015142857142857125,0.015142857142857125,0.007392195415353575,0.007392195415353575,-0.098328094302554,0.098328094302554,0.0,0.0,0.0,0.0,0.0,0.0,-0.2544440969908778,0.0,0.0054490131973286005,-0.0054490131973286005,0.0011617032175316178,-0.0011617032175316178,0.018062949180603027,-0.018062949180603027
98000707_2022-05-25,98000707,2022-05-25,54,M,98000003.0,0.2932380952380952,-0.018857142857142906,0.018857142857142906,-0.0263451228398508,0.0263451228398508,0.10213096862210141,0.10213096862210141,0.0,0.0,0.0,0.0,0.0,0.0,-0.07404837828411544,0.0,0.01411137414946334,-0.01411137414946334,0.06568593681435297,-0.06568593681435297,0.03409218788146973,-0.03409218788146973
98000708_2022-05-25,98000708,2022-05-25,52,M,98000605.0,0.5271818181818181,-0.0039999999999998925,0.0039999999999998925,0.02300886731953633,0.02300886731953633,-3.764565282304844e-05,3.764565282304844e-05,0.0,0.0,0.0,0.0,0.0,0.0,-0.5492454049890316,0.0,0.009766649651136272,-0.009766649651136272,0.05284483626226,-0.05284483626226,0.0299072265625,0.0299072265625
98000709_2022-05-25,98000709,2022-05-25,55,F,98000006.0,0.6929047619047619,0.020400000000000085,0.020400000000000085,0.036424760389091315,0.036424760389091315,-0.033226002430133295,0.033226002430133295,0.0,0.0,0.0,0.0,0.0,0.0,-0.1896160588519051,0.0,0.016669445149591455,0.016669445149591455,0.044544530455966735,0.044544530455966735,0.011008799076080322,0.011008799076080322
98000711_2022-05-25,98000711,2022-05-25,25,M,98000018.0,0.5208636363636363,0.00019047619047607434,0.00019047619047607434,0.026315979613168117,0.026315979613168117,0.08659849267610771,0.08659849267610771,0.0,0.0,0.0,0.0,0.0,0.0,-0.3133221153766958,0.0,3.68045854799437e-05,3.68045854799437e-05,0.03014088780492019,-0.03014088780492019,0.00971066951751709,-0.00971066951751709
98000712_2022-05-25,98000712,2022-05-25,63,M,98000002.0,0.6668571428571427,-0.013111111111111073,0.013111111111111073,0.0034145142607633905,0.0034145142607633905,0.0384802612051053,0.0384802612051053,0.0,0.0,0.0,0.0,0.0,0.0,-0.47765065565221354,0.0,0.014568337808639864,-0.014568337808639864,0.008544819300728368,0.008544819300728368,0.010298728942871094,-0.010298728942871094
98000716_2022-05-25,98000716,2022-05-25,47,M,98000002.0,0.6715,0.006380952380952043,0.006380952380952043,0.03391352934983399,0.03391352934983399,-0.10692207069301446,0.10692207069301446,0.0,0.0,0.0,0.0,0.0,0.0,-0.1373418816304307,0.0,0.0005043602413683512,0.0005043602413683512,0.03291158313520637,-0.03291158313520637,0.010358452796936035,-0.010358452796936035
98000717_2022-05-25,98000717,2022-05-25,60,M,98000015.0,1.063904761904762,0.006681818181818122,0.006681818181818122,0.012449651414102814,0.012449651414102814,-0.01647856642721951,0.01647856642721951,0.0,0.0,0.0,0.0,0.0,0.0,-0.5462672818701214,0.0,0.007973837550763863,-0.007973837550763863,0.008264058681605402,0.008264058681605402,0.0204886794090271,0.0204886794090271
98000718_2022-05-25,98000718,2022-05-25,29,M,98000005.0,0.2674545454545454,-0.006318181818181889,0.006318181818181889,-0.003617290006801499,0.003617290006801499,-0.0333033375690463,0.0333033375690463,0.0,0.0,-1.0,1.0,0.0,0.0,-0.2456491086952551,1.0,0.0020114228799610334,-0.0020114228799610334,0.004453743030610413,-0.004453743030610413,0.001994997262954712,0.001994997262954712
98000722_2022-05-25,98000722,2022-05-25,27,F,98000726.0,0.4377727272727272,-0.02922727272727288,0.02922727272727288,-0.011361564934243493,0.011361564934243493,0.1216687845232227,0.1216687845232227,0.0,0.0,0.0,0.0,-1.0,1.0,0.6720126764774382,1.0,0.021186007507263294,-0.021186007507263294,0.020263511186142225,-0.020263511186142225,0.020832747220993042,-0.020832747220993042
98000723_2022-05-25,98000723,2022-05-25,28,M,98000001.0,0.4208636363636364,-0.009863636363636297,0.009863636363636297,0.02177299538845001,0.02177299538845001,0.0099279064339617,0.0099279064339617,0.0,0.0,0.0,0.0,0.0,0.0,-0.468046543613921,0.0,0.004906809869282547,-0.004906809869282547,0.01598254249423431,-0.01598254249423431,0.021790504455566406,-0.021790504455566406
98000724_2022-05-25,98000724,2022-05-25,63,F,98000726.0,0.7309545454545453,-0.03780952380952385,0.03780952380952385,0.026633531563311774,0.026633531563311774,0.045965819408914615,0.045965819408914615,0.0,0.0,-1.0,1.0,0.0,0.0,0.27692861958295273,1.0,0.029866342096838916,0.029866342096838916,0.06431247574762711,0.03889666236975364,0.01675790548324585,0.01675790548324585
98000725_2022-05-25,98000725,2022-05-25,48,F,98000018.0,0.5988571428571428,0.03904761904761911,0.03904761904761911,0.018968019860559793,0.018968019860559793,-0.06297791087422389,0.06297791087422389,0.0,0.0,-1.0,1.0,0.0,0.0,0.2865518721428211,1.0,0.034511484502689815,0.034511484502689815,0.05902587807153903,0.05902587807153903,0.05404454469680786,0.05404454469680786
98000726_2022-05-25,98000726,2022-05-25,46,M,98000443.0,0.5083181818181819,0.005399999999999905,0.005399999999999905,0.01804092584189479,0.01804092584189479,-0.07259094630950991,0.07259094630950991,0.0,0.0,0.0,0.0,0.0,0.0,-0.3572229829776911,0.0,0.004854410510094276,0.004854410510094276,0.02996489676165276,-0.005400124168609188,0.015508383512496948,-0.007258854280818738
98000727_2022-05-25,98000727,2022-05-25,54,M,98000680.0,0.9356,0.037090909090909285,0.037090909090909285,0.044046730678480805,0.044046730678480805,-0.26345634189984707,0.26345634189984707,0.0,0.0,0.0,0.0,0.0,0.0,0.7081752283018187,0.0,0.028366621127059677,0.028366621127059677,0.016226119883031798,0.016226119883031798,0.03393912315368652,0.03099640731811526
98000728_2022-05-25,98000728,2022-05-25,31,M,98000680.0,0.4148095238095239,0.005714285714285783,0.005714285714285783,-0.0034069378886300017,0.0034069378886300017,-0.003919741346519706,0.003919741346519706,0.0,0.0,0.0,0.0,0.0,0.0,-0.6553458495644628,0.0,0.01218714521981884,-0.005167825755817701,0.036072356740481926,-0.036072356740481926,0.005651414394378662,0.005651414394378662
98000729_2022-05-25,98000729,2022-05-25,52,F,98000015.0,0.6982727272727275,0.02000000000000024,0.02000000000000024,0.03891391911743189,0.03891391911743189,0.04551074920256201,0.04551074920256201,0.0,0.0,0.0,0.0,0.0,0.0,-0.14074034477087352,0.0,0.008672992185128625,0.008672992185128625,0.01603317315378683,0.01603317315378683,0.026229381561279297,0.026229381561279297
98000731_2022-05-25,98000731,2022-05-25,50,M,98000726.0,0.8098181818181819,0.009636363636363443,0.009636363636363443,0.03596772632006312,0.03596772632006312,-0.17739529576515148,0.17739529576515148,0.0,0.0,0.0,0.0,0.0,0.0,0.11630837026342415,0.0,0.012379411104913807,-0.012379411104913807,0.02378707853709905,-0.008382921993955295,0.027184665203094482,-0.022158391128886956
98000732_2022-05-25,98000732,2022-05-25,43,F,98000001.0,0.6985263157894738,0.007428571428571451,0.007428571428571451,0.03601573841759009,0.03601573841759009,-0.11942555978294836,0.11942555978294836,0.0,0.0,0.0,0.0,0.0,0.0,-0.07547253101969645,0.0,0.01177383828917411,0.01177383828917411,0.004721074972036776,-0.004721074972036776,0.0035550594329833984,0.0035550594329833984
98000733_2022-05-25,98000733,2022-05-25,30,M,98000015.0,0.6679545454545455,-0.0020999999999999908,0.0020999999999999908,0.021263630092017427,0.021263630092017427,0.023899406612037405,0.023899406612037405,0.0,0.0,0.0,0.0,-1.0,1.0,0.17341107584661172,1.0,0.002740133514707477,0.002740133514707477,0.006464440547847672,-0.006464440547847672,0.02388662099838257,-0.02388662099838257
98000734_2022-05-25,98000734,2022-05-25,25,F,98000015.0,0.3042727272727272,-0.0072727272727273196,0.0072727272727273196,0.005323286312359787,0.005323286312359787,-0.026890381473509292,0.026890381473509292,0.0,0.0,-1.0,1.0,0.0,0.0,-0.2426909677497604,1.0,0.0015204002042206177,-0.0015204002042206177,0.0026686075997169323,-0.0026686075997169323,0.012643277645111084,-0.012643277645111084
98000735_2022-05-25,98000735,2022-05-25,40,M,98000019.0,0.8802857142857143,0.012714285714285789,0.012714285714285789,0.03485514173361537,0.03485514173361537,-0.017063849662069308,0.017063849662069308,0.0,0.0,-1.0,1.0,0.0,0.0,-0.011170264365702407,1.0,0.010083002052689527,-0.010083002052689527,0.01005725524093748,-0.01005725524093748,0.03558903932571411,0.03558903932571411
98000737_2022-05-25,98000737,2022-05-25,57,F,98000017.0,0.5786818181818182,0.04414285714285704,0.04414285714285704,-0.018182489352043862,0.018182489352043862,-0.06464243845252038,0.06464243845252038,0.0,0.0,0.0,0.0,0.0,0.0,0.02265847755937971,0.0,0.03577113954168187,0.03577113954168187,0.06237660309981863,0.06237660309981863,0.11186277866363525,0.11186277866363525
98000739_2022-05-25,98000739,2022-05-25,32,M,98000024.0,0.4602727272727271,-0.01657142857142857,0.01657142857142857,0.003355963364227499,0.003355963364227499,0.007529991551675302,0.007529991551675302,0.0,0.0,0.0,0.0,0.0,0.0,-0.532476029852969,0.0,0.011167381478545513,-0.011167381478545513,0.021326780695348102,0.014114207145051294,0.007724881172180176,0.004545267148451049
98000741_2022-05-25,98000741,2022-05-25,56,F,98000680.0,0.883818181818182,-0.007000000000000006,0.007000000000000006,-0.007982825642565305,0.007982825642565305,0.0601789372682244,0.0601789372682244,0.0,0.0,0.0,0.0,0.0,0.0,-0.4462297466136383,0.0,0.007983158663618095,-0.007983158663618095,0.023197940697393227,-0.023197940697393227,0.022517919540405273,-0.022517919540405273
98000742_2022-05-25,98000742,2022-05-25,36,M,98000021.0,0.4044761904761905,0.009272727272727266,0.009272727272727266,0.03335985162708449,0.03335985162708449,0.0441772775602292,0.0441772775602292,0.0,0.0,0.0,0.0,0.0,0.0,-0.29428322391413236,0.0,0.006249554520474931,0.006249554520474931,0.0018407856293463087,-0.0018407856293463087,0.012666642665863037,0.012666642665863037
98000743_2022-05-25,98000743,2022-05-25,55,F,98000004.0,0.4443809523809523,-0.008454545454545381,0.008454545454545381,0.021079067492791703,0.021079067492791703,-0.04494281787298049,0.04494281787298049,0.0,0.0,0.0,0.0,-1.0,1.0,0.2995104275939468,1.0,0.0003454750893421843,-0.0003454750893421843,0.015897536960659375,0.015897536960659375,0.0025757551193237305,-0.0025757551193237305
98000744_2022-05-25,98000744,2022-05-25,41,F,98000726.0,0.7418636363636364,0.02076190476190476,0.02076190476190476,0.006823477202392708,0.006823477202392708,-0.07006501950585199,0.07006501950585199,0.0,0.0,0.0,0.0,0.0,0.0,-0.28254062701053945,0.0,0.024693953430233617,-0.024693953430233617,0.05307302051077856,-0.002734976320731608,0.020914793014526367,-0.01131766674735335
98000745_2022-05-25,98000745,2022-05-25,27,M,98000017.0,0.4933333333333334,0.023318181818181793,0.023318181818181793,0.020404377737937393,0.020404377737937393,0.0662853660434118,0.0662853660434118,0.0,0.0,0.0,0.0,0.0,0.0,-0.17335378704767146,0.0,0.02299935298230893,0.02299935298230893,0.036254222451168994,0.02950162478691093,0.024382710456848145,0.024382710456848145
98000746_2022-05-25,98000746,2022-05-25,27,M,98000674.0,0.5252857142857144,0.01090909090909098,0.01090909090909098,0.031228450129419827,0.031228450129419827,-0.0076911905811573,0.0076911905811573,0.0,0.0,0.0,0.0,0.0,0.0,-0.39849610778330397,0.0,0.014282641395550688,0.014282641395550688,0.004232414647347804,-0.004232414647347804,0.03290915489196777,0.010155094827924316
98000747_2022-05-25,98000747,2022-05-25,50,M,98000001.0,0.8514545454545456,0.06063157894736837,0.06063157894736837,0.09479423891164762,0.09479423891164762,0.08004749266657318,0.08004749266657318,0.0,0.0,0.0,0.0,-1.0,1.0,1.452028881589705,1.0,0.043912607849480145,-0.00527687664519505,0.015790945367926246,0.015790945367926246,0.01573765277862549,-0.01573765277862549
98000748_2022-05-25,98000748,2022-05-25,64,F,98000019.0,0.402095238095238,0.009476190476190527,0.009476190476190527,0.011021398225994905,0.011021398225994905,-0.058518507263113084,0.058518507263113084,0.0,0.0,-1.0,1.0,0.0,0.0,-0.08819948071435717,1.0,0.01199570623794144,0.01199570623794144,0.015780897993459997,-0.015780897993459997,0.03055804967880249,0.03055804967880249
98000749_2022-05-25,98000749,2022-05-25,46,F,98000009.0,0.6258636363636363,0.01463636363636367,0.01463636363636367,0.04218739563585999,0.04218739563585999,0.013496537952854215,0.013496537952854215,0.0,0.0,0.0,0.0,0.0,0.0,-0.26726722479549814,0.0,0.01278495752242903,0.01278495752242903,0.02744006585698855,0.02744006585698855,0.010241270065307617,0.010241270065307617
98000752_2022-05-25,98000752,2022-05-25,38,M,98000003.0,0.9048095238095236,0.011190476190475973,0.011190476190475973,0.011814264169006994,0.011814264169006994,0.17821414986686923,0.17821414986686923,0.0,0.0,0.0,0.0,0.0,0.0,-0.03179389079829049,0.0,0.005267646941882087,-0.005267646941882087,0.022354432072662855,-0.022354432072662855,0.025974631309509277,-0.025974631309509277
98000753_2022-05-25,98000753,2022-05-25,27,F,98000024.0,0.4902500000000001,0.0223809523809525,0.0223809523809525,0.04342263064377322,0.04342263064377322,-0.0402847965738762,0.0402847965738762,0.0,0.0,0.0,0.0,0.0,0.0,-0.100178803800875,0.0,0.025773297262355555,0.025773297262355555,0.015996238762500226,0.015996238762500226,0.02367788553237915,0.02367788553237915
98000754_2022-05-25,98000754,2022-05-25,32,F,98000004.0,0.55245,-0.016454545454545277,0.016454545454545277,0.010067243925904606,0.010067243925904606,0.0405331811934342,0.0405331811934342,0.0,0.0,-1.0,1.0,0.0,0.0,-0.07484900155946501,1.0,0.006789774756167377,0.006789774756167377,0.009165965946311583,0.009165965946311583,0.009873569011688232,0.009873569011688232
98000756_2022-05-25,98000756,2022-05-25,63,M,98000018.0,0.8898095238095236,0.044952380952380744,0.044952380952380744,0.0025954612700475055,0.0025954612700475055,-0.015688957836999917,0.015688957836999917,0.0,0.0,0.0,0.0,-1.0,1.0,0.46542143101140615,1.0,0.03405109466110401,0.03405109466110401,0.031923211493824044,0.031923211493824044,0.011831879615783691,0.011831879615783691
98000757_2022-05-25,98000757,2022-05-25,32,M,98000680.0,0.5478571428571429,-0.01835000000000009,0.01835000000000009,-0.009297906365856423,0.009297906365856423,-0.014424768063823507,0.014424768063823507,0.0,0.0,-1.0,1.0,0.0,0.0,-0.1366870616027782,1.0,0.030444921879444364,-0.030444921879444364,0.017554806088390218,-0.017554806088390218,0.0016198158264160156,0.0016198158264160156
98000758_2022-05-25,98000758,2022-05-25,27,M,98000019.0,0.8256190476190477,-0.016454545454545166,0.016454545454545166,0.08342859421010201,0.08342859421010201,-0.0821353180674774,0.0821353180674774,0.0,0.0,0.0,0.0,0.0,0.0,0.2364426850297349,0.0,0.026839065167765574,-0.026839065167765574,0.03140398367496111,0.03140398367496111,0.041743457317352295,0.041743457317352295
98000760_2022-05-25,98000760,2022-05-25,38,F,98000674.0,0.5150454545454545,-0.042285714285714315,0.042285714285714315,-0.013572350538170075,0.013572350538170075,0.0135040334628024,0.0135040334628024,0.0,0.0,0.0,0.0,0.0,0.0,-0.1776784547631315,0.0,0.0364467336010697,0.0364467336010697,0.042608841888021554,0.042608841888021554,0.04117265343666077,0.04117265343666077
98000761_2022-05-25,98000761,2022-05-25,45,F,98000605.0,0.7689999999999999,-0.06590476190476191,0.06590476190476191,-0.0031713746093557094,0.0031713746093557094,0.08122853256248957,0.08122853256248957,0.0,0.0,0.0,0.0,0.0,0.0,0.19337742959003798,0.0,0.06322605840147011,-0.06322605840147011,0.05975146662118913,-0.05975146662118913,0.05541139841079712,-0.05541139841079712
98000762_2022-05-25,98000762,2022-05-25,39,F,98000011.0,0.6994761904761904,0.006850000000000134,0.006850000000000134,0.0439165713172108,0.0439165713172108,0.0228765147143681,0.0228765147143681,0.0,0.0,-2.0,2.0,0.0,0.0,0.32365632499785374,2.0,0.005344491995741496,-0.005344491995741496,0.011635201219283409,-0.011635201219283409,0.0005050897598266602,0.0005050897598266602
98000763_2022-05-25,98000763,2022-05-25,27,F,98000021.0,0.7106818181818181,0.04222727272727267,0.04222727272727267,0.04594876348457963,0.04594876348457963,-0.2298231373667694,0.2298231373667694,0.0,0.0,0.0,0.0,0.0,0.0,0.6764394892564723,0.0,0.03151780106198376,0.03151780106198376,0.022711839546547652,0.022711839546547652,0.05381977558135986,0.05381977558135986
98000764_2022-05-25,98000764,2022-05-25,50,F,98000021.0,0.4160454545454545,-0.030681818181818143,0.030681818181818143,0.02359098145973912,0.02359098145973912,-0.04611368999766591,0.04611368999766591,0.0,0.0,-1.0,1.0,0.0,0.0,0.18239421140844356,1.0,0.02396335164363128,-0.02396335164363128,0.020489674795562962,-0.020489674795562962,0.03544950485229492,-0.03544950485229492
98000766_2022-05-25,98000766,2022-05-25,46,F,98000004.0,0.5187272727272727,-0.011333333333333417,0.011333333333333417,0.013189047322986924,0.013189047322986924,-0.058361508452535696,0.058361508452535696,0.0,0.0,-1.0,1.0,0.0,0.0,-0.05442932365400602,1.0,0.00499425967119449,-0.00499425967119449,0.01201422628568427,0.01201422628568427,0.011706650257110596,-0.011706650257110596
98000767_2022-05-25,98000767,2022-05-25,49,M,98000012.0,0.6815454545454546,0.01715,0.01715,0.028238090284907813,0.028238090284907813,0.08952805453592008,0.08952805453592008,0.0,0.0,0.0,0.0,0.0,0.0,-0.11549235743934827,0.0,0.011425602101271748,0.011425602101271748,0.028221373414440865,-0.028221373414440865,0.04084402322769165,0.04084402322769165
98000768_2022-05-25,98000768,2022-05-25,37,F,98000022.0,0.4444545454545455,-0.01799999999999996,0.01799999999999996,0.012004404114473705,0.012004404114473705,0.1086678250045382,0.1086678250045382,0.0,0.0,0.0,0.0,0.0,0.0,-0.1627943055209401,0.0,0.011757171091033358,-0.011757171091033358,0.008613316622690603,-0.008613316622690603,0.005861461162567139,-0.005861461162567139
98000769_2022-05-25,98000769,2022-05-25,32,M,98000011.0,0.4101428571428571,0.009409090909091089,0.009409090909091089,0.017589150428986206,0.017589150428986206,0.0310845154430644,0.0310845154430644,0.0,0.0,0.0,0.0,-1.0,1.0,0.24489374194571875,1.0,0.008417846844886279,0.008417846844886279,0.019189951409691097,0.019189951409691097,0.0019618868827819824,-0.0019618868827819824
98000770_2022-05-25,98000770,2022-05-25,18,F,98000003.0,0.626095238095238,-0.003409090909090806,0.003409090909090806,-0.0039770855926909154,0.0039770855926909154,-0.034148232670314804,0.034148232670314804,0.0,0.0,0.0,0.0,0.0,0.0,-0.5871091224852982,0.0,0.00044061246226645423,0.00044061246226645423,0.010537064686164777,0.010537064686164777,0.008749544620513916,0.008749544620513916
98000771_2022-05-25,98000771,2022-05-25,25,M,98000021.0,0.8644545454545454,0.0019000000000000128,0.0019000000000000128,-0.0023125476250084875,0.0023125476250084875,-0.004431907865890816,0.004431907865890816,0.0,0.0,0.0,0.0,0.0,0.0,-0.7009883145419615,0.0,0.003670276299548858,-0.003670276299548858,0.01319247871806728,-0.01319247871806728,0.009535014629364014,-0.009535014629364014
98000772_2022-05-25,98000772,2022-05-25,35,M,98000013.0,0.8615,0.020238095238095388,0.020238095238095388,0.057344776564054956,0.057344776564054956,-0.07060458958517207,0.07060458958517207,0.0,0.0,0.0,0.0,-1.0,1.0,0.7468874275356251,1.0,0.018652347295534777,-0.018652347295534777,0.021756514400185445,-0.021756514400185445,0.004171788692474365,-0.004171788692474365
98000773_2022-05-25,98000773,2022-05-25,51,F,98000593.0,0.7990909090909092,0.026818181818181852,0.026818181818181852,0.056167153856779894,0.056167153856779894,-0.056323228132049805,0.056323228132049805,0.0,0.0,0.0,0.0,0.0,0.0,0.08060393165693193,0.0,0.022761158087055144,-0.022761158087055144,0.07405695969152437,-0.014247011659866304,0.034252166748046875,-0.013315056020563487
98000774_2022-05-25,98000774,2022-05-25,32,M,98000001.0,0.76365,-0.01770000000000016,0.01770000000000016,0.029989229716082588,0.029989229716082588,0.1327042334645292,0.1327042334645292,0.0,0.0,0.0,0.0,0.0,0.0,0.028315688014435004,0.0,0.01731496718809844,-0.01731496718809844,0.05996214713157655,-0.05996214713157655,0.01857680082321167,-0.01857680082321167
98000775_2022-05-25,98000775,2022-05-25,32,F,98000018.0,0.3116190476190476,0.002590909090909088,0.002590909090909088,-0.007242784021287391,0.007242784021287391,-0.017768470734679992,0.017768470734679992,0.0,0.0,0.0,0.0,0.0,0.0,-0.6208805892241147,0.0,0.00900300277321675,0.00900300277321675,0.002758338654284931,0.002758338654284931,0.014870256185531616,-0.014870256185531616
98000776_2022-05-25,98000776,2022-05-25,51,F,98000003.0,0.6364285714285713,0.009454545454545493,0.009454545454545493,0.02679689097903204,0.02679689097903204,-0.07474754285417912,0.07474754285417912,0.0,0.0,0.0,0.0,0.0,0.0,-0.24844432052477983,0.0,0.014106021644668676,-0.014106021644668676,0.07949473113764949,-0.04931623242446159,0.02028113603591919,-0.02028113603591919
98000777_2022-05-25,98000777,2022-05-25,28,F,98000024.0,0.6694090909090907,0.009588235294117675,0.009588235294117675,0.05001123743162639,0.05001123743162639,-0.053438314509122814,0.053438314509122814,0.0,0.0,0.0,0.0,0.0,0.0,-0.1491089847068544,0.0,0.014245459730473198,-0.014245459730473198,0.01301683418353805,0.01301683418353805,0.04106348752975464,-0.032022763555699774
